terme_ticket,symbole,cooc,df_terme,df_symbole,pmi,confiance,exemples_pr
import,AdminImportController,267,450,693,5.2,0.59,"Location field import || Fix product csv import wiping category assignments, fixes #3 || Fix product import for Product page v2."
admincontroller,AdminController,157,199,1763,4.26,0.79,Update AdminController.php || Update classes/controller/AdminController.php || Missing translation domains in AdminController.
tools,Tools,179,267,1134,4.67,0.67,"Added missing attributes for <video> elementoop, muted, and  || Tools::redirectAdmin adds the admin base URL to avoid incorr || Legacy pages must use Symfony token when symfony layout is e"
cart,Cart,317,913,1054,3.82,0.35,Clear checkout session data when duplicating the cart. || [feat] Add hook actionCartDuplicate to allow modules to dupl || Pull request to fix a parameter issue in a hook triggered wi
adminproductscontroller,AdminProductsController,116,123,1561,4.7,0.94,Properly generate in AdminProductsController || Fix `AdminProductsController` minor code issue || [PSR2] AdminProductsController correct else elseif
objectmodel,ObjectModel,124,148,440,6.35,0.84,"Add new Validate::isRequiredOnline validation method, also i || Update classes/ObjectModel.php || Update classes/ObjectModel.php"
product,Product,484,2501,1478,2.49,0.19,"migrate product attribute groups SQL to DbQuery class || Added index ""shop_tax"" to the table ""product_shop"" and optim || Update Product.php"
product,AdminProductsController,472,2501,1561,2.38,0.19,generate multiple image format at product creation || 27599 - Fix product state multishop || Fix supplier / product v1 association
module,Module,293,1049,884,3.76,0.28,Fix typed properties in module overrides || Avoid duplicates in possible module hooks || Update: Correct @see reference for module tabs
dispatcher,Dispatcher,97,116,314,6.84,0.84,Update Dispatcher.php || add dispatcher public method to set the front controller || add dispatcher public method to set the controller
admintranslationscontroller,AdminTranslationsController,67,69,621,6.07,0.97,Update AdminTranslationsController.php || Update AdminTranslationsController.php || Update AdminTranslationsController.php
csv,AdminImportController,100,159,693,5.28,0.63,"Fix product csv import wiping category assignments, fixes #3 || BO: Fixed bug where only 5 store contacts were imported (csv || BO: Fix CSV import on PHP 7"
supply,AdminSupplyOrdersController,86,118,311,6.65,0.73,BO: fix supply order for ASM || [-] BO : Fix #PSCSX-5738 duplicate product on supply order || [-] BO : Fix #PSCSX-533 first supply order real quantity pen
csv import,AdminImportController,61,61,693,5.95,1.0,"Fix product csv import wiping category assignments, fixes #3 || BO: Fixed bug where only 5 store contacts were imported (csv || BO: Fix CSV import on PHP 7"
productcontroller,ProductController,60,62,941,5.47,0.97,Added the 'layoutTitle' variable in the ProductController::r || fix cart_quantity in front ProductController || Fix min qty in front ProductController on ajax refresh
supply orders,AdminSupplyOrdersController,59,68,311,6.91,0.87,"[*] BO : supply orders fixs || [-] BO : FixBug #PSCSX-948 - Fix new supply orders template  || [-] Fix #PSCSX-919, Unique supplier list for Supply Orders"
stockmanager,StockManager,55,59,188,7.73,0.93,Fix StockManager.php PHPDOC || Fix StockManager.php PHPDOC || CO: Add missing Phpdoc in StockManager
frontcontroller,FrontController,51,55,898,5.47,0.93,Update FrontController.php || Fix use of front_legacy_context constant in FrontController || Update FrontController.php
adminproducts,AdminProductsController,52,62,1561,4.53,0.84,BO: Redirect old adminproducts url to new controller || [-] BO: Handle combinated taxes on AdminProducts || [-] BO: Handle combinated taxes on AdminProducts
adminthemes,AdminThemesController,46,49,420,6.59,0.94,BO: add isEditGranted method in AdminThemes controller || // BO: AdminThemes redirect after action || // adminthemes : removed filters
adminimportcontroller,AdminImportController,43,43,693,5.95,1.0,Update AdminImportController.php || Update AdminImportController.php || Update AdminImportController.php
helperlist,HelperList,47,54,316,6.89,0.87,Add `force_hide_bulk_actions_btn` in HelperList for AdminCar || Fix helperlist callback is not called when row data is null || Helperlist optimization
orderhistory,OrderHistory,41,43,215,7.57,0.95,Replace additional column in OrderHistory with tracking via  || Add api_client_id string in OrderHistory this allows trackin || Remove OrderHistory deprecated function
hook,Hook,127,459,347,5.1,0.28,add new module hook filter service || Update classes/Hook.php || chore(api): added complete hook query
translations,AdminTranslationsController,126,445,621,4.29,0.28,Use array short tag in translations files || Avoid errors display when Emails translations lang.php does  || Unable to copy theme translations
adminsupplierorderscontroller,AdminSupplierOrdersController,34,34,70,9.26,1.0,// AdminSupplierOrdersController : litle fix on content disp || // AdminSupplierOrdersController : litle fix on content disp || // AdminSupplierOrdersController : litle fix on content disp
adminimport,AdminImportController,34,34,693,5.95,1.0,[*] BO : fix CS issues in AdminImport controller || // AdminImport: better sentence arrangement. || // fixed bug with ordering of JS files in AdminImport
modules,AdminModulesController,138,576,564,4.19,0.24,"Remove unused contextual list of modules aka ""tab modules"" a || // display the prefered modules popin || [*] BO : modules new categories ""Customer Reviews"", ""Social "
cart,CartRule,174,913,451,4.18,0.19,[FO] Fix cart value amount || Add cart rule module validation || Handle advanced setter and add example test for edit cart ru
wizard,AdminCarrierWizardController,34,35,83,8.97,0.97,"BO: Display active zones first in Carrier wizard and flag in || BO: Display right tax info in carrier wizard || [-] BO : Fix #PSCSX-6687, commas in carrier prices wizard"
cart rules,CartRule,80,195,451,5.29,0.41,Prevent removing non restricted cart rules || also check cart rules not related to an order yet || Fix order cart rules calculation
htaccess,Tools,52,85,1134,4.53,0.61,Improve htaccess generation || Change htaccess directive to a RewriteRule because Directory || Protect .git folder with htaccess
paymentmodule,PaymentModule,41,53,455,6.19,0.77,Update classes/PaymentModule.php || Update PaymentModule.php || Fixed PaymentModule comment regarding number string compare
refund,AdminOrdersController,46,69,700,5.35,0.67,BO: Display shipping max. refundable amount in order partial || BO: partial refund tax method always tax incl. || Fix: partial refund tax method always tax incl.
theme,AdminThemesController,127,525,420,4.63,0.24,Reduced permission levels for theme edition || Theme conf json file is not a cache file ! || BO: Do not display add theme button if the user can't
product import,AdminImportController,35,41,693,5.73,0.85,"Fix product import for Product page v2. || Allow product import to change previous id_category_default  || [-] BO : CSV import combinations: remove ""delete images"" fea"
cartrule,CartRule,43,62,451,6.05,0.69,"Improve CartRule name validation, the only required lovalize || CartRule name is only required when the CartRule is active ||  unify discount and action constraints into single CartRule "
carrier wizard,AdminCarrierWizardController,30,31,83,8.97,0.97,BO: Display active zones first in Carrier wizard and flag in || BO: Display right tax info in carrier wizard || [*] BO : Carrier Wizard  - Status/Enabled switch
categorycontroller,CategoryController,28,28,324,7.05,1.0,Move one endpoint into correct CategoryController || Update src/PrestaShopBundle/Controller/Admin/Sell/Catalog/Ca || Update CategoryController.php
product,ProductController,261,2501,941,2.25,0.1,"fix product filters for csv export || Add adtoken and id_employee when switching previewed combina || Turn multistore product header into a Twig component, fix UI"
adminmodulescontroller,AdminModulesController,28,30,564,6.15,0.93,Fix AdminModulesController fatal error || Update AdminModulesController.php || Update AdminModulesController.php
category,Category,136,724,436,4.21,0.19,Category::getParentsCategories only returns the Root categor || Add 'product Sales' to default product sort parameter and in || Fix category shop association
partial refund,AdminOrdersController,30,35,700,5.72,0.86,BO: Display shipping max. refundable amount in order partial || BO: partial refund tax method always tax incl. || Fix: partial refund tax method always tax incl.
modules,Module,122,576,884,3.36,0.21,"Log actions on modules : install, unistall, upgrade || Make Twig accessible for modules inside hooks || Fix uninstalling modules with deleted hooks."
opc,OrderOpcController,47,87,222,6.71,0.54,// OPC: Fix duplication of customer and addresses || // OPC: save address and create guest customer || // StarterTheme: Add address form to OPC With error manageme
module class,Module,27,29,884,5.5,0.93,Fix potential warning on getPosition method of Module class || Add validateDashConfig and saveDashConfig for Module class || Fix phpdoc on Module class
adminsupplyorderscontroller,AdminSupplyOrdersController,25,25,311,7.11,1.0,BO: clean AdminSupplyOrdersController || // AdminSupplyOrdersController: wording. || // AdminSupplyOrdersController: strings updates.
adminorderscontroller,AdminOrdersController,25,25,700,5.94,1.0,// AdminOrdersController.php: wording || //AdminOrdersController.php: wording || Cannot access return array in AdminOrdersController.php
categories,Category,90,338,436,4.71,0.27,WS: Auto generate link_rewrite and do not require it when cr || Fix Category::getParentsCategories when there are several ca || Optimize regenerateEntireNtree to execute NTree recompute qu
adminthemescontroller,AdminThemesController,24,24,420,6.68,1.0,`AdminThemesController::postProcess()`` refacto (methods ext || Fixed regressions in AdminThemesController after auth simpli || Simplified auth + errors handling in AdminThemesController
specificprice,SpecificPrice,30,38,157,7.75,0.79,Remove deprecated method `setPriorities` in class `SpecificP || Better performance in SpecificPrice with less changes. || Update classes/SpecificPrice.php
cart rule,CartRule,60,155,451,5.2,0.39,"Add cart rule module validation || Handle advanced setter and add example test for edit cart ru || Add the minimum required to the error message, when trying t"
module,AdminModulesController,156,1049,564,3.5,0.15,Fix module configuration offset on top of the page || Remove obsolete module quick view features || Add module RTL stylesheets generator
adminshopcontroller,AdminShopController,23,23,263,7.35,1.0,"Remove useless comments AdminShopController || [-] BO : AdminShopController -> add translation || [*] BO: updating labels and descriptions, and made a string "
adminmodules,AdminModulesController,28,34,564,5.97,0.82,Further simplify AdminModules || BO: Fix error while reaching AdminModules || [*] BO : AdminModules : the user is now prompted when reseti
rules,CartRule,91,358,451,4.6,0.25,Prevent removing non restricted cart rules || also check cart rules not related to an order yet || Fix order cart rules calculation
backoffice order,AdminCartsController,37,62,217,6.88,0.6,// fix random bugs on backoffice order || // Fix various bugs with customized products in backoffice o || // Fix various bugs with customized products in backoffice o
link,Link,92,389,416,4.61,0.24,Code refactoring Link.php || Remove special case for Link generation for product page || Allow modules to provide language link params in correct lan
adminwarehousescontroller,AdminWarehousesController,22,22,171,7.97,1.0,[-] BO: Fix function return value in write context in AdminW || // AdminWarehousesController.php: wording || // AdminWarehousesController.php: wording (PSCSX-2845)
mail,Mail,58,158,194,6.34,0.37,Update Mail.php || Mail: add PS_MAIL_SUBJECT_PREFIX to control [Foo] subject pr || Use valid objectType in Mail class.
supplyorders,AdminSupplyOrdersController,24,27,311,6.94,0.89,// Improved SupplyOrders : states & history of reception || // Improved SupplyOrders : states & history of reception || // Improved SupplyOrders : states & history of reception
order,AdminOrdersController,178,1475,700,2.89,0.12,Escape Order message || Remove legacy files for Order page || Update order_cart_rules when order currency changes
categories multishop,AdminCategoriesController,21,21,368,6.87,1.0,[-] BO : BugFix : #PSCFV-2300 : Bug on categories position / || [-] BO : BugFix : #PSCFV-2300 : Bug on categories position / || [-] BO : BugFix : #PSCFV-2300 : Bug on categories position /
free,Cart,51,124,1054,4.07,0.41,fix free shipping not null voucher || BO: Let modules have a word for carrier set as free by the c || CO: fixed bug when reorder with free gift in the cart
language,Language,89,390,336,4.87,0.23,Fix installer language container not found || Improve language and locale interfaces they now use explicit || Update Language.php
validateorder,PaymentModule,22,24,455,6.44,0.92,Improve validateOrder comment || Simplify huge IF-ELSE blocks in validateOrder || Added order_ref. It's possible now to generate an order refe
htaccess generation,Tools,23,26,1134,5.07,0.88,Improve htaccess generation || [-] CORE : Fix #PSCSX-3480 htaccess generation with media se || [-] BO: Fix htaccess generation for subfolders installation
autoload,Autoload,33,54,91,8.17,0.61,// fix Autoload::getClassPath 1.6 || // fix Autoload::getClassPath 1.6 || // store type of classes on autoload class_index
shipping,Cart,67,220,1054,3.63,0.3,"In checkout, shipping method is not displayed if cart is onl || Cart can compute, products, order totals, shipping based on  || fix free shipping not null voucher"
adminrequestsqlcontroller,AdminRequestSqlController,20,20,74,9.18,1.0,Removed deprecated controller `AdminRequestSqlController` || Add deprecation notice to legacy controllers to-be-removed A || Restore legacy controller AdminRequestSqlController for Sql 
stockcover,AdminStockCoverController,20,20,97,8.79,1.0,// Fixed bug when associating Suppliers. Fixed StockCover || // Fixed bug when associating Suppliers. Fixed StockCover || // Fixed bug when associating Suppliers. Fixed StockCover
link class,Link,20,20,416,6.69,1.0,Add extension support to other functions in Link class || Remove related layered_rule old stuff in Link class || Update php docs for link class
ordercontroller,OrderController,20,20,547,6.3,1.0,refacto(bo): OrderController replace FormHandler by FormHand || refacto(bo): OrderController || Update src/PrestaShopBundle/Controller/Admin/Sell/Order/Orde
category import,AdminImportController,20,20,693,5.95,1.0,"- fix category import when force Id is not used - make sure  || [-] BO : Fix bug #PSCSX-3703, invalid date_add after categor || // category import : is_root_category added"
categories,AdminCategoriesController,82,338,368,4.82,0.24,"remove legacy categories code || // Integrate categories menu miniatures in the core || [-] Bo : Fix #PSCSX-6667, bad action display when sub catego"
adminproduct,AdminProductsController,23,27,1561,4.55,0.85,[-] BO : Fixed bug to update image legend on AdminProduct || // Fix AdminProduct tabs || // Fix AdminProduct tabs
supply order,AdminSupplyOrdersController,33,56,311,6.35,0.59,BO: fix supply order for ASM || [-] BO : Fix #PSCSX-5738 duplicate product on supply order || [-] BO : Fix #PSCSX-533 first supply order real quantity pen
txt,AdminMetaController,28,41,171,7.42,0.68,CO: generate robots.txt on install || CO: some fix for robots.txt || BO: Add current robots.txt content in controler
admincustomers,AdminCustomersController,20,21,283,7.18,0.95,[-] BO : Notice in AdminCustomers || [-] BO : Notice in AdminCustomers || // Don't display the add button on admincustomers when it is
admincategoriescontroller,AdminCategoriesController,19,19,368,6.87,1.0,BO: clean notice AdminCategoriesController || // AdminCategoriesController.php: wording || // AdminCategoriesController: typo.
product tab,AdminProductsController,19,19,1561,4.78,1.0,[-] BO : FixBug #PSCFV-12359 - Fix product tab loading for m || // Display only relevant sub tabs on product tab in shop gro || // Display only relevant sub tabs on product tab in shop gro
multishipping,Cart,38,76,1054,4.35,0.5,[*] FO : removed code specific to multishipping from the no- || // Fixed bug in multishop when multishipping is not activate || // Fixed bug in multishop when multishipping is not activate
login,AdminLoginController,41,90,179,6.77,0.46,"Remove old login controllers, hook fixtures and associated s || Improve login error alert a bit || Add session renewal and clear csrf tokens on login / logout"
carrier,Carrier,78,331,241,5.39,0.24,fix: carrier product delete || Fix float for carrier max weight || Fix carrier Exeption with free shipping
dashboard,AdminDashboardController,38,77,125,7.41,0.49,filter dashboard hooks || Remove code relative to the (removed) news block on dashboar || Removed dead code about Dashboard Push
search,Search,87,422,226,5.29,0.21,Add some more comments to search class || Comment search process || only change search adapter
translation,AdminTranslationsController,87,424,621,3.83,0.21,Fix notice in admin email translation || Match multiline translation expressions in modules || BO: match multiline translation expressions in modules
stockavailable,StockAvailable,32,56,232,6.73,0.57,Handle Combination StockAvailable for group sharing stock ||  add handling shop int in stockAvailable || Class: StockAvailable / Fix #PSCSX-5432
pscfv import,AdminImportController,19,20,693,5.88,0.95,"[-] BO : Fix bug #PSCFV-11809 import of attributes bad ean13 || [-] BO : Fix bug #PSCFV-10064, could not import feature in m || [-] BO : Fix bug #PSCFV-5060 could not import supplier_combi"
adminshopurlcontroller,AdminShopUrlController,18,18,119,8.5,1.0,[-] BO : AdminShopUrlController -> add translation || // AdminShopUrlController: wording. || // optmization adminshopurlcontroller
backoffice,AdminCartsController,49,135,217,6.17,0.36,// fix random bugs on backoffice order || [-] BO: Fix #PSCFV-6118 display of product image for git on  || [-] BO: Fix #PSCFV-6118 display of product image for git on 
rule,CartRule,65,238,451,4.7,0.27,Add cart rule module validation || Early return from rule check || Handle advanced setter and add example test for edit cart ru
order,Order,158,1475,468,3.3,0.11,Add Email filter to order hsitory retrieval || Properly order customer orders || Update Order.php
free shipping,Cart,35,71,1054,4.33,0.49,"fix free shipping not null voucher || [-] FO : Fix bug #PSCSX-5153, bad free shipping display when || [-] FO : #PSCSX-6341 fix bug when apply cart rule with free "
csv file,AdminImportController,19,21,693,5.81,0.9,"[*] BO : Remove last CSV file choice in cookie after CSV imp || [*] BO : #PSCSX-6333 Detect CSV file encoding || [-] BO : Fix bug #PSCFV-10660, could not delete csv file on "
imagemanager,ImageManager,18,19,133,8.26,0.95,Update ImageManager.php || revert use of kernel in ImageManager and add FeatureFlag rep || add `copyImg` in `ImageManager`
orderdetailcontroller,OrderDetailController,17,17,95,8.82,1.0,Update OrderDetailController.php || Update OrderDetailController.php || Update controllers/front/OrderDetailController.php
adminsearch,AdminSearchController,17,17,110,8.61,1.0,"[-] BO : Fix AdminSearch customer count || [*] BO : Fix #PSCSX-6299, Bo redirect_after on AdminSearch || [*] BO : Fix #PSCSX-6299, Bo redirect_after on AdminSearch"
premium,AdminHomeController,17,17,175,7.94,1.0,[-] BO : Premium activation block & logos || [-] BO : Premium activation block & logos || // Link added on premium activation optional parameter
addons,AdminModulesController,48,139,564,4.72,0.35,Remove addons connect || Added support for Addons API stability channel || [*] BO : #PSCSX-6039 open in new tab when click on addons li
robots txt,AdminMetaController,24,35,171,7.43,0.69,CO: generate robots.txt on install || CO: some fix for robots.txt || BO: Add current robots.txt content in controler
admintranslations,AdminTranslationsController,19,22,621,5.9,0.86,// warnings in AdminTranslations || [-] BO : AdminTranslations : save and stay fixed || // remove is_writable from AdminTranslations
stockwarehouse,StockWarehouse,18,20,18,11.07,0.9,// StockWarehouse Class is now known as Warehouse || // StockWarehouse Class is now known as Warehouse || // StockWarehouse : norm
orderamountupdater,OrderAmountUpdater,18,20,76,8.99,0.9,Update OrderAmountUpdater.php || Update PRoduct.php and OrderAmountUpdater.php || Update OrderAmountUpdater.php
classes product,Product,18,20,1478,4.71,0.9,Update classes/Product.php || Update classes/Product.php || Update classes/Product.php
admintracking,AdminTrackingController,16,16,79,9.09,1.0,"[-] BO : Fix bug #PSCSX-1687, html tags in description for A || [-] BO : fixed link in AdminTracking #PSCFV-7409 || [-] BO : BugFix : #PSCFV-2133 : AdminTracking bug in multish"
webservicerequest,WebserviceRequest,16,16,165,8.02,1.0,Add return type for WebserviceRequest::executeEntityPatch || Update webservice doc in WebserviceRequest || Small improvements for WebserviceRequest class
mail send,Mail,16,16,194,7.79,1.0,Force default theme when config is empty to generate emails  || remove init mail send from test || Allow duplicate logs for exceptions in Mail::Send
addition,AdminOrdersController,27,46,700,5.17,0.59,// fix for product addition on order edition || // fix for product addition on order edition || // fix for product addition on order edition
configuration,Configuration,79,391,223,5.28,0.2,Configuration no longer rely on cache shop to get shop group || Add missing params doc for get method in Configuration.php || refactor(Configuration): Simplify configuration class hasCon
category,AdminCategoriesController,105,724,368,4.08,0.15,Fixes error in admin panel when visiting a category that's n || BO: redirect with message when root category is not availabl || BO: Add hints on some category fields
instant,AdminStockInstantStateController,24,37,94,8.21,0.65,BO: Move real quantity to instant stock state || [-] BO : Fix #PSCSX-4567 Instant stock || // Stock instant bootstraping
categories multishop,Category,18,21,436,6.4,0.86,[-] BO : BugFix : #PSCFV-2300 : Bug on categories position / || [-] BO : BugFix : #PSCFV-2300 : Bug on categories position / || [-] BO : BugFix : #PSCFV-2300 : Bug on categories position /
adminorders,AdminOrdersController,18,21,700,5.72,0.86,// AdminOrders listing perfs || // Fix Messages KPI on adminorders || // Fix Messages KPI on adminorders
combination,Product,81,435,1478,2.44,0.19,Improve speed of getting combination images || Fix combination unit price math || Update updated fields so that partial update does not ignore
robots,AdminMetaController,24,38,171,7.31,0.63,CO: generate robots.txt on install || CO: some fix for robots.txt || BO: Add current robots.txt content in controler
pdo,DbPDO,21,29,93,8.39,0.72,fix: add attr_stringify_fetches to PDO init config || Add `PDO::MYSQL_ATTR_MULTI_STATEMENTS` configuration in the  || CO: Fix Db PDO getBestEngine
stock instant,AdminStockInstantStateController,15,15,94,8.84,1.0,// Stock instant bootstraping || // Stock : fixed instant state || // Stock : fixed instant state
admin admintranslationscontroller,AdminTranslationsController,15,15,621,6.11,1.0,Update controllers/admin/AdminTranslationsController.php || Update controllers/admin/AdminTranslationsController.php || Update controllers/admin/AdminTranslationsController.php
pscfv combination,Product,15,15,1478,4.86,1.0,[-] BO : BugFix : #PSCFV-2205 : Combination attributes are d || [-] BO : BugFix : #PSCFV-2205 : Combination attributes are d || [-] BO : BugFix : #PSCFV-2205 : Combination attributes are d
psfv,AdminController,106,759,1763,1.77,0.14,// Fix bug on auths for sub employees #PSFV-849 || // Fix bug on auths for sub employees #PSFV-849 || // Fix bug on auths for sub employees #PSFV-849
collections,Collection,18,22,44,9.64,0.82,// Revert unfinished job on collections || // Revert unfinished job on collections || // Revert unfinished job on collections
homeslider,HomeSlide,21,30,40,9.55,0.7,[-] MO : homeslider - FixBug #PSCSX-158 || // updated homeslider || // updated homeslider
currency,Currency,69,328,170,5.73,0.21,Remove Currency::getConversationRate() || Add unit tests for Currency follback || Avoid bug when display names of a currency are empty which h
adminmeta,AdminMetaController,19,25,171,7.58,0.76,"BO: Fix page suppression in AdminMeta || BO: Replace text input by select input for page name in Admi || // BO: disable page modification for Meta In AdminMeta, you "
mobile,FrontController,40,112,898,4.09,0.36,"[~] FO : Retire mobile theme feature (go responsive) || // mobile theme || [-] Classes : Bug fix - FrontController, mobile & JS minifie"
slip,HTMLTemplateOrderSlip,31,68,103,7.57,0.46,Fixed sort error after generation of credit slip just for de || Fixes issue with credit slip not downloading || [-] PDF: Order slip Tax detail computation fix. #PSCSX-6408
class tools,Tools,16,18,1134,5.07,0.89,Removed deprecated methods `displayNumber` & `displayPrice`  || Removed deprecated methods `displayNumber` & `displayPrice`  || Removed deprecated methods `stripslashes` & `safePostVars` i
validate,Validate,37,97,227,6.17,0.38,"Add new Validate::isRequiredOnline validation method, also i || Update Validate.php || Update Validate.php with const PATTERN"
adminppreferencescontroller,AdminPPreferencesController,14,14,99,8.76,1.0,delete AdminPPreferencesController || // AdminPPreferencesController.php wording || // AdminPPreferencesController: Clearer wording.
adminfeaturescontroller,AdminFeaturesController,14,14,113,8.57,1.0, remove AdminFeaturesController and related legacy templates || Update controllers/admin/AdminFeaturesController.php || BO: clean AdminFeaturesController
adminimagescontroller,AdminImagesController,14,14,164,8.03,1.0,Fix thumbnails generation in AdminImagesController || Optimized AdminImagesController || Update controllers/admin/AdminImagesController.php
adminemployeescontroller,AdminEmployeesController,14,14,174,7.95,1.0,Remove legacy AdminEmployeesController and related templates || Update AdminEmployeesController.php || [*] BO: AdminEmployeesController;php - wording for newslette
small import,AdminImportController,14,14,693,5.95,1.0,// Small Fix in Import controller || // small fix on import || // Fix small bug when import supplier && manufacturer
admintab,AdminTab,19,26,150,7.71,0.73,CO: Remove deprecated AdminTab class || [-] CORE : Fix AdminTab PHP 7 compatibilty || [-] CORE : Fix AdminTab PHP 7 compatibilty
exec,Hook,17,21,347,6.65,0.81,"CO: Revert ""Check if hook exists before get hook module exec || BO: Class: Hook / Check if hook exists before get hook modul || Revert ""Add missing actionSubmitAccountBefore call and fix H"
import csv,AdminImportController,17,21,693,5.65,0.81,"// Fix import CSV for combinations, when creating new Attrib || [-] Project import CSV: transform confirmation mail error in || [+] BO : Validation step in import CSV (main architecture)"
pstest,AdminProductsController,114,981,1561,1.68,0.12,// #PSTEST-1229 - make sure you cannot select virtual produc || // #PSTEST-1229 - make sure you cannot select virtual produc || // #PSTEST-1229 - make sure you cannot select virtual produc
mobile,Context,39,112,165,6.5,0.35,CO: Move mobile detect to composer || [*] FO : Performance Mobile detection || [*] Core: Upgrade Mobile Detect to 2.7.8
treeview,Helper,16,19,225,7.33,0.84,// Rename treeview to treeview-categories || // Rename treeview to treeview-categories || // Rename treeview to treeview-categories
curl,Tools,21,33,1134,4.59,0.64,Handle Tools curl timeout to ease debugging || [*] CORE: Add a fallback to curl when file_get_content() ret || CO: allow redirect protocol with curl
order slip,HTMLTemplateOrderSlip,19,27,103,8.2,0.7,[-] PDF: Order slip Tax detail computation fix. #PSCSX-6408 || [-] BO : #PSCSX-6308 refacto order slip PDF generation || [-] PDF: smarty warning for Order slip. #PSCSX-6245
orders,AdminSupplyOrdersController,60,278,311,4.9,0.22,// Suppliers orders small fix || [*] BO : supply orders fixs || [-] BO : FixBug #PSCSX-948 - Fix new supply orders template 
class_index,Autoload,17,22,91,8.51,0.77,// store type of classes on autoload class_index || // Fix class_index generation || // unlink class_index tmp file if not rename
admincustomerscontroller,AdminCustomersController,14,15,283,7.15,0.93,// AdminCustomersController.php: wording || // AdminCustomersController: wording || // AdminCustomersController: wording
admingroupshopcontroller,AdminGroupShopController,13,13,55,9.61,1.0,// improve adminShopController adminShopUrlController and ad || // improve adminShopController adminShopUrlController and ad || // improve adminShopController adminShopUrlController and ad
guesttrackingcontroller,GuestTrackingController,13,13,67,9.32,1.0,Update controllers/front/GuestTrackingController.php || Update controllers/front/GuestTrackingController.php || Update GuestTrackingController.php
adminsearchconfcontroller,AdminSearchConfController,13,13,70,9.26,1.0,Update controllers/admin/AdminSearchConfController.php || Update controllers/admin/AdminSearchConfController.php || MOD text in AdminSearchConfController.php
admintrackingcontroller,AdminTrackingController,13,13,79,9.09,1.0,Remove legacy files for AdminTrackingController || BO: clean AdminTrackingController || [-] BO : BugFix : PSTEST-608 Removing the possibility to edi
adminperformancecontroller,AdminPerformanceController,13,13,167,8.01,1.0,BO: Update wording AdminPerformanceController.php || BO: clean AdminPerformanceController || BO: Fixed bug while detect mcrypt lib in AdminPerformanceCon
authcontroller,AuthController,13,13,277,7.28,1.0,"Update AuthController.php || [-] FO : PSCSX-7449, fix parse error in AuthController.php || // mostly trimming the fat off of AuthController"
getpaginationlink,Link,13,13,416,6.69,1.0,"[-] CORE: Avoid double ""?"" into $link->getPaginationLink() w || // Add php doc to Link::getPaginationLink || // Add php doc to Link::getPaginationLink"
adminmodule,AdminModulesController,13,13,564,6.25,1.0,Remove legacy AdminModule controller along with its template || [-] BO : AdminModule shows when connected to Addons and have || [-] BO : AdminModule shows when connected to Addons and have
generatehtaccess,Tools,13,13,1134,5.24,1.0,// Fix 404 ErrorDocument in Tools::generateHtaccess() || // Fix 404 ErrorDocument in Tools::generateHtaccess() || // Fix 404 ErrorDocument in Tools::generateHtaccess()
virtual uri,Tools,13,13,1134,5.24,1.0,// Fix infinite look on home page when the shop have a virtu || // Fix infinite look on home page when the shop have a virtu || // Fix infinite look on home page when the shop have a virtu
pricecalculation,Product,13,13,1478,4.86,1.0,[-] Core: Fix #PSCFV-7484 cache in Product::priceCalculation || [-] Core: Fix #PSCFV-7484 cache in Product::priceCalculation || [-] Core: Fix #PSCFV-5997 - Product::priceCalculation not re
product pricecalculation,Product,13,13,1478,4.86,1.0,[-] Core: Fix #PSCFV-7484 cache in Product::priceCalculation || [-] Core: Fix #PSCFV-7484 cache in Product::priceCalculation || [-] Core: Fix #PSCFV-5997 - Product::priceCalculation not re
product tabs,AdminProductsController,13,13,1561,4.78,1.0,"[-] BO : Fix #PSCSX-6743, possible Exception in product tabs || [*] BO : product page - added all tabs to preloading queue || [*] BO : product page - added all tabs to preloading queue"
bump,AppKernel,19,28,104,8.13,0.68,Bump Version to 8.0.4 || bump prestashop || bump 8.0.2
root,AdminCategoriesController,38,112,368,5.31,0.34,BO: redirect with message when root category is not availabl || // small fix duplicate in root link in multishop context || // small fix duplicate in root link in multishop context
tab,AdminProductsController,76,437,1561,2.26,0.17,// change pack quantities tab || // check if tab with the value is submit || [-] BO : FixBug #PSCFV-12359 - Fix product tab loading for m
partial,AdminOrdersController,34,90,700,4.54,0.38,BO: Display shipping max. refundable amount in order partial || BO: partial refund tax method always tax incl. || Fix: partial refund tax method always tax incl.
meta,Meta,40,126,92,7.21,0.32,Improved meta tag handling in maintenance mode || Update classes/Meta.php || FO: update page number in meta title
themes,AdminThemesController,29,66,420,5.49,0.44,Remove recommended modules/themes panels and insert hook ins || Fix Addons catalog display & call the 1.7 themes API (#6023) || [*] BO : more detailed error message on themes export
warehouse,Warehouse,42,138,97,7.07,0.3,Update Warehouse.php || Fix obvious notice in Warehouse class || [-] CORE : Fix Warehouse::getWarehouseById replace stock tab
cartpresenter,CartPresenter,15,18,145,7.95,0.83,move necessary functions from lazy cart to CartPresenter || Mitigate multiple function call CartPresenter::present || Mitigate multiple function call CartPresenter::present
module,ModuleController,112,1049,266,4.11,0.11,Remove module configuration feature flag || Migrate module configuration || Refacto module controller to extend PrestaShopAdminControlle
cart rules,AdminCartRulesController,49,195,163,6.05,0.25, Make sure employee has the right to see cart rules || refresh cart rules fixes and js methods || logic to refresh the cart rules from javascript after adding
payment,PaymentModule,47,180,455,4.62,0.26,Fix The Association of payment methods with delivery module || Fix The Association of payment methods with delivery module || CO: Payment method title extended to 255 characters. 32-char
accounting,AdminAccountingExportController,26,55,47,8.76,0.47,[-] BO : Update accounting for export and configuration || [-] BO : Update accounting for export and configuration || [-] BO : Update accounting for export and configuration
shipping cost,Cart,20,33,1054,4.63,0.61,"FO: Shipping cost indication wrong || [-] CORE : Fix #PSCSX-4162 shipping cost badly calculate || Revert ""[-] CORE : Fix #PSCSX-4162 shipping cost badly calcu"
helperform,HelperForm,23,43,180,7.0,0.53,Remove useless comments in HelperForm || Update classes/helper/HelperForm.php || HelperForm set form label for switch input type
specificpricerule,SpecificPriceRule,16,21,61,9.07,0.76,Removed duplicate in SpecificPriceRule::getAffectedProducts || BO SpecificPriceRule - Fix Multi Shop filter on conditions || [*] CORE : SpecificPriceRule without conditions to id_produc
tab product,AdminProductsController,16,21,1561,4.39,0.76,[-] BO : fixed bug #PSCFV-2878 - Displaying wrong link in th || [-] BO : fixed bug #PSCFV-2878 - Displaying wrong link in th || [-] BO : fixed bug #PSCFV-2878 - Displaying wrong link in th
customerform,CustomerForm,13,14,48,9.7,0.93, fix converting array type in hook of customerForm || Improve wording for CustomerForm || Apply setPasswordRequired to CustomerForm when using setGues
stock cover,AdminStockCoverController,13,14,97,8.68,0.93,BO: Fix Stock cover report stock out calculation || // Stock cover bootstraping || // Fixed stock cover
id_carrier,Cart,13,14,1054,5.24,0.93,CO: fix id_carrier check on module || // Dont need to set the id_carrier in class Cart || // Dont need to set the id_carrier in class Cart
statuses,AdminStatusesController,18,27,117,7.94,0.67,"Finish the migration of Order Statuses || Statuses permissions || [-] BO : Fix #PSCSX-5271, notices on order statuses"
admininvoices,AdminInvoicesController,12,12,65,9.37,1.0,[*] Made a string easier to translate in AdminInvoices. || [*] BO: updating labels and descriptions for AdminInvoices. || [*] BO : performance improvement on AdminInvoices loading ti
productsale,ProductSale,12,12,78,9.11,1.0,CO: Doc + update ProductSale class || // ProductSale::getBestSalesLight() improvement || // ProductSale::getBestSales() improvements
stockinstantstate,AdminStockInstantStateController,12,12,94,8.84,1.0,// update StockInstantState || // update StockInstantState || // update StockInstantState
configurationtest,ConfigurationTest,12,12,109,8.62,1.0,avoid revalidating system prerequisite for each steps config || IN: CS-fix ConfigurationTest class || // ConfigurationTest.php: typo
adminstatusescontroller,AdminStatusesController,12,12,117,8.52,1.0,Update controllers/admin/AdminStatusesController.php || Update controllers/admin/AdminStatusesController.php || // AdminStatusesController: Missing periods in statuses' nam
theme mobile,Context,12,12,165,8.02,1.0,[-] BO : theme mobile : #PSCFV-3937 || [-] BO : theme mobile : #PSCFV-3937 || [-] BO : theme mobile : #PSCFV-3937
breakdown,OrderInvoice,12,12,195,7.78,1.0,"[*] Invoice : Display shipping and wrapping breakdown by rat || // breakdown was broken, fixed it up || // more robust tax breakdown, especially for combined taxes"
import improved,AdminImportController,12,12,693,5.95,1.0,// product import improved (image problem because of file_ex || // product import improved (image problem because of file_ex || // product import improved (image problem because of file_ex
pscfv csv,AdminImportController,12,12,693,5.95,1.0,[-] BO : Bug Fixed #PSCFV-3270 - CSV Import addresses + mult || [-] BO : Bug Fixed #PSCFV-3270 - CSV Import addresses + mult || [-] BO : Bug Fixed #PSCFV-3270 - CSV Import addresses + mult
edition order,AdminOrdersController,12,12,700,5.94,1.0,[-] BO : fixed bug #PSCFV-2503 - fix issue on stock update w || [-] BO : fixed bug #PSCFV-2503 - fix issue on stock update w || [-] BO : fixed bug #PSCFV-2503 - fix issue on stock update w
order edition,AdminOrdersController,12,12,700,5.94,1.0,// fix for product addition on order edition || // fix for product addition on order edition || // fix for product addition on order edition
product addition,AdminOrdersController,12,12,700,5.94,1.0,// fix for product addition on order edition || // fix for product addition on order edition || // fix for product addition on order edition
method module,Module,12,12,884,5.6,1.0,Fix potential warning on getPosition method of Module class || CO: use DISTINCT in query to improve uninstall() method in M || CO: Introduce trans method into Module class
controller frontcontroller,FrontController,12,12,898,5.58,1.0,Update classes/controller/FrontController.php || Update classes/controller/FrontController.php || Update classes/controller/FrontController.php
front productcontroller,ProductController,12,12,941,5.51,1.0,fix cart_quantity in front ProductController || Fix min qty in front ProductController on ajax refresh || Update controllers/front/ProductController.php
classes tools,Tools,12,12,1134,5.24,1.0,Update classes/Tools.php || Update classes/Tools.php || Update classes/Tools.php
cost,Cart,23,44,1054,4.41,0.52,"FO: Shipping cost indication wrong || [-] CORE : Fix #PSCSX-4162 shipping cost badly calculate || Revert ""[-] CORE : Fix #PSCSX-4162 shipping cost badly calcu"
guest tracking,GuestTrackingController,15,19,67,8.98,0.79,"FO: Transform customer on guest tracking || FO: Add breadcrumb for guest tracking || [-] FO : Fix bug #PSCSX-4158, could not display left column "
category,CategoryController,91,724,324,4.06,0.13,Fix and refactor category controller for non existent catego || Add category filter || Use root category instant of main
gift,Cart,31,81,1054,3.96,0.38,Fix gift not added/removed when changing price || Clear products when changing gift inclusion || fix auto gift bug
pscfv,AdminImportController,196,3384,693,1.84,0.06,"[-] BO : Fix bug #PSCFV-11809 import of attributes bad ean13 || [-] BO : Fix bug #PSCFV-11557, coule no set out_of_stock cho || [-] BO : Fix bug #PSCFV-12120, unit price ratio during impor"
attributes,AdminAttributesGroupsController,53,240,219,5.44,0.22,Remove code from legacy controller for attributes || Fix attributes links || BO: Fix toolbar attributes/features active/desactive
carriers,Carrier,43,157,241,5.61,0.27,BO: fixed payment methods of carriers || BO: fixed payment methods of carriers || CO: Link carriers to payment methods (#5235)
profiling,Controller,23,46,304,6.14,0.5,Redirect after profiling display || [*] Core : refacto profiling || [*] Core : add optional module profiling
class product,Product,14,17,1478,4.58,0.82,"CO: Class: Product / Check access for accessories || Revert ""[-] Class: Product / Use null direclty instead of cr || [-] Class: Product / Use DB delete() method in deleteAccesso"
feature flag,FeatureFlagLang,22,42,34,9.37,0.52,Create new dedicated feature flag for discount || Remove feature flag for search aliases || Add feature flag for module configuration
mobile theme,FrontController,22,42,898,4.65,0.52,"[~] FO : Retire mobile theme feature (go responsive) || // mobile theme || [-] FO : Mobile theme updated, templates added/improved"
cartcontroller,CartController,13,15,308,6.92,0.87,Update CartController || Fix error Uncaught TypeError: abs() in CartController || Update controllers/front/CartController.php
stock,Product,87,690,1478,1.87,0.13,Fixed combinations errors for stock in table || add condition before substracting cart products from stock q || Use int as out of stock type
manufacturer,ManufacturerController,39,136,159,6.28,0.29,"Add manufacturer presenter, lazy array and use image retriev || Fix body classes for manufacturer and supplier listings || Add a button to delete logo image on Manufacturer form"
order class,Order,15,20,468,6.11,0.75,Removed deprecated methods in Order class || Micro performance optimizations in Order class || [PSR-2] Fix coding standards in order class files
bugs,AdminProductsController,51,231,1561,2.6,0.22,[-] BO: Fix bugs with stock management || [-] BO: Fix bugs with stock management || [-] BO: Fix bugs with stock management
toolbar,AdminController,51,227,1763,2.45,0.22,Improve Toolbar component with getters and handle another fa || Add page header toolbar twig component || Update maintenance toolbar icon color and tooltip
attribute,AdminAttributesGroupsController,59,315,219,5.2,0.19,Solved problem with texture upload when attribute has hex co || BO: fix access when adding attribute value || [-] BO : Fix PSCSX-2879 can sort color attribute
supplyorder,SupplyOrder,12,13,63,9.3,0.92,CO: sql injection stock/SupplyOrder || // SupplyOrder form updated || // SupplyOrder form updated
preactivation,AdminHomeController,12,13,175,7.82,0.92,[-] BO : Small fix on preactivation || [-] BO : Small fix on preactivation || [-] BO : Small fix on preactivation
cart rules,Cart,46,195,1054,3.27,0.24,Fix order cart rules calculation || Do not use specific prices to calculate cart rules || Calculate gift cart rules first
getstorehandler,GetStoreHandler,11,11,19,11.14,1.0,Update src/Adapter/Store/QueryHandler/GetStoreHandler.php || Update src/Adapter/Store/QueryHandler/GetStoreHandler.php || Update src/Adapter/Store/QueryHandler/GetStoreHandler.php
queryhandler getstorehandler,GetStoreHandler,11,11,19,11.14,1.0,Update src/Adapter/Store/QueryHandler/GetStoreHandler.php || Update src/Adapter/Store/QueryHandler/GetStoreHandler.php || Update src/Adapter/Store/QueryHandler/GetStoreHandler.php
requestsqlrepository,RequestSqlRepository,11,11,22,10.93,1.0,Remove deprecated methods in RequestSqlRepository || Update src/PrestaShopBundle/Entity/Repository/RequestSqlRepo || Update src/PrestaShopBundle/Entity/Repository/RequestSqlRepo
attribute generator,AdminAttributeGeneratorController,11,11,70,9.26,1.0,"BO: Restore admin attribute generator || [-] BO : Fix bug #PSCSX-4200, bad toolbar after attribute ge || [*] BO : Allow price on Attribute Generator to be negative, "
productformdataprovider,ProductFormDataProvider,11,11,159,8.08,1.0,Update ProductFormDataProvider.php || Adapt ProductFormDataProvider to new suppliers data format || ProductFormDataProvider uses product own default shop as fal
getproductrealquantities,StockManager,11,11,188,7.84,1.0,// Add fix into getProductRealQuantities() to take into acco || [-] Core: Fix StockManager::getProductRealQuantities() per w || [-] Core: Fix StockManager::getProductRealQuantities() per w
autoexecute,Db,11,11,202,7.73,1.0,// Db::autoExecute() return a boolean || // Db::autoExecute() return a boolean || // Db::autoExecute() return a boolean
class module,Module,11,11,884,5.6,1.0,Add get*Attributes() method to class Module || [-] Class: Module / $live_edit declared but not used || [PSR-2] Fix coding standards in class module files
orders,AdminOrdersController,55,278,700,3.6,0.2,make orders form use new customers search action || Improve backwards compatibility when setting an order's curr || Prevent unnecessary Order objects from being created when se
products,AdminProductsController,78,552,1561,1.96,0.14,"[-] BO : The new products now gets the group reductions corr || [-]BO : #PSCSX-4221 Fix the wrong preview of the products re || [*] BO : updated ""disabled products"" KPI"
dbquery,DbQuery,18,30,30,9.75,0.6,Be able to use subquery when using DbQuery class || Update classes/db/DbQuery.php || CO: PHP 7.1 Fatal error: operator not supported in DbQuery
carts,AdminCartsController,24,54,217,6.46,0.44,Remove migrated shopping carts pages feature flag || BO: remove addProductCustomizationPrice call from admin cart || BO > Shopping Carts : Force Bulk Column
productcomments,ProductComment,13,16,20,10.77,0.81,[-] MO : Add ModuleController in ProductComments // refacto  || [-] MO : Add ModuleController in ProductComments // refacto  || [-] MO : Add ModuleController in ProductComments // refacto 
survival,SurvivalTest,14,19,28,10.14,0.74,Add survival test for search engines index and add || Remove legacy controller from test and add survival test || Fix unit test by initializing a cookie for survival tests
admingroups,AdminGroupsController,12,14,162,7.83,0.86,// change root category of the tree on AdminGroups || [*] BO: updating labels and descriptions for AdminGroups. || [-] BO: Filter customers listing by shop context on AdminGro
hook exec,Hook,12,14,347,6.73,0.86,"Revert ""Add missing actionSubmitAccountBefore call and fix H || CO: Hook:exec should always return an array when array_retur || CO: Hook:exec should always return an array when array_retur"
pscfv multistore,AdminProductsController,12,14,1561,4.56,0.86,[-] BO : BugFix : #PSCFV-3235 : Multistore : unable to dupli || [-] BO : BugFix : #PSCFV-3235 : Multistore : unable to dupli || [-] BO : BugFix : #PSCFV-3235 : Multistore : unable to dupli
payment module,PaymentModule,16,25,455,5.92,0.64,"[-] FO : fixed bug on payment module, check if defined $orde || //add payment module restriction when enable country || //add payment module restriction when enable country"
csvresponse,CsvResponse,11,12,18,11.1,0.92,Update src/PrestaShopBundle/Component/CsvResponse.php || Update CsvResponse.php || Update CsvResponse.php
prestashoplogger,PrestaShopLogger,11,12,27,10.51,0.92,"Fix PrestaShopLogger object_type attr validate type || PrestashopLogger should save object type, even if object id  || Update classes/PrestaShopLogger.php"
orderinvoice,OrderInvoice,11,12,195,7.66,0.92,only get taxes from current OrderInvoice || Update OrderInvoice.php || Update OrderInvoice.php
class hook,Hook,11,12,347,6.83,0.92,BO: Class: Hook / Check if hook exists before get hook modul || [*] Class: Hook / indicate which method to use for deprecate || [-] PROJECT : Merge cache exec in class Hook (to maintain re
release,ReleaseCreator,18,32,49,8.95,0.56,Include symlinks into the zip release archive || Add option to create release script to keep tests folder || Generate CACHEDIR.TAG during creating a release
voucher,CartRule,28,78,451,5.1,0.36,Define when a voucher should be display in 'You vouchers' || FO: Problems with return product when calculate voucher || FO: Voucher calculation delete old function cartRuleCompare
combinations,Product,48,229,1478,2.61,0.21,fix issue https://github.com/PrestaShop/PrestaShop/issues/30 || Fixed combinations errors for stock in table || Avoid loading all combinations in memory when only one is ne
attribute value,AdminAttributesGroupsController,17,29,219,6.85,0.59,BO: fix access when adding attribute value || [-] BO : FixBug #PSCSX-278 duplicate attribute value || [-] BO : #PSCFV-2473 - Fix bug with attribute value and shop
modules now,Module,17,29,884,4.83,0.59,[+] MO: modules can now have override classes installed auto || [+] MO: modules can now have override classes installed auto || [+] MO: modules can now have override classes installed auto
favoriteproducts,FavoriteProduct,10,10,31,10.44,1.0,// Normalize FavoriteProducts || // Normalize FavoriteProducts || // Normalize FavoriteProducts
adminbackupcontroller,AdminBackupController,10,10,38,10.14,1.0,Update AdminBackupController.php || // AdminBackupController.php: wording || [-] BO : fix action add in AdminBackupController
adminstatstabcontroller,AdminStatsTabController,10,10,59,9.51,1.0,BO: clean AdminStatsTabController || BO: this->l() => this->trans() in AdminStatsTabController || [-] BO : #PSTP-73 : fix bug translations in AdminStatsTabCon
instant states,AdminStockInstantStateController,10,10,94,8.84,1.0,// BugFix on counting stock instant states lines || // BugFix on counting stock instant states lines || [-] BugFix : Bad count in request for admin stock instant st
adminsupplyorders,AdminSupplyOrdersController,10,10,311,7.11,1.0,[*] BO: updating option labels et descriptions for AdminSupp || // StockManager: fixed. AdminSupplyOrders: fixed price. Admi || // StockManager: fixed. AdminSupplyOrders: fixed price. Admi
link getpaginationlink,Link,10,10,416,6.69,1.0,"[-] CORE: Avoid double ""?"" into $link->getPaginationLink() w || // Add php doc to Link::getPaginationLink || // Add php doc to Link::getPaginationLink"
hydratecollection,ObjectModel,10,10,440,6.61,1.0,// Fix lang bug on collections + use definitions on hydrateC || // Fix lang bug on collections + use definitions on hydrateC || // Fix lang bug on collections + use definitions on hydrateC
combinations import,AdminImportController,10,10,693,5.95,1.0,[-] BO : Fixes for Advanced Stock Management Import [*] BO : || [-] BO : Fix bug #PSCFV-5060 could not import supplier_combi || [-] BO: Fix #PSCFV-4284 combinations import should delete av
helper,Helper,40,158,225,5.6,0.25,Remove deprecated methods into Helper models || BO: add missing domain helper || [PSR-2] Fix coding standards and indentation in helper class
rule free,Cart,10,10,1054,5.35,1.0,[-] FO : #PSCSX-6341 fix bug when apply cart rule with free  || [-] FO : #PSCSX-6341 fix bug when apply cart rule with free  || [-] FO : #PSCSX-6341 fix bug when apply cart rule with free 
switchlanguage,Tools,10,10,1134,5.24,1.0,Refactored Tools::switchLanguage function (#9059) || // Fix bug with switchlanguage durring install || // Fix bug with switchlanguage durring install
tab loading,AdminProductsController,10,10,1561,4.78,1.0,[-] BO : FixBug #PSCFV-12359 - Fix product tab loading for m || // Change product  tab loading || // Change product  tab loading
backoffice,AdminOrdersController,37,135,700,4.07,0.27,// fix backoffice orders customer search || [-] BO: Fix #PSCFV-6367 don't display the payment modules on || [-] BO: Fix #PSCFV-6367 don't display the payment modules on
checkout,OrderController,33,109,547,4.57,0.3,Check quantities at any point of checkout process || Add TOS link to checkout footer || Allow override of checkout process
generator,AdminAttributeGeneratorController,23,54,70,8.03,0.43,BO: Restore admin attribute generator || CO: Attributes generator now handled in Symfony part || [*] BO : create a new product combination generator
customer,Customer,76,591,264,4.39,0.13,Update Customer.php || Update Customer.php || Update Customer.php
price,Product,76,575,1478,1.94,0.13,Fix combination unit price math || Fix specific price condition || When ecotax is enabled we must use for unit price and tax ra
stock available,StockAvailable,21,45,232,6.43,0.47,[-] BO: Fix #PSCFV-8068 stock available total cache after de || [-] BO: Fix #PSCFV-8068 stock available total cache after de || // Added security check in stock available
threshold,AdminSupplyOrdersController,15,23,311,6.49,0.65,// Improved Supply Orders threshold when creating a template || // Improved Supply Orders threshold when creating a template || // Improved Supply Orders threshold when creating a template
warehouses,AdminWarehousesController,26,70,171,6.54,0.37,"[-] BO : Fix bug #PSCSX-2402, states for warehouses || [-] BO : Fix bug #PSCFV-11989, address required fields for w || [*] BO : Improvement #PSCSX-541 Add bulk actions to Warehous"
outstanding grid,OutstandingGridDefinitionFactory,12,15,26,10.37,0.8,Change outstanding grid PDF generation route || Fix outstanding grid invoice field route || Add default value for outstanding grid risk column
mobile pscfv,Context,12,15,165,7.7,0.8,[-] BO : theme mobile : #PSCFV-3937 || [-] BO : theme mobile : #PSCFV-3937 || [-] BO : theme mobile : #PSCFV-3937
pstest attribute,AdminAttributesGroupsController,12,15,219,7.29,0.8,[-] BO : fix bug #PSTEST-988 - Attribute values wrong toolba || [-] BO : fix bug #PSTEST-988 - Attribute values wrong toolba || [-] BO : fix bug #PSTEST-988 - Attribute values wrong toolba
improved supply,AdminSupplyOrdersController,12,15,311,6.79,0.8,// Improved Supply Orders threshold when creating a template || // Improved Supply Orders threshold when creating a template || // Improved Supply Orders threshold when creating a template
cart address,Cart,12,15,1054,5.03,0.8,[-] FO : #PSFV-604 - Fix bug with undefined address on the c || [-] FO : #PSFV-604 - Fix bug with undefined address on the c || [-] FO : #PSFV-604 - Fix bug with undefined address on the c
cart class,Cart,12,15,1054,5.03,0.8,Pull request to fix a parameter issue in a hook triggered wi || Remove deprecated methods in Cart class || Remove deprecated methods inside Cart class
pdf,HTMLTemplate,50,266,110,6.2,0.19,Update classes/pdf/HTMLTemplate.php || Update classes/pdf/HTMLTemplate.php || Change Language in Context to generate PDF then restore
live edit,AdminModulesPositionsController,16,27,90,8.14,0.59,"[+] CORE: Remove live edit feature || [-] BO : Fixed wrong front url to live edit when rewrite url || [-] BO : Fix bug #PSCFV-12193, live edit url with virtual ur"
backoffice orders,AdminOrdersController,14,21,700,5.35,0.67,// fix backoffice orders customer search || [-] BO: Fix #PSCFV-6367 don't display the payment modules on || [-] BO: Fix #PSCFV-6367 don't display the payment modules on
send,Mail,26,72,194,6.32,0.36,Force default theme when config is empty to generate emails  || remove init mail send from test || Allow duplicate logs for exceptions in Mail::Send
core module,Module,13,18,884,5.13,0.72,[-] CORE : Module class now add 4 space instead of a tab || [-] CORE : Module class now add 4 space instead of a tab || [-] Core : Module. New line replacement
id_shop,Shop,24,62,494,5.07,0.39,"// small fix for id_shop and php-cli || // small fix for id_shop and php-cli || [-] Core : you must always have an id_shop in a SQL query, n"
admin,AdminController,72,552,1763,1.67,0.13,Add admin breadcrumb hook || Add admin tabs hook || Admin controller getBaseURL without argument
adapter store,GetStoreHandler,11,13,19,10.9,0.85,Update src/Adapter/Store/QueryHandler/GetStoreHandler.php || Update src/Adapter/Store/QueryHandler/GetStoreHandler.php || Update src/Adapter/Store/QueryHandler/GetStoreHandler.php
store queryhandler,GetStoreHandler,11,13,19,10.9,0.85,Update src/Adapter/Store/QueryHandler/GetStoreHandler.php || Update src/Adapter/Store/QueryHandler/GetStoreHandler.php || Update src/Adapter/Store/QueryHandler/GetStoreHandler.php
swift,Mail,11,13,194,7.55,0.85,Remove swift mailer library || Replace swift mailer by symfony mailer || Catch all Swift exceptions in Mail::Send()
admincartscontroller,AdminCartsController,11,13,217,7.39,0.85,Update AdminCartsController.php || Remove remains of AdminCartsController view || Add `force_hide_bulk_actions_btn` in HelperList for AdminCar
import product,AdminImportController,11,13,693,5.71,0.85,Fix product import for Product page v2. || CO: Allow to import product with 0 qty || [-] Import product: fix default category update with first o
adminhome,AdminHomeController,15,24,175,7.26,0.62,[-] BO : fixed wrong link on AdminHome #PSCFV-3614 || [-] BO : fixed wrong link on AdminHome #PSCFV-3614 || [-] BO : fixed wrong link on AdminHome #PSCFV-3614
product catalog,ProductController,15,24,941,4.83,0.62,Refactoring product catalog controllers with PrestaShopAdmin || Change icon of the add product button on the catalog page || BO: created blocks in Product Catalog Page
cms,AdminCmsController,42,190,91,6.71,0.22,"Revert ""Removes legacy cms controllers"" || Removes legacy cms controllers || add new optional head_seo_title in CMS pages"
cookie,Cookie,27,79,87,7.4,0.34,Better validate cookie || Migrate cookie constants usages to PSR || Removed deprecated in class Cookie
virtual,AdminProductsController,38,160,1561,2.71,0.24,"// fix virtual product form : disable virtual file legacy fo || [-] BO : Fix #PSCSX-6718, virtual product Duplicate entry || [-] CORE : Fix #PSCSX-4648 Product virtual can't use ASM"
adminshop,AdminShopController,10,11,263,7.21,0.91,// Add position to required field of AdminStore when called  || // Improve AdminShop performance || // Improve AdminShop performance
hook class,Hook,10,11,347,6.81,0.91,Add comments to hook class || Add prod mode safe catch in legacy Hook class as well || Change self to static in Hook class
confirmation email,PaymentModule,10,11,455,6.42,0.91,Fix vouchers excluding tax in confirmation email || Fix totals excluding tax in confirmation email || Improve wording on order confirmation email
product class,Product,10,11,1478,4.72,0.91,"Add some comments to Product class || Revert ""Removed deprecated methods & properties in Product c || Removed deprecated methods & properties in Product class"
virtual product,AdminProductsController,26,74,1561,3.27,0.35,"// fix virtual product form : disable virtual file legacy fo || [-] BO : Fix #PSCSX-6718, virtual product Duplicate entry || [-] BO : Handle virtual product quantity in products list"
adminpatterns,AdminPatternsController,9,9,16,11.39,1.0,// Add another list to AdminPatterns || [*] BO : AdminPatterns || [*] BO : AdminPatterns
repository requestsqlrepository,RequestSqlRepository,9,9,22,10.93,1.0,Update src/PrestaShopBundle/Entity/Repository/RequestSqlRepo || Update src/PrestaShopBundle/Entity/Repository/RequestSqlRepo || Update src/PrestaShopBundle/Entity/Repository/RequestSqlRepo
productquerybuilder,ProductQueryBuilder,9,9,37,10.18,1.0,Update src/Core/Grid/Query/ProductQueryBuilder.php || Update src/Core/Grid/Query/ProductQueryBuilder.php || Update src/Core/Grid/Query/ProductQueryBuilder.php
query productquerybuilder,ProductQueryBuilder,9,9,37,10.18,1.0,Update src/Core/Grid/Query/ProductQueryBuilder.php || Update src/Core/Grid/Query/ProductQueryBuilder.php || Update src/Core/Grid/Query/ProductQueryBuilder.php
admininformationcontroller,AdminInformationController,9,9,49,9.78,1.0,// AdminInformationController.php: wording || // AdminInformationController.php: wording || // AdminInformationController: better translation.
form pdf,HTMLTemplateSupplyOrderForm,9,9,49,9.78,1.0,// Improved Supply Order Form (PDF) || // Improved Supply Order Form (PDF) || // Improved Supply Order Form (PDF)
admininvoicescontroller,AdminInvoicesController,9,9,65,9.37,1.0,Update AdminInvoicesController.php || Update AdminInvoicesController.php || BO: clean AdminInvoicesController
order form,HTMLTemplateSupplyOrderForm,12,16,49,9.36,0.75,// Improved Supply Order Form (PDF) || // Improved Supply Order Form (PDF) || // Improved Supply Order Form (PDF)
storescontroller,StoresController,9,9,74,9.18,1.0,Refacto `StoresController::getTemplateVarStores` || Update controllers/front/StoresController.php || Update controllers/front/StoresController.php
adminaccess,AdminAccessController,12,16,58,9.12,0.75,[-] BO : #PSTEST-931 : fix bug in AdminAccess || [-] BO : #PSTEST-931 : fix bug in AdminAccess || [-] BO : #PSTEST-931 : fix bug in AdminAccess
id_shop meta,Meta,9,9,92,8.87,1.0,// Fix id_shop on meta || // Fix id_shop on meta || // Fix id_shop on meta
admincustomerthreadscontroller,AdminCustomerThreadsController,9,9,154,8.12,1.0,Update controllers/admin/AdminCustomerThreadsController.php || Update controllers/admin/AdminCustomerThreadsController.php || Update AdminCustomerThreadsController.php
admingroupscontroller,AdminGroupsController,9,9,162,8.05,1.0,Update AdminGroupsController.php || BO: Fixed bug in AdminGroupsController when adding ModulesRe || BO: Fixed rendering condition of default groups form in Admi
admin home,AdminHomeController,9,9,175,7.94,1.0,Correcting errors in order graph at admin home || [-] BO: Admin Home do not display quick links when access is || [-] BO: Admin Home do not display quick links when access is
preactivation premium,AdminHomeController,9,9,175,7.94,1.0,// Small add to preactivation premium || // Small add to preactivation premium || // Small add to preactivation premium
install-new,AdminLoginController,9,9,179,7.91,1.0,install-new renamed to install-dev in files || install-new renamed to install-dev in files || install-new renamed to install-dev in files
db,Db,9,9,202,7.73,1.0,// Fix Db->query (property value is set) || // Fix Db->query (property value is set) || // Fix Db->query (property value is set)
adminattributesgroupscontroller,AdminAttributesGroupsController,9,9,219,7.62,1.0,BO: clean AdminAttributesGroupsController || Update AdminAttributesGroupsController.php || [-] BO : #PSTEST-181 : change title in AdminAttributesGroups
updatevalue,Configuration,9,9,223,7.59,1.0,force updateValue to return a bool || [*] Project: Added TODO comment about Configuration::updateV || [-] CORE: Fix Configuration::updateValue method result
pstest carrier,Carrier,9,9,241,7.48,1.0,[-] Classes : fix bug #PSTEST-1191 - wrong carrier positions || [-] Classes : fix bug #PSTEST-1191 - wrong carrier positions || [-] Classes : fix bug #PSTEST-1191 - wrong carrier positions
hook getidbyname,Hook,9,9,347,6.95,1.0,// Fixed hook::getidbyname case || // Fixed hook::getidbyname case || // Improve Hook::getIdByName() performance (side effet : imp
reduction selection,CartRule,9,9,451,6.57,1.0,[-] BO : cart rule with attributes filter and reduction on t || [-] BO : cart rule with attributes filter and reduction on t || [-] BO : cart rule with attributes filter and reduction on t
repaired,AdminModulesController,9,9,564,6.25,1.0,[-] BO : Filter modules system repaired and now in ajax || [-] BO : Filter modules system repaired and now in ajax || [-] BO : Filter modules system repaired and now in ajax
employee,Employee,45,229,130,6.02,0.2,"Fix Employee::getAssociatedShopGroupIds || Optimize the return employee by SessionEmployeeProvider to a || Handle Employee sessions with Symfony events, Context check "
payment addition,AdminOrdersController,9,9,700,5.94,1.0,// fixed bug on automatic payment addition when put the orde || // fixed bug on automatic payment addition when put the orde || // fixed bug on automatic payment addition when put the orde
replaceaccentedchars,Tools,9,9,1134,5.24,1.0,"Use transliterator in replaceAccentedChars || [-] CORE: Convert ""Eth"" character to D in Tools::replaceAcce || [-] CORE : Fix PSCSX-6544, typo in replaceAccentedChars for "
str,Tools,9,9,1134,5.24,1.0,"Migrate Tools::str2url to new code || Update link_rewrite and replace by str2url, deprecate link_r || improve str2url (and fix regexp) (cherry picked from commit "
str url,Tools,9,9,1134,5.24,1.0,"Migrate Tools::str2url to new code || Update link_rewrite and replace by str2url, deprecate link_r || improve str2url (and fix regexp) (cherry picked from commit "
tools generatehtaccess,Tools,9,9,1134,5.24,1.0,// Fix 404 ErrorDocument in Tools::generateHtaccess() || // Fix 404 ErrorDocument in Tools::generateHtaccess() || // Fix 404 ErrorDocument in Tools::generateHtaccess()
bugs adminproductscontroller,AdminProductsController,9,9,1561,4.78,1.0,// translation && fixed small bugs in AdminProductsControlle || // translation && fixed small bugs in AdminProductsControlle || // translation && fixed small bugs in AdminProductsControlle
calculation,Cart,30,99,1054,3.63,0.3,Fixed ecotax calculation in Product::getPriceFromOrder (Than || Fix order cart rules calculation || Revert #12965 Fix wrong cart calculation when using cart rul
modulecontroller,ModuleController,14,22,266,6.68,0.64,Refactor ModuleController || Remove unwanted class in ModuleController || Fix php5 compatibility for ModuleController
address,AddressController,64,462,185,5.01,0.14,Refacto Address controller with PrestaShopAdminController || Fixed redirect after canceling the edition of an address fro || Redirect to customer when canceling new customer address cre
multi-shipping,PaymentModule,13,19,455,6.01,0.68,[-] FO : FixBug #PSCFV-9766 All products in products list fo || [-] FO : wrong calcul of the free shipping in multi-shipping || [-] FO : wrong calcul of the free shipping in multi-shipping
product controller,ProductController,13,19,941,4.97,0.68,fix(override): allow product controller breadcrumb function  || Refacto product controller init phase || Update product controller permissions
save product,AdminProductsController,13,19,1561,4.23,0.68,"Do not save product here because it erases some data already || Revert ""[-] BO : Fix bug #PSCFV-12280, save product list, fi || Revert ""[-] BO : Fix bug #PSCFV-12280, save product list, la"
delivery,Cart,34,131,1054,3.4,0.26,Update customization attribute and delivery address || Synchronize order with cart when delivery address changes || Update cart legacy class along with UpdateCartAddressesHandl
invoice,OrderInvoice,44,215,195,5.49,0.2,Allow selecting invoice more precisely || BO: simplify the invoice || Fix ecotax display for combination in the invoice
specific,AdminProductsController,55,354,1561,2.1,0.16,"CO: Fixed bug on save specific price priority for specific p || [1.6.1.x] Fix for duplication of product which has both comb || [*] BO : Fix PSCSX-4073, check specific price input"
contact,ContactController,25,72,95,7.29,0.35,"[FO] Add breadcrumb to the contact page || Control if customer is the owner of the selected order in co || Stop sending a copy of the contact message to the ""author"" ("
save,AdminProductsController,46,236,1561,2.42,0.19,"Use a dedicated method to save the default supplier informat || Do not save product here because it erases some data already || Do not save wholesale_price with suppliers, separate both"
cart,CartController,87,913,308,3.73,0.1,Remove unnecessary cart present || filter product output in cart ajax method || do not set products via array on cart presenter
importing,AdminImportController,15,26,693,5.16,0.58,"Ignore non existing product while importing by reference || [-] BO : Fix #PSCSX-6380 , spaces in products' image url whe || [-] BO : Fixed bug importing products when id_shop_default n"
current_state,OrderHistory,11,14,215,7.29,0.79,// Class OrderHistory: changeIdOrderState() & Order current_ || // Class OrderHistory: changeIdOrderState() & Order current_ || [-] Core: fix set of current_state on orders
configuration class,Configuration,11,14,223,7.24,0.79,refactor(Configuration): Simplify configuration class hasCon || refactor(Configuration): Simplify configuration class method || add method from legacy configuration class: isOverridenByCur
admintheme,AdminThemesController,11,14,420,6.33,0.79,"[-] CORE: Added missing hook on update logo from AdminTheme || [-] CORE: Added missing hook on update logo from AdminTheme || // BO : AdminTheme, Add other theme part when no other theme"
data provider,ProductFormDataProvider,26,78,159,6.49,0.33,Handle orders data placeholders in the form type thus allowi || Handle ecotax new structure in data provider and form handle || Handle combination availability in form data provider
stock,AdminProductsController,78,690,1561,1.64,0.11,[-] BO : Set stock option the same for all context shops whe || [-] BO : Set stock option the same for all context shops whe || [-] BO : #PSCSX-3031 - Set KPI for product out of stock
tab,Tab,61,437,134,5.48,0.14,"Improve how current tab title is generated for quick accesse || Remove deprecated method `getClassName` in class `Tab` || Remove unused contextual list of modules aka ""tab modules"" a"
backoffice order,AdminOrdersController,23,62,700,4.51,0.37,// Fix freeshipping on backoffice Order || // Fix freeshipping on backoffice Order || // Fix freeshipping on backoffice Order
stockmvt,StockMvt,17,34,63,8.41,0.5,BO: introduce StockMvt entity || Update StockMvt.php || // fixed stockmvt
outstanding,OutstandingGridDefinitionFactory,16,30,26,9.78,0.53,Change outstanding grid PDF generation route || Fix outstanding grid invoice field route || Add default value for outstanding grid risk column
kpi,AdminStatsController,20,48,84,7.74,0.42,[-] BO KPI fix on product catalog page (formula and links) || [-] BO : #PSCSX-6137 Fix Ajax load of product KPI tooltips || [-] BO : #PSCSX-3031 - Set KPI for product out of stock
provider,ProductFormDataProvider,42,214,159,5.73,0.2,"Refacto feature form types, the selectors are outside of the || Handle orders data placeholders in the form type thus allowi || Handle ecotax new structure in data provider and form handle"
small bugs,AdminProductsController,15,27,1561,3.93,0.56,// small bugs in combinaitions of virtual products || // small bugs in combinaitions of virtual products || // small bugs in combinaitions of virtual products
pack,AdminProductsController,42,215,1561,2.43,0.2,Moving ajax call about product pack || BO: Prevent adding pack in itself || // Pack miss typo
stores,StoresController,17,35,74,8.14,0.49,"Hide stores from web if no stores are configured || Add breadcrumb to Stores & Supplier front controllers || BO: Translate stores schedules, name and adress from BO"
adminaddresses,AdminAddressesController,10,12,133,8.07,0.83,"[*] BO : #PSFV-94 - // Refactoring AdminAddresses, form.tpl  || [*] BO : #PSFV-94 - // Refactoring AdminAddresses, form.tpl  || // AdminAddresses now uses HelperForm"
class category,Category,10,12,436,6.36,0.83,[-] Class: Missing category param when update positions + du || [-] Class: Category / Use DB delete() method in deleteCatego || [-] Class: Category / Use DB delete() method in cleanGroups(
cart rule,Cart,36,155,1054,3.24,0.23,Fix the wrong cart rule description field || Manage soft delete on OrderCartRule this allows to perists t || Revert #12965 Fix wrong cart calculation when using cart rul
tpl,AdminController,36,158,1763,2.47,0.23,// BO new theme : switch tpl/js/css if layout called from sf || [-] BO : fixed total spent in customer list/list_header.tpl  || [+] BO : Allow override of required_fields.tpl in Helper
suppliers,AdminProductsController,33,131,1561,2.79,0.25,"Do not save wholesale_price with suppliers, separate both || [-] BO : fix #PSTEST-1170 - broken suppliers edition in prod || [-] BO : fix #PSTEST-1170 - broken suppliers edition in prod"
entity repository,RequestSqlRepository,9,10,22,10.78,0.9,Update src/PrestaShopBundle/Entity/Repository/RequestSqlRepo || Update src/PrestaShopBundle/Entity/Repository/RequestSqlRepo || Update src/PrestaShopBundle/Entity/Repository/RequestSqlRepo
adminpreferencescontroller,AdminPreferencesController,9,10,79,8.93,0.9,"Add deprecation notice to legacy controllers to-be-removed A || Revert ""Fix wrong controller extending, removes adminPrefere || Fix wrong controller extending, removes adminPreferencesCont"
thememanager,ThemeManager,9,10,85,8.83,0.9,Add hard coded check of theme_write in ThemeManager || Integrate logger into the ThemeManager service || CO: Fix translations for ThemeManager
provider command,ProductFormDataProvider,9,10,159,7.93,0.9,"Adapt provider and command builder to new tax rule data stru || Readapt data provider, options provider and command builder  || Adapt provider, command builder and js mappers to new form s"
order view,GetOrderForViewingHandler,18,40,130,7.22,0.45,"Display customer groups on order view screen || In Order view, set the lang of the order for order messages || Order View: In Summary, the total is always tax included"
getidbyname,Hook,9,10,347,6.8,0.9,// Fixed hook::getidbyname case || // Fixed hook::getidbyname case || // Improve Hook::getIdByName() performance (side effet : imp
id_shop url,Shop,9,10,494,6.29,0.9,// Fix id_shop in URL for BO || // Fix id_shop in URL for BO || // Fix id_shop in URL for BO
lang pack,AdminTranslationsController,9,10,621,5.96,0.9,[-] BO : #PSCFV-2336 : Now importation of lang pack is movin || [-] BO : #PSCFV-2336 : Now importation of lang pack is movin || [-] BO : #PSCFV-2336 : Now importation of lang pack is movin
classes controller,FrontController,12,18,898,5.0,0.67,Update classes/controller/FrontController.php || Update classes/controller/FrontController.php || Update classes/controller/FrontController.php
price,AdminProductsController,67,575,1561,1.68,0.12,remove unused price precision variable || CO: Fixed bug on save specific price priority for specific p || [-] BO : fix price display error (cldr currency) on product 
contact form,ContactController,11,15,95,8.37,0.73,Control if customer is the owner of the selected order in co || [-] CORE : fixed bug #PSCFV-8745 Contact form e-mail templat || [-] FO: Extension test on file attachment for contact form s
search indexation,Search,11,15,226,7.12,0.73,FO: fix multistore search indexation || [-] Core: Fix #PSCFV-8887 - improve performance of search in || [-] Core: Fix search indexation when nb languages * nb shops
product admin,AdminProductsController,11,15,1561,4.33,0.73,// Improve stock managemetn and advanced stock management op || // Improve stock managemetn and advanced stock management op || // Improve stock managemetn and advanced stock management op
showcase,ShowcaseCard,8,8,16,11.39,1.0, add showcase card || Add carrier showcase card entry || Adds attributes showcase card configuration and enables js
showcase card,ShowcaseCard,8,8,16,11.39,1.0, add showcase card || Add carrier showcase card entry || Adds attributes showcase card configuration and enables js
admindeliveryslipcontroller,AdminDeliverySlipController,8,8,36,10.22,1.0,BO: clean AdminDeliverySlipController || // AdminDeliverySlipController : fixed toolbars || // AdminDeliverySlipController : fixed toolbars
customertype,CustomerType,8,8,42,10.0,1.0,Update CustomerType.php || Update CustomerType.php || Update CustomerType.php indentation
orderconfirmationcontroller,OrderConfirmationController,8,8,50,9.75,1.0,"Update OrderConfirmationController.php || Update OrderConfirmationController.php || Remove ""id_cart"" from the context cookies if you are on the "
addressformat,AddressFormat,8,8,58,9.53,1.0,Remove deprecated in AddressFormat || Define AddressFormat::FORMAT_NEW_LINE and use it instead of  || CO: Update AddressFormat class to ps standards
admincountries,AdminCountriesController,8,8,96,8.81,1.0,[-] BO : Duplicate currencies in AdminCountries in multishop || // fix order_by zone on admincountries || // make some strings in AdminCountries translatable
localization packs,LocalizationPack,8,8,120,8.48,1.0,fix localization packs || [*] BO : attributes taken into account for the language enti || // Fixed taxes in localization packs
suppliercontroller,SupplierController,8,8,132,8.35,1.0,Update src/PrestaShopBundle/Controller/Admin/Sell/Catalog/Su || Fix undef vars in supplierController || Modifies SupplierController to catch Generic exceptions
admincartrulescontroller,AdminCartRulesController,8,8,163,8.04,1.0,Update controllers/admin/AdminCartRulesController.php || CO: Fixed bug in AdminCartRulesController when limiting the  || [-] BO : fixed bug : it's not possible to override some Admi
adminhomecontroller,AdminHomeController,8,8,175,7.94,1.0,"// Removing AdminHomeController || [-] MO : Bug fix : AdminHomeController, allow_url_fopen && T || [-] MO : Bug fix : AdminHomeController, allow_url_fopen && T"
premium activation,AdminHomeController,8,8,175,7.94,1.0,[-] BO : Premium activation block & logos || [-] BO : Premium activation block & logos || // Link added on premium activation optional parameter
class helperform,HelperForm,8,8,180,7.9,1.0,// fix Update the call of JavaScript and CSS files in the cl || // fix Update the call of JavaScript and CSS files in the cl || // fix Update the call of JavaScript and CSS files in the cl
address controller,AddressController,8,8,185,7.86,1.0,Refacto Address controller with PrestaShopAdminController || Fix bad redirection after error in address controller - part || Fix bad redirection after error in address controller - part
addresscontroller,AddressController,8,8,185,7.86,1.0,Update AddressController.php || Update controllers/front/AddressController.php || //added Address::aliasExist() and clean AddressController
stockmanager getproductrealquantities,StockManager,8,8,188,7.84,1.0,[-] Core: Fix StockManager::getProductRealQuantities() per w || [-] Core: Fix StockManager::getProductRealQuantities() per w || [-] Core: Fix StockManager::getProductRealQuantities() for r
classes mail,Mail,8,8,194,7.79,1.0,Update classes/Mail.php || Update classes/Mail.php || Update classes/Mail.php
adminattributesgroups,AdminAttributesGroupsController,8,8,219,7.62,1.0,[*] BO : updating labels and descriptions for AdminAttribute || [-] BO : Fix warning in AdminAttributesGroups after https:// || [-] BO : fix #PSTEST-1175 - duplicate text in toolbar in Adm
genders,AdminCustomersController,8,8,283,7.25,1.0,[-] BO : Rename genders images when upgrading from 1.5.0.1 t || [-] BO : Rename genders images when upgrading from 1.5.0.1 t || [-] BO : Rename genders images when upgrading from 1.5.0.1 t
routes dispatcher,Dispatcher,8,8,314,7.1,1.0,[-] Core : prepend/append are now a little more optionnal in || [-] Core : prepend/append are now a little more optionnal in || // Routes for dispatcher (part 5)
getproductlink,Link,8,8,416,6.69,1.0,Be able to don't add anchor in the URL for getProductLink me || //small fix on Link::getProductLink() || //small fix on Link::getProductLink()
classes cartrule,CartRule,8,8,451,6.57,1.0,Update classes/CartRule.php || Update classes/CartRule.php || Update classes/CartRule.php
order_conf,PaymentModule,8,8,455,6.56,1.0,// mail design for cart rules in order_conf || [-] FO: CLONE - order_conf still not fixed propertly #2 - #P || [-] FO: CLONE - order_conf still not fixed propertly #2 - #P
pscsx import,AdminImportController,8,8,693,5.95,1.0,[+] BO : #PSCSX-6327 Import excel files || [-] BO : #PSCSX-6453 Import duplicates parent categories if  || [-] BO : #PSCSX-6453 Import duplicates parent categories if 
module instance,Module,8,8,884,5.6,1.0,"[-] Classes : Bug fix : Modules, check module instance || [-] Classes : Bug fix : Modules, check module instance || [-] Classes : #PSCFI-4569 : BugFix : Get module instance by "
module override,Module,8,8,884,5.6,1.0,CO: Load parent module override if needed || [-] CORE: Fix #PSCSX-6478 module override with explicit depe || [-] CORE: Fix #PSCSX-6478 module override with explicit depe
class cart,Cart,8,8,1054,5.35,1.0,Removed deprecated parameter in class Cart || BO: fixed static call on class cart || [-] Class: Cart / Correct cache_key name for getOrderedCartR
function tools,Tools,8,8,1134,5.24,1.0,// Re added global getPath() admin function into Tools and d || // Added debug function Tools::debug_backtrace() || // Fix bug with product ordering by manufaturer name on the 
subtabs,AdminController,8,8,1763,4.61,1.0,// Fix tab display in menu when there are no subtabs || // Fix tab display in menu when there are no subtabs || // Fix tab display in menu when there are no subtabs
specific prices,SpecificPrice,24,72,157,6.51,0.33,Get specific prices: let mysql optimize the query. Optimizin || Restore old products specific prices if needed || CO: Cast id_cart to int as with id_customer.  Results in id_
warehouse,AdminWarehousesController,33,138,171,5.91,0.24,BO: Split delete warehouse method || [-] BO : Fix #PSCSX-3035 swap helper update and add if no se || [*] BO : PSCSX-3035 Warehouse carrier like product carrier s
groups,AdminGroupsController,36,167,162,5.84,0.22,groups list : display new group buttons after saving options || Disable access to the customer groups page when this feature || Allow enable/disable selection for customers in Customer Gro
root category,AdminCategoriesController,24,72,368,5.28,0.33,BO: redirect with message when root category is not availabl || [-] BO : Fix PSCSX-2620 when edit home category and save don || [-] BO : Fix PSCSX-2620 when edit home category and save don
modules now,AdminModulesController,15,29,564,5.3,0.52,[-] BO : Admin Modules now handle simple http request for do || [-] BO : Admin Modules now handle simple http request for do || [-] BO : Admin Modules now handle simple http request for do
opc,ParentOrderController,26,87,196,6.03,0.3,"[*] StarterTheme OPC : Clean Slate || [-] FO : Fix bug #PSCSX-2014, bad carrier in OPC || // parse error when login in OPC when country adress not act"
specific,SpecificPrice,52,354,157,5.33,0.15,Reset specific price priorities after feature || Get specific prices: let mysql optimize the query. Optimizin || fix specific price duplication
rules,Cart,52,358,1054,2.57,0.15,Fix order cart rules calculation || Do not use specific prices to calculate cart rules || Calculate gift cart rules first
helper renderadmincategorietree,Helper,10,13,225,7.2,0.77,// Helper::renderAdminCategorieTree refactoring || // Helper::renderAdminCategorieTree refactoring || // Helper::renderAdminCategorieTree refactoring
renderadmincategorietree,Helper,10,13,225,7.2,0.77,// Helper::renderAdminCategorieTree refactoring || // Helper::renderAdminCategorieTree refactoring || // Helper::renderAdminCategorieTree refactoring
helper list,HelperList,10,13,316,6.71,0.77,adds constant for helper list which defines default thumbnai || [-] Class: Helper List / Change delete to default || //small fix on helper list with icon
pscfv save,AdminProductsController,10,13,1561,4.4,0.77,"Revert ""[-] BO : Fix bug #PSCFV-12280, save product list, fi || Revert ""[-] BO : Fix bug #PSCFV-12280, save product list, la || [-] BO : Fix bug #PSCFV-12280, save product list, last part"
multishop,Shop,70,653,494,3.22,0.11,// handle multishop on cms || // Shop Context without multishop is now no longer ALL but S || // Shop Context without multishop is now no longer ALL but S
request sql,SqlManagerController,13,22,52,8.93,0.59,Request SQL settings form || add request sql grid definition || add export action for request sql
pdf,HTMLTemplateInvoice,45,266,119,5.93,0.17,Removed ecotax in invoice/orderslip PDF if ecotax is disable || Update classes/pdf/HTMLTemplateInvoice.php || Change Language in Context to generate PDF then restore
product duplication,Product,11,16,1478,4.32,0.69,product duplication in table ps_product_supplier || [-] BO: Fix combinations duplication on multishop with conte || [-] BO: Fix SQL request on downloadable product duplication
gender,Gender,14,26,22,10.04,0.54,Update Gender.php || CO: Doc + cleanup Gender class || // Add id attribute for Gender and Risk
credit slip,HTMLTemplateOrderSlip,12,19,103,8.04,0.63,"Fixed sort error after generation of credit slip just for de || Fixes issue with credit slip not downloading || [-] BO : FixBig #PSCSX-4690, #PSCSX-4676 - Fixing Credit sli"
threads,AdminCustomerThreadsController,12,19,154,7.46,0.63,"BO: Fix the customer threads status change || Customer threads : Reply with the good template, logo and li || Customer threads : Reply with the good template, logo and li"
homepage,AdminHomeController,12,19,175,7.28,0.63,// Fixed // Fixed potential warning on homepage #PSCFV-3687 || // Fixed // Fixed potential warning on homepage #PSCFV-3687 || // Fixed // Fixed potential warning on homepage #PSCFV-3687
multi-shipping,CartRule,12,19,451,5.91,0.63,[-] FO : wrong calcul of the free shipping in multi-shipping || [-] FO : wrong calcul of the free shipping in multi-shipping || [-] FO : wrong calcul of the free shipping in multi-shipping
multi-shipping,Cart,12,19,1054,4.69,0.63,[-] FO : wrong calcul of the free shipping in multi-shipping || [-] FO : wrong calcul of the free shipping in multi-shipping || [-] FO : wrong calcul of the free shipping in multi-shipping
productforediting,ProductForEditing,9,11,32,10.1,0.82,Add shop IDs in ProductForEditing query ||  retrieve attachemnts in ProductForEditing query || Rename ProductForEditing::coverUrl to coverThumbnailUrl
admincustomerthreads,AdminCustomerThreadsController,9,11,154,7.83,0.82,"[-] BO : Fix #PSCSX-6805, confusion about private messages i || [-] BO : Fix bug #PSCSX-2701, parse error in AdminCustomerTh || [*] BO: typos in AdminCustomerThreads."
carriers now,Carrier,9,11,241,7.19,0.82,[-] BO: carriers are now updated in warehouse after update || [-] BO: carriers are now updated in warehouse after update || [-] BO: carriers are now updated in warehouse after update
prices now,AdminSupplyOrdersController,9,11,311,6.82,0.82,// Fixed Supply Orders: prices are now correctly updated || // Fixed Supply Orders: prices are now correctly updated || // Fixed Supply Orders: prices are now correctly updated
stock interfaces,AdminSupplyOrdersController,9,11,311,6.82,0.82,// Multiple bugs fix on stock interfaces during tests || // Multiple bugs fix on stock interfaces during tests || // Multiple bugs fix on stock interfaces during tests
customization,Cart,32,140,1054,3.22,0.23,Fix quantity check when there a customization in cart (Backp || Check the qty of products with or without customization || Deprecate Customization::$quantity
specific prices,AdminProductsController,23,72,1561,3.14,0.32,[1.6.1.x] Fix for duplication of product which has both comb || [+] BO : Allow discounts (specific prices) to be set tax exc || [-] BO : fixed bug #PSCFV-6130 - Wrong currency in product s
management,AdminProductsController,46,290,1561,2.13,0.16,// Product form: quantity management when no combination || [-] BO: Stock should not appears on product listing when sto || [-] BO: Fix #PSCFV-8422 it is now possible to manage minimal
account creation,AuthController,14,27,277,6.33,0.52,//Add account creation in AuthController || [-] BO: You can now disable the email sent after account cre || [-] BO: You can now disable the email sent after account cre
form product,ProductController,14,27,941,4.57,0.52, move SpecificPrice form out of product form ||  decouple combinations form from product || BO: Added bulk actions combinations form to product
image,AdminProductsController,56,447,1561,1.79,0.13,generate multiple image format at product creation || [-] BO : Fix cover image issues (PSCSX-6473) || [-] BO : Fix cover image issues (PSCSX-6473)
loading,AdminProductsController,25,87,1561,2.98,0.29,"[-] BO : Fix #PSCSX-6743, possible Exception in product tabs || // Refacto product page loading || // Refacto product page loading"
override,Module,38,199,884,3.21,0.19,fix wrong condition on override check at module enable || pass ps override dir as parameter to overrideChecker service || Fix #29436 - The override directory is deleted when override
accounting,Accounting,20,55,20,9.61,0.36,[-] BO : Add french accounting translation || [-] BO : Add french accounting translation || [-] BO : Add french accounting translation
resize,ImageManager,12,20,133,7.6,0.6,FO: stop relying on rewritten URL to resize images || CO: Add documentation to resize function params (ImageManage || [*] CORE : Inserted hook in the resize and cut function
requestsql,RequestSql,11,17,44,9.3,0.65,Update RequestSql.php || Update classes/RequestSql.php || fix SQL ORDER keyword check if RequestSql model
tab,AdminController,55,437,1763,1.62,0.13,"Remove unused contextual list of modules aka ""tab modules"" a || Fix tab modules list || Manage enabled parameter on Tab, the tabs are automatically "
stock supplier,SupplierOrderState,8,9,14,11.41,0.89,// stock : bug fix on supplier orders states change || // stock : bug fix on supplier orders states change || // stock : update supplier orders interface + change state b
fileuploader,FileUploader,8,9,57,9.39,0.89,Change return type in FileUploader || // FileUploader.php: image legend -> image caption (+better  || // FileUploader: typo.
bugs supplier,AdminSupplierOrdersController,8,9,70,9.09,0.89,// stock : update and bugs fix on supplier order add product || // stock : update and bugs fix on supplier order add product || // stock : update and bugs fix on supplier order add product
translations errors,AdminTranslationsController,8,9,621,5.94,0.89,[*] TR: Update translations for errors || [*] TR: Update translations for errors || [-] BO : translations errors : fix regex
adminpdf,AdminPdfController,10,14,20,10.58,0.71,Deprecate AdminPdf calls and use Sf routes || // small fix on adminpdf || // small fix on adminpdf
customer threads,AdminCustomerThreadsController,10,14,154,7.64,0.71,"BO: Fix the customer threads status change || Customer threads : Reply with the good template, logo and li || Customer threads : Reply with the good template, logo and li"
backup,BackupController,15,32,27,9.54,0.47,Avoid exception for missing route and display appropriate me || Removed uneeded space in backup controller || Restored backup and sql manager controllers
flag,FeatureFlagLang,22,68,34,8.68,0.32,Create new dedicated feature flag for discount || Remove feature flag for search aliases || Add feature flag for module configuration
structure,ProductFormDataProvider,19,51,159,6.65,0.37,"Handle ecotax new structure in data provider and form handle || Adapt provider and command builder to new tax rule data stru || Readapt data provider, options provider and command builder "
kpis,AdminStatsController,13,24,84,8.11,0.54,"[*] BO : modified 80/20 KPIs to a simpler (but efficient) on || [*] BO : added tooltip to KPIs [-] BO : applied the ""product || // Fixed entities on KPIs"
rules,AdminCartRulesController,49,358,163,5.17,0.14, Make sure employee has the right to see cart rules || refresh cart rules fixes and js methods || logic to refresh the cart rules from javascript after adding
footer,FooterType,18,48,34,8.89,0.38,Add cancel icon to footer cancel button || Modify product footer to display most of the buttons in drop || Simplify wording for delete and duplicate buttons in the foo
sav,AdminCustomerThreadsController,12,21,154,7.32,0.57,[-] BO : fixed bug #PSCSX-1832 - customer employee image in  || [-] BO : fixed bug #PSCSX-938 - SAV attachment display in th || //small SAV fix
backoffice orders,AdminCartsController,12,21,217,6.82,0.57,[-] BO: Fix #PSCFV-6118 display of product image for git on  || [-] BO: Fix #PSCFV-6118 display of product image for git on  || [*] BO: Improve customization management on BackOffice order
pack,Pack,38,215,106,6.16,0.18,"Fix rounding of no pack price || Fix product cache pack value hen all products are removed, h || Fix Pack::isPack so that it takes the DB type into account"
feature flag,FeatureFlagSettings,17,42,23,9.56,0.4,fix: change feature flag name and wording || feat: add feature flag for incoming new shipment system || Remove module configuration feature flag
mobile theme,Context,17,42,165,6.72,0.4,// mobile theme || [+] Core : added a boolean in the database (guest/cart/order || [+] Core : added a boolean in the database (guest/cart/order
stock,StockAvailable,68,690,232,4.19,0.1,Handle Combination StockAvailable for group sharing stock || [-] CORE : Stock synchronization fails in case of shared war || // Add bug fix and Advanced Stock Management case
rule,Cart,40,238,1054,2.78,0.17,Fix the wrong cart rule description field || Manage soft delete on OrderCartRule this allows to perists t ||  rewert legacy changes. Add gift rule in CartInfo instead
order,PaymentModule,97,1475,455,2.63,0.07,feat: modify order creation || chore: create own method to create order || chore: update shipment creation & stop duplicate for order c
loyalty,LoyaltyModule,9,12,19,10.73,0.75,[-] MO :Fixed #PNM-1654 (Loyalty module) by using most expen || [-] MO productcomments and loyalty: loyalty doesn't disconne || [-] MO productcomments and loyalty: loyalty doesn't disconne
prestashopbundle entity,RequestSqlRepository,9,12,22,10.52,0.75,Update src/PrestaShopBundle/Entity/Repository/RequestSqlRepo || Update src/PrestaShopBundle/Entity/Repository/RequestSqlRepo || Update src/PrestaShopBundle/Entity/Repository/RequestSqlRepo
reader,Reader,9,12,29,10.12,0.75,Improved CLDR Reader for extracting territories || Fixed CLDR reader (xpath was TOO specific) || Multiple fixes : - Changed default precision for currency (n
ccc,Media,15,33,175,6.8,0.45,// CCC Change || [-] FO : changed the order between external/internal files i || // fix ccc versioning
order edition,Order,9,12,468,6.11,0.75,"// Huge code cleaning on order edition, a lot of values were || // Huge code cleaning on order edition, a lot of values were || // Huge code cleaning on order edition, a lot of values were"
import multishop,AdminImportController,9,12,693,5.54,0.75,[-] BO : Bug fixed #PSCFV-1975 - Combination import + multis || [-] BO : Bug fixed #PSCFV-1975 - Combination import + multis || [-] BO : Bug fixed #PSCFV-1975 - Combination import + multis
line edition,AdminOrdersController,9,12,700,5.52,0.75,[-] BO : fixed bug #PSCFV-2503 - fix issue on stock update w || [-] BO : fixed bug #PSCFV-2503 - fix issue on stock update w || [-] BO : fixed bug #PSCFV-2503 - fix issue on stock update w
definitions,ObjectModel,15,33,440,5.47,0.45,"[*] WS : Fix, Webservice use definitions property instead of || [*] WS : Fix, Webservice use definitions property instead of || [*] WS : Fix, Webservice use definitions property instead of"
redirection product,AdminProductsController,9,12,1561,4.37,0.75,[-] BO : fix bug #PSTEST-719 - wrong redirection on product  || [-] BO : fix bug #PSTEST-719 - wrong redirection on product  || [-] BO : fix bug #PSTEST-719 - wrong redirection on product 
xml,Module,21,65,884,3.97,0.32,Add Module::getModuleVersion to get more dynamic version fro || // Small fix untrusted xml || // Small fix untrusted xml
contextstatemanager,ContextStateManager,11,18,32,9.68,0.61,Handle AdminController::$currentIndex in ContextStateManager || Add ContextStateManager::setEmployee method || ContextStateManager can handle context current locale
adapter configuration,Configuration,11,18,223,6.88,0.61,Update src/Adapter/Configuration.php || Update src/Adapter/Configuration.php || Update src/Adapter/Configuration.php
product line,AdminOrdersController,11,18,700,5.23,0.61,[-] BO : Fix #PSCFV-11417 delete product in line advanced st || [*] BO: Warehouse name is now displayed on each product line || [-] BO : fixed bug #PSCFV-2503 - fix issue on stock update w
products,Product,61,552,1478,1.68,0.11,"FO : Fix offset for ""NEW"" products listing || add condition before substracting cart products from stock q || BO: Add Pack::getQuantity() method, fix products quantities "
supplier order,SupplierOrder,12,22,16,10.52,0.55,// stock : update and bugs fix on supplier order add product || // stock : update and bugs fix on supplier order add product || // stock : bugs fix and update of supplier order add product
supplier order,AdminSupplierOrdersController,12,22,70,8.39,0.55,// stock : update and bugs fix on supplier order add product || // stock : update and bugs fix on supplier order add product || // stock : update and bugs fix on supplier order add product
stockmvt,AdminStockMvtController,15,34,89,7.73,0.44,// Improved StockInstantState / StockMvt || // Improved StockInstantState / StockMvt || // Improved StockInstantState / StockMvt
parsing,AdminTranslationsController,13,26,621,5.11,0.5,"[-] BO : Fixed parsing of files *.twig for translations || [-] CORE : Follow up #PSCSX-2039, parsing regex in admin TR || // make translation parsing more flexible"
translate,AdminTranslationsController,24,88,621,4.24,0.27,Removed deprecated method Translate::getAdminTranslation || BO: Fix the module translate button || BO: Fix bug in translate module page
notifications,Notification,18,50,63,7.94,0.36,Fixes customer view url in notifications bar || BO: Improve notifications data format || CO: Retrieve all required data for notifications
invoices,OrderInvoice,18,50,195,6.31,0.36,"add method to fetch multiple invoices for a single order (mu || add method to fetch multiple invoices for a single order (mu || Revert ""Generate PDF invoices in user language"""
product interface,AdminSupplierOrdersController,8,10,70,8.94,0.8,// stock : update and bugs fix on supplier order add product || // stock : update and bugs fix on supplier order add product || // stock : update and bugs fix on supplier order add product
stock bugs,AdminSupplierOrdersController,8,10,70,8.94,0.8,// stock : update and bugs fix on supplier order add product || // stock : update and bugs fix on supplier order add product || // stock : update and bugs fix on supplier order add product
slip pdf,HTMLTemplateOrderSlip,8,10,103,8.38,0.8,[-] BO : #PSCSX-6308 refacto order slip PDF generation || [-] BO : #PSCSX-6308 refacto order slip PDF generation || [-] BO : #PSCSX-6308 refacto order slip PDF generation
installer check,ConfigurationTest,8,10,109,8.3,0.8,[-] Installer : Fix check about deleted folder || [*] Installer : Add check for PHP zip extension || // INSTALLER : Check if apache mod_rewrite is enabled
tag,Tag,20,62,66,7.71,0.32, remove all related products from index when removing tag ||  show all tags (not only active) when selecting products for || Fix bug for tag content with not trimmed spaces
controllercore,Controller,8,10,304,6.82,0.8,"In controllerCore, set service container before the translat || CO: switched to long array creation syntax in ControllerCore || CO: refactored smartyOutputContent in ControllerCore"
rewrited,Dispatcher,8,10,314,6.77,0.8,[-] FO: Fix dispatcher which not allow underscores on rewrit || [-] FO: Fix dispatcher which not allow underscores on rewrit || [-] FO: Fix dispatcher which not allow underscores on rewrit
refresh product,OrderController,8,10,547,5.97,0.8,Refresh product list when a product is deleted + loading spi || Add Payments block refresher - Refresh when product is added || add error handling on refresh product prices ajax method
addons connection,AdminModulesController,8,10,564,5.93,0.8,// Adding clear xml cache on addons connection || // Adding clear xml cache on addons connection || [-] BO : AdminModules fix on Addons Connection
during import,AdminImportController,8,10,693,5.63,0.8, assign combinationId to already assigned product suppliers  || [*] Performances : disable cache during import || [-] BO : fix bug with utf8 symbols in image urls during impo
addonsrequest,Tools,8,10,1134,4.92,0.8,Remove Tools::addonsRequest('module') calls || Remove 'native_all' from Tools::addonsRequest() || Remove 'customer_themes' from Tools::addonsRequest()
suppliers product,Product,8,10,1478,4.54,0.8,// Fixed bugs when editing Warehouses & Suppliers for a prod || // Fixed bugs when editing Warehouses & Suppliers for a prod || // Fixed bugs when editing Warehouses & Suppliers for a prod
products,Cart,58,552,1054,2.1,0.11,"Fix deleting products without combinations, when there are m || Fix gifts & products with customizations || Check the qty of products with or without customization"
controllers admin,AdminTranslationsController,15,36,621,4.85,0.42,Update controllers/admin/AdminTranslationsController.php || Update controllers/admin/AdminTranslationsController.php || Update controllers/admin/AdminTranslationsController.php
module configuration,AdminModulesController,12,23,564,5.31,0.52,Fix module configuration offset on top of the page || // Adding more buttons to module configuration || // Fix missing module configuration bar #PSCSX-3
summary,Cart,16,41,1054,3.99,0.39, include gift cart rules in cart summary || Add hook displayCartSummary to customize cart summary from a || [-] BO: Fix #PSCFV-6120 display of shipping price on BO orde
product creation,AdminProductsController,12,23,1561,3.84,0.52,generate multiple image format at product creation || [-] BO: Auto-select the tax rules group most used on product || [-] BO: Auto-select the tax rules group most used on product
stock management,AdminProductsController,27,120,1561,2.63,0.23,[-] BO: Stock should not appears on product listing when sto || [-] BO: Fix #PSCFV-8422 it is now possible to manage minimal || [-] BO: Fix #PSCFV-8422 it is now possible to manage minimal
prestatrust,PrestaTrustChecker,9,13,18,10.69,0.69,TE: Update tests regarding PrestaTrust || TE: Add test for PrestaTrust || CO: Code review regarding PrestaTrust v2
employee form,EmployeeType,9,13,28,10.05,0.69,Preload employee form homepage firle with only available pag || Simplify Employee Form || Added Password Policy in Employee Form
memcache,CacheMemcache,9,13,35,9.73,0.69,[*] Performances : fix exists test on memcache || Get ride of inefficient local key array storage in memcache  || skip getting keys if memcache not connected
modulerepository,ModuleRepository,9,13,97,8.26,0.69,Use LanguageContext in ModuleRepository for better stability || Remove ModuleRepository and ModuleRepositoryFactory || Update src/Core/Module/ModuleRepository.php
attribute values,AdminAttributesGroupsController,9,13,219,7.09,0.69,[-] BO : attribute values can appear beyond 50 values #PSCFV || [-] BO : attribute values can appear beyond 50 values #PSCFV || [-] BO : attribute values can appear beyond 50 values #PSCFV
controller class,Controller,9,13,304,6.61,0.69,Removed deprecated method `addJquery` in `Controller` class || Refactor Controller class (minor changes) || [PSR-2] Fix coding standards in controller class files
default attribute,Product,9,13,1478,4.33,0.69,[-] BO Fix #PSCSX-4430 : Fix wrong default attribute fro bul || [-] FO: Fix #PSCFV-6456 price of default attribute with spec || [-] FO: Fix #PSCFV-6456 price of default attribute with spec
helper renderadmincategorietree,AdminProductsController,9,13,1561,4.25,0.69,// Helper::renderAdminCategorieTree refactoring || // Helper::renderAdminCategorieTree refactoring || // Helper::renderAdminCategorieTree refactoring
renderadmincategorietree,AdminProductsController,9,13,1561,4.25,0.69,// Helper::renderAdminCategorieTree refactoring || // Helper::renderAdminCategorieTree refactoring || // Helper::renderAdminCategorieTree refactoring
pscfv live,AdminModulesPositionsController,10,16,90,8.22,0.62,"[-] BO : Fix bug #PSCFV-12193, live edit url with virtual ur || [-] BO : Fix bug #PSCFV-12193, live edit url with virtual ur || [-] BO : fixed bug #PSCFV-9782 - live edit bug with multisto"
menu,AdminController,20,65,1763,2.91,0.31,Remove tabs with invalid route from the rendered menu to avo || Removed links in employee menu & Added hook for adding links || Menu and breadcrum use route_name from Tab to build link
customers,AdminCustomersController,28,127,283,5.06,0.22,"remove legacy customers code || [-] BO : Fix #PSCSX-5401, limit results for customers search || [-] BO : Fix bug #PSCSX-4747, Inactive customers when creati"
modules list,AdminModulesController,14,32,564,5.06,0.44,[-] BO : Fix timeout on customer modules list || [-] BO : Fix timeout on customer modules list || // Modules list URL updated
package,Cart,14,32,1054,4.16,0.44,[-] FO : recycled package should be disabled by default (bec || [-] FO : recycled package should be disabled by default (bec || [-] FO : added the concept of product package (multi-shippin
product attribute,Product,15,37,1478,3.56,0.41,migrate product attribute groups SQL to DbQuery class || Add Product attribute ID in pack via API || [-] BO: Fix product attribute values on product duplication 
product attribute,AdminProductsController,15,37,1561,3.48,0.41,[-] BO : FixBug Impossible to remove available date from pro || // Fix deprecated warning on product attribute create || // Fix deprecated warning on product attribute create
prices,AdminProductsController,34,185,1561,2.34,0.18,[1.6.1.x] Fix for duplication of product which has both comb || [+] BO : Allow discounts (specific prices) to be set tax exc || //Force int val in product prices
specific,Product,47,354,1478,1.95,0.13,Fix specific price condition || fix specific price duplication || Get unique product ids at specific prices
form data,ProductFormDataProvider,21,72,159,6.3,0.29,Handle combination availability in form data provider || Fix product form data provider so that associations are alwa || Fix conflicts from product form data provider
notification,Notification,16,42,63,8.02,0.38,Notification Dropdown : Migrate links to Symfony routes || CO: sql injection Notification || CO: Doc + cleanup Notification class
adminlogin,AdminLoginController,11,20,179,7.04,0.55,// take passwd from request on adminlogin || // take passwd from request on adminlogin || // bad variable name on adminlogin
sql manager,RequestSql,12,24,44,8.93,0.5,Fix arbitrary file ready through sql manager || Fix arbitrary file ready through sql manager || CO: Subrequest error in SQL Manager
module controller,ModuleController,12,24,266,6.34,0.5,Refacto module controller to extend PrestaShopAdminControlle || Fix typo in module controller messages || BO: Remove ajax checks in module controller as they are mand
routes,Dispatcher,24,96,314,5.1,0.25,"Comment routes, allow adding new ones || Handle array parameter to build routes || CO: Load id_shop routes when needed"
pstest,AdminAttributesGroupsController,75,981,219,3.91,0.08,[-] BO : #PSTEST-853 - Change field description || [-] BO : #PSTEST-853 - Change field description || [-] BO : #PSTEST-853 - Change field description
pi,AdminProductsController,12,24,1561,3.78,0.5,// PI-116 - attribute default refactoring || // PI-116 - attribute default refactoring || // PI-116 - attribute default refactoring
tabs,AdminProductsController,30,152,1561,2.44,0.2,"[-] BO : Fix #PSCSX-6743, possible Exception in product tabs || // Change spaces for tabs || [-] BO : FixBug #PSCSX-1257 - Tabs not loaded correctly"
uninstall,Module,13,28,884,4.5,0.46,Add hook in module uninstall process || CO: use DISTINCT in query to improve uninstall() method in M || BO: Display module confirm uninstall message
module list,AdminModulesController,17,48,564,4.75,0.35,[-] BO: module list was empty on updating multiple modules || // module list || //tab module list small fix
accounting,AdminProductsController,18,55,1561,3.17,0.33,// Delete Accounting #2 || // Delete Accounting #2 || // Delete Accounting #2
quantity,Product,42,306,1478,2.0,0.14,Remove useless pack quantity || Fix quantity check when there a customization in cart (Backp || Comment cart and quantity methods
phone,AuthController,13,29,277,6.12,0.45,"[-] : Fix bug #PSCFV-4859, could not register invoice addres || [-] Mobile : Bug fix : Authentication & phone number || [-] FO : GuestAccount required phone"
product cart,Cart,15,38,1054,4.01,0.39,Fix cart quantity check when there is a customized product i || fix error while adding product to cart in quantity check || [-] FO : fixed bug while adding twice customizable product i
pdf,PDFGenerator,39,266,52,6.92,0.15,Fix diacritics pdf invoice support for ro-RO || Add phpdoc for PDF classes || Improve PDF generators implementations
scene,Scene,8,11,23,10.41,0.73,[-] BO : Fix bug #PSCFV-7353 can not see the thumb for a sce || [-] BO : #PSTEST-705 fix scene image upload || [-] BO : #PSTEST-705 fix scene image upload
sitemap,SitemapController,8,11,34,9.84,0.73,"Fix sitemap url conflict, allow using the hook with fallback || Refacto frontend sitemap and add hook to modify it || Fix create account sitemap link"
accounting export,AdminAccountingExportController,8,11,47,9.38,0.73,[-] BO : Update accounting for export and configuration || [-] BO : Update accounting for export and configuration || [-] BO : Update accounting for export and configuration
metas,Meta,8,11,92,8.41,0.73,[-] FO : Metas in maintenance mode || // add field on metas || [-] FO: Fix random bugs with metas
order statuses,AdminStatusesController,8,11,117,8.06,0.73,"Finish the migration of Order Statuses || [-] BO : Fix #PSCSX-5271, notices on order statuses || [-] Mail preview fix for order statuses"
stock interfaces,AdminController,8,11,1763,4.15,0.73,// Multiple bugs fix on stock interfaces during tests || // Multiple bugs fix on stock interfaces during tests || // Multiple bugs fix on stock interfaces during tests
generation,Tools,29,143,1134,2.94,0.2,"Improve htaccess generation || Moved the generation command to the Handler, some correction || [-] CORE : Fix #PSCSX-3480 htaccess generation with media se"
carrier selection,ParentOrderController,9,14,196,7.14,0.64,[-] FO: Fix default carrier selection in order process || [-] FO: Fix default carrier selection in order process || [-] FO: Fix default carrier selection in order process
media,Media,16,45,175,6.45,0.36,Remove unused things in Media class || BO: fix clear media cache || CO: Doc + cleanup Media class
language class,Language,9,14,336,6.36,0.64,CO: Add two functions in Language class || [*] Classes : Refacto in Language class || [*] Classes : Refacto in Language class
current_state,Order,9,14,468,5.88,0.64,[-] WS : Fix current_state not filterable on Orders (#PSCSX- || [-] WS : Fix current_state not filterable on Orders (#PSCSX- || [-] WS : Fix current_state not filterable on Orders (#PSCSX-
order paid,AdminOrdersController,9,14,700,5.3,0.64,[-] BO : #PSCFV-139 - Partial refund must not be available w || [-] BO : #PSCFV-139 - Partial refund must not be available w || [-] BO : #PSCFV-139 - Partial refund must not be available w
address delivery,Cart,9,14,1054,4.71,0.64,// Shippping calculation on multishipping did not use packag || // Shippping calculation on multishipping did not use packag || // Shippping calculation on multishipping did not use packag
image system,AdminProductsController,9,14,1561,4.14,0.64,// Changed image system to new default (+customization) || // Changed image system to new default (+customization) || // Changed image system to new default (+customization)
currentindex,AdminController,9,14,1763,3.97,0.64,[-] BO : Fixed bug #PSFV-282. Add back the currentIndex and  || [-] BO : Fixed bug #PSFV-282. Add back the currentIndex and  || [-] BO : Fixed bug #PSFV-282. Add back the currentIndex and 
association,AdminProductsController,32,182,1561,2.27,0.18,Fix supplier / product v1 association || [-] BO: association of product attributes on associating a p || // Fix product multishop association when the product is cre
group,Product,48,386,1478,1.85,0.12,Fix category access when group feature is disabled || Remove specific price constraint when applying group reducti || Fix group reduction when specific price is set
preview,AdminProductsController,25,108,1561,2.67,0.23,[+] BO : add preview link in product controller || [-]BO : #PSCSX-4221 Fix the wrong preview of the products re || [-] BO : Toolbar New Product - removed preview button
smarty cache,Tools,14,34,1134,3.96,0.41,CO: Clear both Symfony and Smarty cache after adding languag || [*] BO : Add clear smarty cache button || // don't try to clear smarty cache if smarty is not defined
carriers,AdminCarriersController,30,157,132,5.96,0.19,Fixed sort for naming in Admin > Carriers list || Add back legacy carriers listing controllers and views || Fix carriers links
helper,HelperList,30,158,316,4.69,0.19,adds constant for helper list which defines default thumbnai || BO: add missing domain helper || [PSR-2] Fix coding standards and indentation in helper class
catalog,ProductController,30,156,941,3.13,0.19,Refactoring product catalog controllers with PrestaShopAdmin || Update src/PrestaShopBundle/Controller/Admin/Sell/Catalog/Pr || Update src/PrestaShopBundle/Controller/Admin/Sell/Catalog/Pr
data,ProductFormDataProvider,51,478,159,4.85,0.11,"Split feature values into multiple collection for each paren || Handle javascript for new UX of feature management, also nee || Refacto feature form types, the selectors are outside of the"
png,ImageManager,10,18,133,7.49,0.56,check source file type for png || Palette stuff only for png || bug fix with 8bits png with a transparent color
multishop,Category,62,653,436,3.23,0.09,"In MultiShop, In new Category, display the top category if t || // handle multishop 958b8ab8bfc0fc7627bc5ab1d047098b9f55e10e || //Fix multishop tree categories"
order confirmation,PaymentModule,12,26,455,5.45,0.46,Fix hyphen end of name in mail order confirmation || Improve wording on order confirmation email || Fix carrier display in order confirmation email
utf,Tools,12,26,1134,4.13,0.46,// Add support of UTF-8 in multishop virtual uri || // Add support of UTF-8 in multishop virtual uri || // Add support of UTF-8 in multishop virtual uri
cldr,Repository,23,95,48,7.76,0.24,"Rename new interfaces, modify existing ones so that they mat || CLDR Specification\Number should be immutable || fix currency install by getting some properties from CLDR re"
theme,FrontController,55,525,898,2.33,0.1,"add theme dir var || Change jQuery-ui position before theme.js || Make sure favicon, stores_icon and logo are accessible witho"
localization,LocalizationPack,21,80,120,6.55,0.26,fix localization packs || BO: add message success when import localization is ok || [-] CORE : Remove language cache on localization install
carrier,AdminCarrierWizardController,42,331,83,6.04,0.13,CO: Increase carrier delay length || CO: Increase carrier delay length || BO: Display active zones first in Carrier wizard and flag in
logo,AdminThemesController,26,123,420,4.43,0.21,[-] CORE: Added missing hook on update logo from AdminTheme || [-] CORE: Added missing hook on update logo from AdminTheme || [-] Fixed logo update when multishop is disabled
access,AdminController,32,187,1763,2.06,0.17,Malformed access control || BO: fix add/edit click quick access on 2 system controllers || BO: fix quick access link in sf & legacy controllers
hooks,Hook,27,133,347,4.65,0.2,Remove deprecated ajaxDie method and deprecated hooks || Better inform about faulty hooks || Fix uninstalling modules with deleted hooks.
typedregex,TypedRegexValidator,9,15,30,9.75,0.6, add constraints to PriceReductionType and fix TypedRegex ||  add tests for TypedRegex html type validation || Changed Regex for TypedRegex
tracking,GuestTrackingController,15,42,67,7.84,0.36,"FO: Transform customer on guest tracking || FO: Add breadcrumb for guest tracking || [-] FO : Fix bug #PSCSX-4158, could not display left column "
attributes values,AdminAttributesGroupsController,9,15,219,6.88,0.6,// Fix total of attributes values in admin attribute page in || // Fix total of attributes values in admin attribute page in || // Fix total of attributes values in admin attribute page in
delivery option,OrderOpcController,9,15,222,6.86,0.6,[-] BO : #PSCFV-3066 - Fix bug on selecting delivery option || [-] BO : #PSCFV-3066 - Fix bug on selecting delivery option || [-] BO : #PSCFV-3066 - Fix bug on selecting delivery option
checkout process,OrderController,9,15,547,5.56,0.6,Check quantities at any point of checkout process || Allow override of checkout process || Allow access to Checkout process
modules tab,AdminModulesController,9,15,564,5.51,0.6,"[*] BO : from 300 to 40 queries in Modules tab, does not rea || [*] BO : from 300 to 40 queries in Modules tab, does not rea || [*] BO : from 300 to 40 queries in Modules tab, does not rea"
native modules,AdminModulesController,9,15,564,5.51,0.6,[-] BO : AdminModules refresh native modules xml list if it' || [-] BO : AdminModules refresh native modules xml list if it' || [-] BO : AdminModules refresh native modules xml list if it'
modules translations,Translate,8,12,154,7.54,0.67,CO Modules translations: Fix issue 14570 piority to modules  || Add arguments to get expected modules translations || Add arguments to get expected modules translations
core configuration,Configuration,8,12,223,7.0,0.67,[*] CORE : Configuration & test fixes || [*] CORE : Configuration & test fixes || [*] CORE : Configuration & test fixes
file_get_contents,Tools,8,12,1134,4.66,0.67,"Revert ""[*] CORE : Prefer curl over file_get_contents"" || Prefer curl over file_get_contents || [*] CORE: Dissasemble CURLOPT_CONNECTTIMEOUT and CURLOPT_TIM"
product multishop,AdminProductsController,8,12,1561,4.2,0.67,// Fix product multishop association when the product is cre || // Fix product multishop association when the product is cre || [-] BO : BugFix : #PSCFV-2206 : Cannot change active or inac
admincontrollers,AdminController,8,12,1763,4.02,0.67,CO: Add trans() in AdminControllers || [-] BO : Fix proces and save buttons for Modules and AdminCo || // Fix translations in AdminControllers from modules #PSFV-3
price rule,AdminSpecificPriceRuleController,12,27,92,7.7,0.44,BO - Catalog price rule - Currency sort and filter not worki || BO - Catalog price rule - Currency sort and filter not worki || Update validate function for catalog price rule name (#5805)
geolocation,FrontController,12,27,898,4.41,0.44,FO: Geolocation behavior for NON existing countries || FO: Compare the real IP Address for geolocation || FO: Compare the real IP Address for geolocation
quick,AdminController,16,49,1763,2.99,0.33,BO: Fix quick links with apostrophes || BO: fix add/edit click quick access on 2 system controllers || BO: fix quick access link in sf & legacy controllers
core,Module,88,1355,884,1.66,0.06,add new multistore compatibility property on module core cla || Core: use Symfony translator adapter for modules || [-] CORE: add template name in error when no template found 
prices,Product,31,185,1478,2.28,0.17,Save prices before rounding to avoid rouding issues on unit  || Get unique product ids at specific prices || Product price function can use order prices but it is an opt
employee,AdminEmployeesController,35,229,174,5.24,0.15,"[-] BO : Fix #PSCSX-6361, in employee admin theme list name, || [-] BO : Fix #PSCSX-6361, in employee admin theme list name, || // display addons connection box only if employee has access"
core pscfv,Product,35,227,1478,2.16,0.15,"[-] CORE : Fix #PSCFV-12072 follow up #1780 || [-] CORE : Fix #PSCFV-12405 fix stock available create multi || [-] CORE : Fix bug #PSCFV-12169, bad call to Product::cleanP"
refactoring,AdminProductsController,29,164,1561,2.28,0.18,Code refactoring || CO: refactoring AdminProductController.php with kernel || // PI-116 - attribute default refactoring
dashboard,AdminHomeController,20,77,175,5.99,0.26,[-] BO : Fixed Bug what displayed Dashboard sales statistics || [-] BO : Fixed Bug what displayed Dashboard sales statistics || // Fixed charset for some items of the dashboard
credit,HTMLTemplateOrderSlip,12,28,103,7.48,0.43,"Fixed sort error after generation of credit slip just for de || Fixes issue with credit slip not downloading || [-] BO : FixBig #PSCSX-4690, #PSCSX-4676 - Fixing Credit sli"
subject,Mail,12,28,194,6.57,0.43,Mail: add PS_MAIL_SUBJECT_PREFIX to control [Foo] subject pr || Log Mail subject message correctly in case of alteration || email subject doesn't support html entities
subject,AdminTranslationsController,12,28,621,4.89,0.43,Override module mail subject by core one || Subject fields issue #19288 fixed || [*] BO : Remove backslashes in the subject mail helpblocks
credit,AdminOrdersController,12,28,700,4.72,0.43,"[-] BO : FixBig #PSCSX-4690, #PSCSX-4676 - Fixing Credit sli || [-] BO : FixBig #PSCSX-4690, #PSCSX-4676 - Fixing Credit sli || [-] BO : FixBig #PSCSX-4690, #PSCSX-4676 - Fixing Credit sli"
product form,ProductController,19,70,941,3.63,0.27, move SpecificPrice form out of product form || Handle new header data structure in product form || Handle data product ID in product form
uri,Tools,13,33,1134,3.9,0.39,// Fix infinite look on home page when the shop have a virtu || // Fix infinite look on home page when the shop have a virtu || // Fix infinite look on home page when the shop have a virtu
cart summary,Cart,11,24,1054,4.22,0.46, include gift cart rules in cart summary || Add hook displayCartSummary to customize cart summary from a || // Cart rule display in cart summary
search,AdminSearchController,46,422,110,5.41,0.11,Stabilize search indexation || Introduce alternative search panels same page links || Admin search - Transmit the search query param
combination,Combination,46,435,116,5.29,0.11,Update Combination.php || Remove synchronicity between default supplier price and prod || Improve Combination::delete when it has multishop entries le
duplication,Product,23,103,1478,2.7,0.22,fix specific price duplication ||  add attachment association duplication ||  implement carriers duplication
news,NewsDataProvider,9,16,9,11.39,0.56,Remove code relative to the (removed) news block on dashboar || Implement Circuit Breaker for fetching blog news (Feedback Q || Implement Circuit Breaker for fetching blog news (Feedback Q
cms pages,AdminCmsController,9,16,91,8.05,0.56,add new optional head_seo_title in CMS pages || [-] BO: Fix CMS pages permissions (#BOOM-505) || [-] BO : FixBug #PSCSX-1134 - No position for Cms pages
getproducts,Cart,9,16,1054,4.52,0.56,CO: Remove unnecessary alias in Cart::getProducts || Optimize getProducts : fix wrong id_product value (cherry pi || Optimize Cart::getProducts performances & factorize some que
account,AuthController,24,117,277,4.99,0.21,//Create account (guest or not) on checkout || //Add account creation in AuthController || [-] FO : fixed bug #PSCSX-2626 - No message when an user wit
customer,AdminCustomersController,56,591,283,3.85,0.09,"BO: Make customer required fields translatable || [-] BO : Fix #PSCSX-6206, bad redirection on Transform a gue || [+] BO : added email log to the customer page"
upgrade,Module,24,112,884,3.38,0.21,"move module upgrade logging to legacy class as suggested by  || add another logging on module upgrade. || Log actions on modules : install, unistall, upgrade"
tabs,AdminController,28,152,1763,2.17,0.18,Add admin tabs hook || Remove tabs with invalid route from the rendered menu to avo || Make sure tabs exists before using it
calculate,Cart,10,20,1054,4.35,0.5,Do not use specific prices to calculate cart rules || Calculate gift cart rules first || Calculate gift cart rules first
orderslip,OrderSlip,8,13,70,8.56,0.62,"Remove OrderSlip deprecated function || [-] CORE : Fix #PSCSX-6425, phpdoc on orderSlip || [-] CORE : Fix #PSCSX-6425, phpdoc on orderSlip"
coverage,AdminStockCoverController,8,13,97,8.09,0.62,[-] BO: Fix PSCFV-3782 stock coverage listing || [-] BO: Fix PSCFV-3782 stock coverage listing || [-] BO: Fix PSCFV-3782 stock coverage listing
live,AdminModulesPositionsController,16,51,90,7.23,0.31,"[+] CORE: Remove live edit feature || [-] BO : Fixed wrong front url to live edit when rewrite url || [-] BO : Fix bug #PSCFV-12193, live edit url with virtual ur"
create account,AuthController,8,13,277,6.58,0.62,//Create account (guest or not) on checkout || Newsletter field is always shown in create account form even || [-] FO : if th user doesn't have any account and he's still 
admin controllers,Dispatcher,8,13,314,6.4,0.62,[*] Project : Add possibility to use admin controllers in mo || [*] Project : Add possibility to use admin controllers in mo || [*] Project : Add possibility to use admin controllers in mo
cms,CmsPageController,31,190,108,6.02,0.16,feat(admin/cmsPage): add CMS Page preview link in listing || Remove redirection on cms exception || new version based on id set in controllers (category and cms
admin modules,AdminModulesController,8,13,564,5.55,0.62,//small fix in admin modules || //small fix in admin modules || [-] BO : Admin Modules now handle simple http request for do
imported,AdminImportController,8,13,693,5.25,0.62,BO: Fixed bug where only 5 store contacts were imported (csv || [-]BO : #PSCSX-4223 Fix wrong category for imported products || [-] BO : fix #PSCFV-2564 : imported customers with a CSV fil
admin controllers,AdminController,8,13,1763,3.91,0.62,BO: Add additional tests for admin controllers || [-] BO : Media::addJsDefL should be called in admin controll || // Include datetime picker for all admin controllers
stock available,AdminProductsController,15,45,1561,3.2,0.33,[-] Core: add default values in stock available on combinati || [-] Core: add default values in stock available on combinati || [-] Core: add default values in stock available on combinati
mod,Search,13,34,226,6.18,0.38,Mod self:: -> static:: on methode || Mod const self -> static || MOD Global const -> class const
addons,Module,26,139,884,3.18,0.19,Remove addons modules on install and add postinstall executi || CO: better handling of invalid modules from Addons API || BO: fixed module card display with addons installed using zi
specific price,AdminProductsController,29,174,1561,2.2,0.17,"CO: Fixed bug on save specific price priority for specific p || [*] BO : Fix PSCSX-4073, check specific price input || [*] BO : Fix #PSCSX-4073, check specific price input"
catalog price,AdminSpecificPriceRuleController,12,29,92,7.59,0.41,"BO - Catalog price rule - Currency sort and filter not worki || BO - Catalog price rule - Currency sort and filter not worki || BO: Fix show currency name in tab ""Catalog Price Rules"" for "
cache,Product,49,485,1478,1.55,0.1,Fix cache issue that messed with categories association and  || Improve price cache checking in case combination did not exi || Improve Product::getDefaultAttribute static cache so that it
queryhandler,GetStoreHandler,11,25,19,9.96,0.44,Update src/Adapter/Store/QueryHandler/GetStoreHandler.php || Update src/Adapter/Store/QueryHandler/GetStoreHandler.php || Update src/Adapter/Store/QueryHandler/GetStoreHandler.php
url,Link,48,463,416,3.42,0.1,Enable controlling of default language URL prefix || Add supplier to {url} helper || Add manufacturer url to {url} helper
cms,AdminCmsContentController,30,190,54,6.97,0.16,"Revert ""Removes legacy cms controllers"" || Removes legacy cms controllers || [-] BO: Fix CMS pages permissions (#BOOM-505)"
home,AdminHomeController,16,53,175,6.21,0.3,[-] BO : FixBug allow_url_fopen on BackOffice home page || Correcting errors in order graph at admin home || [-] BO: Admin Home do not display quick links when access is
available,AdminProductsController,32,220,1561,2.0,0.15,[-] Follow fix #PSCSX-4738 : force available product to show || [-] BO : FixBug Impossible to remove available date from pro || [-] BO : Fix warnings when product not available in Shop
exchange,CurrencyController,9,17,87,8.03,0.53,"Remove exchange rates toggle button. || Use ComputingPrecision for exchange rate rounding || Add missing PHP docs, and use Number more widely for exchang"
category form,CategoryController,9,17,324,6.13,0.53,Define alert message when error are found in Category Form ( || Define alert message when error are found in Category Form || add form validations to Category form
relative,AdminProductsController,9,17,1561,3.86,0.53,"// Bugs fix (Collection, SQL optimizations, Backoffice inter || // Bugs fix (Collection, SQL optimizations, Backoffice inter || // Bugs fix (Collection, SQL optimizations, Backoffice inter"
performances,Product,17,61,1478,3.02,0.28,CO: Improve global performances || CO : Improve global performances || [*] CORE : improve global performances - add a local cache o
collection,Collection,18,68,44,8.01,0.26,Add page limit to Collection || Fix Collection->sqlGroupBy() || Fix Collection->sqlGroupBy()
indexation,Search,13,36,226,6.1,0.36,FO: fix multistore search indexation || // Fix indexation of search || [*] FO : added indexation of attributes references #PSCFV-72
warehouses,AdminProductsController,18,70,1561,2.82,0.26,[-] BO: Synchronize stock when change associated warehouses  || [-] BO: Synchronize stock when change associated warehouses  || [-] BO: Synchronize stock when change associated warehouses 
emails,Mail,14,43,194,6.17,0.33,Don't attach logo to emails if text only mails is configured || Fix var not displayed in emails when mail address is in uppe || Force default theme when config is empty to generate emails 
install,Language,33,238,336,4.15,0.14,Use separate method for first language pack install || Avoid redownloading the language pack on install || Translate countries in Localization Pack install
rewriting,Tools,11,26,1134,4.0,0.42,BO: Clear cache on url rewriting settings modification || [-] CORE : fixed bug #PSCFV-8787 - URL Rewriting remove acce || [-] CORE : fixed bug #PSCFV-8787 - URL Rewriting remove acce
startertheme,FrontController,14,43,898,3.96,0.33,[+] StarterTheme: Load custom.css and custom.js These file a || // StarterTheme: Remove assets autoload || // StarterTheme: Remove cldr and tools
customizable,Product,11,26,1478,3.62,0.42,Correctly get quantity of a customizable product. Code refac || [-] BO: Fix #PSCFV-7377 customizable fields on product dupli || [-] BO: Fix #PSCFV-7377 customizable fields on product dupli
rewrite,Tools,20,87,1134,3.12,0.23,"Add missing rewrite base || Force webservice rewrite to ""api/"" with the slash || [*] Installer : added safe, automatic detection of rewrite"
url,Tools,46,463,1134,1.91,0.1,Add url verification || Tools::redirectAdmin adds the admin base URL to avoid incorr || Fix URL with accented chars
free,CartRule,24,124,451,4.2,0.19,Removed free shipping from cumulative reduction || Round free gift discount amount || Round free gift discount amount
edition,AdminOrdersController,24,125,700,3.56,0.19,// fix for product addition on order edition || // fix for product addition on order edition || // fix for product addition on order edition
blog news,NewsDataProvider,8,14,9,11.41,0.57,Implement Circuit Breaker for fetching blog news (Feedback Q || Implement Circuit Breaker for fetching blog news (Feedback Q || Implement Circuit Breaker for fetching blog news (Code Revie
breaker fetching,NewsDataProvider,8,14,9,11.41,0.57,Implement Circuit Breaker for fetching blog news (Feedback Q || Implement Circuit Breaker for fetching blog news (Feedback Q || Implement Circuit Breaker for fetching blog news (Code Revie
fetching blog,NewsDataProvider,8,14,9,11.41,0.57,Implement Circuit Breaker for fetching blog news (Feedback Q || Implement Circuit Breaker for fetching blog news (Feedback Q || Implement Circuit Breaker for fetching blog news (Code Revie
implement circuit,NewsDataProvider,8,14,9,11.41,0.57,Implement Circuit Breaker for fetching blog news (Feedback Q || Implement Circuit Breaker for fetching blog news (Feedback Q || Implement Circuit Breaker for fetching blog news (Code Revie
group shops,GroupShop,8,14,27,9.83,0.57,[-] BO : #PSTEST-241 : We can delete group shops only if the || [-] BO : #PSTEST-241 : We can delete group shops only if the || [-] BO : #PSTEST-241 : We can delete group shops only if the
pscfv translations,Translate,8,14,154,7.32,0.57,[-] BO: Fix #PSCFV-5109 translations of admin module control || [-] BO: Fix #PSCFV-5109 translations of admin module control || [-] BO : #PSCFV-2591 : fix translations in bankwire module
gift products,Cart,8,14,1054,4.54,0.57,Add new parameter to allow removing gift products ||  split gift products from simple products || // Fix bug with gift products and multishipping
apache,Tools,8,14,1134,4.44,0.57,FO: apache ExpiresByType rule for .woff2 files || FO: apache rules for .woff2 font files || FO: apache ExpiresByType rule for .woff2 files
group reduction,Product,8,14,1478,4.05,0.57,"Remove specific price constraint when applying group reducti || Fix group reduction when specific price is set || [-] FO : Fix #PSCSX-1165, display correct Group reduction pr"
manufacturer,Manufacturer,25,136,105,6.23,0.18,Add sorting by sales in manufacturer page || Fixes issue #10417 incorrect argument order when calling Man || FO: Render manufacturer in product details
multishop code,Shop,9,18,494,5.44,0.5,// Improve multishop code || // Improve multishop code || // Improve multishop code
order reference,Order,10,22,468,5.38,0.45,Raise order reference || use order reference instead of order id || [-] FO : replaced order id by order reference in the contact
specific prices,Product,18,72,1478,2.86,0.25,Get unique product ids at specific prices || [+] BO : Allow discounts (specific prices) to be set tax exc || // Fix specific prices per combination
specific price,SpecificPrice,28,174,157,5.46,0.16,"Reset specific price priorities after feature || fix specific price duplication || Fix specific price exitence method, it was overriding the Pr"
attribute,Product,37,315,1478,1.77,0.12,migrate product attribute groups SQL to DbQuery class || Use attribute public name instead of private name in URL anc || Add Product attribute ID in pack via API
uploader,Uploader,13,38,31,8.89,0.34,Fix uploader types validation || Update Uploader.php || CO: Doc + update Uploader class
cover,AdminStockCoverController,17,66,97,6.83,0.26,BO: Fix Stock cover report stock out calculation || // Stock cover bootstraping || // Fixed stock cover
quantities,AdminProductsController,17,66,1561,2.83,0.26,"// change pack quantities tab || [+] BO : Products quantities ""For"" and small template fix || // Fix product quantities in mono shop #PSCFV-2118"
header,AdminController,26,155,1763,2.03,0.17,Add page header toolbar twig component || add header multistore into legacy templating system || BO: Display current shop name in header
upload,AdminProductsController,22,112,1561,2.43,0.2,"[-] Bo : Fix bug #PSCSX-5170, 'undefined' on images upload,  || [-] BO : Empty legend after image upload || // fix file upload"
invoice,HTMLTemplateInvoice,31,215,119,5.7,0.14,Removed ecotax in invoice/orderslip PDF if ecotax is disable || Removed mention tax in invoice when Tax is disabled || Fix invoice number in multishop context
overrides,Module,12,33,884,4.14,0.36,Fix typed properties in module overrides || Check overrides || Fix #29436 - The override directory is deleted when override
project,Module,27,173,884,2.92,0.16,[-] PROJECT : Fix on PS module compliancy check - #PSCFV-278 || [-] PROJECT : Fix on PS module compliancy check - #PSCFV-278 || [-] PROJECT : Fix on PS module compliancy check - #PSCFV-278
specific price,Product,27,174,1478,2.17,0.16,Fix specific price condition || fix specific price duplication || Remove specific price constraint when applying group reducti
backoffice,AdminController,24,135,1763,2.11,0.18,Customize the design of the backoffice theme || Removed AdminParent controllers from search in BackOffice || Remove unused backoffice footer
employees,AdminEmployeesController,13,40,174,6.33,0.33,[*] BO : New employees only get notifications from orders/cu || [*] BO : add scheme choice for BO employees || // Change edit title on employees controller
save stay,AdminAttributesGroupsController,13,40,219,5.99,0.33,"[-] BO : FixBug #PSCSX-524 Missing save and stay button || [-] BO : #PSTEST-400 - Fix bug with button ""Save and stay"" f || [-] BO : #PSTEST-400 - Fix bug with button ""Save and stay"" f"
flag,FeatureFlagSettings,17,68,23,8.87,0.25,fix: change feature flag name and wording || feat: add feature flag for incoming new shipment system || Remove module configuration feature flag
refund,OrderSlip,17,69,70,7.24,0.25,[-] BO : Fix #PSCSX-5440 avoid too much quantity refund in s || // orderslips and refund || [-] BO : #PSCFV-3011 - Add details of refund and returned pr
css,FrontController,25,148,898,3.01,0.17,"Use Media Server for assets (CSS, JS, Images) || BO: add error.css & call i on error-layout || BO: load all jquery-ui if css/js cache enabled"
blog,NewsDataProvider,8,15,9,11.31,0.53,Implement Circuit Breaker for fetching blog news (Feedback Q || Implement Circuit Breaker for fetching blog news (Feedback Q || Implement Circuit Breaker for fetching blog news (Code Revie
breaker,NewsDataProvider,8,15,9,11.31,0.53,Implement Circuit Breaker for fetching blog news (Feedback Q || Implement Circuit Breaker for fetching blog news (Feedback Q || Implement Circuit Breaker for fetching blog news (Code Revie
circuit breaker,NewsDataProvider,8,15,9,11.31,0.53,Implement Circuit Breaker for fetching blog news (Feedback Q || Implement Circuit Breaker for fetching blog news (Feedback Q || Implement Circuit Breaker for fetching blog news (Code Revie
scenes,AdminScenesController,8,15,51,8.81,0.53,// fix scenes || [+] BO Scenes - Tags - Attachments || [-] BO : #PSTEST-792 : Translation of scenes
memcached,AdminPerformanceController,8,15,167,7.1,0.53,[-] BO : Fix memcached test (PSCSX-6348) || [-] BO : Fix memcached test (PSCSX-6348) || [-] BO : Fix memcached test (PSCSX-6348)
profiling tool,Controller,8,15,304,6.24,0.53,// update profiling tool || Removing displays_errors on Profiling tool if _PS_MODE_DEV_  || // Improved profiling tool
product edition,AdminProductsController,8,15,1561,3.88,0.53,"// fix in product page edition after deleting pack and save, || // fix in product page edition after deleting pack and save, || // fix in product page edition after deleting pack and save,"
invoice address,AddressController,9,19,185,6.78,0.47,"[-] : Fix bug #PSCFV-4859, could not register invoice addres || [-] Fo : Fix bug #PSCFV-7956 select invoice address when add || [-] Fo : Fix bug #PSCFV-7956 select invoice address when add"
null values,ObjectModel,9,19,440,5.53,0.47,[-] BO : null values ignored in objectmodel::update #PSCFV-3 || [-] BO : null values ignored in objectmodel::update #PSCFV-3 || [-] BO : null values ignored in objectmodel::update #PSCFV-3
credit slip,AdminOrdersController,9,19,700,4.86,0.47,"[-] BO : FixBig #PSCSX-4690, #PSCSX-4676 - Fixing Credit sli || [-] BO : FixBig #PSCSX-4690, #PSCSX-4676 - Fixing Credit sli || [-] BO : FixBig #PSCSX-4690, #PSCSX-4676 - Fixing Credit sli"
perfs,Product,9,19,1478,3.78,0.47,Improve perfs || [-] FO: Product::getNewProducts() perfs improvements || [-] FO: Product::getNewProducts() perfs improvements
stats,AdminStatsTabController,14,47,59,7.76,0.3,Fixed Stats dashboard when AdminStats module is not enabled  || // Stats cleaning || // Fixed default selection in the stats submenu
csv export,AdminSupplyOrdersController,12,34,311,5.61,0.35,// Bugs fix on CSV export on supply order interface || // Bugs fix on CSV export on supply order interface || // Bugs fix on CSV export on supply order interface
supply,SupplyOrder,22,118,63,6.99,0.19,// Fixed #PSCFV-44 : Wrong product references were displayed || // Fixed #PSCFV-44 : Wrong product references were displayed || // Fixed #PSCFV-44 : Wrong product references were displayed
opc,Cart,19,87,1054,3.15,0.22,"FO: Fix select delivery_option when changing the address in  || [-] FO : Fix bug #PSCSX-4186, bad cart unit refresh in OPC || [-] FO : #PSCFV-3100 - With OPC shpping cost are not refresh"
installer,ConfigurationTest,26,164,109,5.97,0.16,Check if intl is installed in installer || [-] Installer : Fix check about deleted folder || [*] Installer : Add check for PHP zip extension
helper,HelperForm,26,158,180,5.3,0.16,Update classes/helper/HelperForm.php || // HELPER: Add brackets to multiple select name field Follow || // HELPER: Add brackets to multiple select name field Follow
connection,AdminModulesController,13,41,564,4.59,0.32,// Adding clear xml cache on addons connection || // Adding clear xml cache on addons connection || [-] BO: Fix connection with Addons on AdminModules
loaded,AdminProductsController,16,62,1561,2.83,0.26,[-] BO : Fix issue with multiple trees loaded on the same pa || [-] BO : Fix issue with multiple trees loaded on the same pa || [-] BO : Fix issue with multiple trees loaded on the same pa
theme,Theme,46,525,86,5.45,0.09,"Replace Shudrum ArrayFinder by Symfony ArrayFinder in Theme || theme: add caching on Yaml parsing, by using Prestashop's Ya || Extract theme folder scaning into an external class FolderTh"
product form,AdminModelAdapter,17,70,102,6.68,0.24,BO: Set all ids product attribute in the product form || // BO virtual product form : fix wording var || // BO virtual product form : force feature activation
interfaces,AdminSupplyOrdersController,15,56,311,5.21,0.27,// Improved StockInstantState/StockMvt/SupplyOrders interfac || // Improved StockInstantState/StockMvt/SupplyOrders interfac || // Improved StockInstantState/StockMvt/SupplyOrders interfac
productrepository,ProductRepository,9,20,89,7.76,0.45,Split product repository into two classes with one dedicated || Replace getForShop by GetByShopConstraint in ProductReposito || ObjectModel repositories have dedicated functions for entiti
customer service,AdminCustomerThreadsController,9,20,154,6.97,0.45,[-] BO : FixBug #PSCSX-1561 - Customer service order || [-] BO : fixed bug #PSCFV-11266 - Customer service Forward t || [*] BO : Added Customer Service KPIs
delivery address,Cart,9,20,1054,4.2,0.45,Update customization attribute and delivery address || Synchronize order with cart when delivery address changes || Update cart legacy class along with UpdateCartAddressesHandl
improving,Cart,9,20,1054,4.2,0.45,[-] BO : #PSCFV-3055 - Part 1 : Improving displaying of resu || [-] BO : #PSCFV-3055 - Part 1 : Improving displaying of resu || [-] BO : #PSCFV-3055 - Part 1 : Improving displaying of resu
bugfix pscfv,AdminProductsController,27,177,1561,2.07,0.15,[-] BO : BugFix : #PSCFV-3235 : Multistore : unable to dupli || [-] BO : BugFix : #PSCFV-3235 : Multistore : unable to dupli || [-] BO : BugFix : #PSCFV-3235 : Multistore : unable to dupli
circuit,NewsDataProvider,8,16,9,11.22,0.5,Implement Circuit Breaker for fetching blog news (Feedback Q || Implement Circuit Breaker for fetching blog news (Feedback Q || Implement Circuit Breaker for fetching blog news (Code Revie
features,AdminFeaturesController,20,101,113,6.23,0.2,"BO: Fix toolbar attributes/features active/desactive || BO: Fix tab attributes/features active/desactive || [-] BO : Fix bug #PSCSX-2120, admin features orderby"
getproducts,Category,8,16,436,5.62,0.5,Improve Category::getProducts : Avoid short variable names || [*] CORE: Refactor Category::getProducts methods || [-] FO : #PSCFV-1792 - Fix bug with attribute check_access o
vars,FrontController,16,64,898,3.58,0.25,Add template country global vars || Add ID field in global template vars || Allow template vars override in hook actionFrontControllerSe
config,Module,20,100,884,3.28,0.2,"Add Module::getModuleVersion to get more dynamic version fro || Split integration tests, no more processIsolation for most o || [*] Bug #PSCSX-1891, Add Trusted info in config.xml and $mod"
pscfv product,Product,16,63,1478,2.88,0.25,[-] BO : FixBug #PSCFV-11717 - Do not update product after d || [-] FO: Fix #PSCFV-7322 Product::getProductProperties quanti || [-] FO: Fix #PSCFV-7322 Product::getProductProperties quanti
logo,HTMLTemplate,22,123,110,6.13,0.18,Get logo must only returns logo || Fix calculation of logo width and height || [CO] Fix bug on pdf logo path
product order,AdminOrdersController,12,36,700,4.35,0.33,BO: fix stock available after add product in order || Bug when adding a product on order || [-] BO: Fix #PSCFV-7763 Re-inject quantities after deleting 
install,Install,30,238,100,5.76,0.13,Improve theme errors management during install || Remove legacy config/settings.inc.php file from install proc || Fix cli install output
combinations,AdminImportController,30,229,693,3.02,0.13,"// Fix import CSV for combinations, when creating new Attrib || [-] BO : CSV import combinations: remove ""delete images"" fea || [+] BO: CSV Import, +'image ALT' column for products & combi"
module manager,ModuleRepository,9,21,97,7.57,0.43,Display extra description in module manager page || Allow to install module from Module Manager || CO: Remove lang dependancies for module manager and add cli 
module manager,ModuleManager,9,21,113,7.35,0.43,Fix test by using Module Manager || Use Core hook dispatcher in Module manager + refacto || CO: Refacto permission checks on module manager
categories multishop,AdminProductsController,9,21,1561,3.56,0.43,// categories multishop improved || // categories multishop improved || // categories multishop improved
impact,Product,11,31,1478,3.37,0.35,CO: Use impact on unit price combination impact || [-] FO : Fix combination price calculation with impact and r || [-] FO : Fix combination price calculation with impact and r
css,Media,24,148,175,5.31,0.16,"Fix the load of CSS file to be able to load them with versio || [-] FO : Fix CSS 404 when using subdirectory || [-] Split css for IE9, header : add css for IE9 < only"
paid,AdminOrdersController,12,38,700,4.28,0.32,[-] BO : #PSCFV-139 - Partial refund must not be available w || [-] BO : #PSCFV-139 - Partial refund must not be available w || [-] BO : #PSCFV-139 - Partial refund must not be available w
order states,OrderState,10,26,31,9.06,0.38,make it possible to fetch soft deleted order states || [*] Core: you can now associate modules to order states in o || [*] Core: you can now associate modules to order states in o
duplication,ProductDuplicator,20,103,61,7.1,0.19,"Fix combination duplication especially multi shop associatio || Handle image duplication for multishop properly and add test || Refact duplication of product images, fix combination associ"
url,Shop,42,463,494,2.98,0.09,"Shop::getBaseURL return the good url sheme: http or https || [*] CORE : Shop Base URL now can use secure mode || [*] Core : added the possibility to choose between 301, 302 "
address,Cart,42,462,1054,1.89,0.09,Fix and comment address deletion process || Adding new hook for update address on cart || Update customization attribute and delivery address
employee,AdminController,29,229,1763,1.63,0.13,"Configure symfony to handle authentication, setup Symfony lo || UserProvider now relies on Security service, but should not  || Removed links in employee menu & Added hook for adding links"
category tree,Helper,13,45,225,5.79,0.29,Helper Class : Category Tree bug fix || Helper Class : Category Tree bug fix || [-] BO : Bugfix : #PSFV-619 : removing the ability to add a 
category tree,AdminProductsController,13,45,1561,2.99,0.29,[-] BO : Fix issue with checkbox / radio button in the categ || [-] BO : Fix filter category tree issue || [*] BO : Do not load anymore the full category tree if it's 
delta,DeltaQuantityType,8,17,27,9.55,0.47,Improve initial quantity managementof delta quantity with fo || Handle delta widget correct values after submit and display  || Fix error display of delta quantity input
tcpdf,PDFGenerator,8,17,52,8.6,0.47,[*] PDF : Update TCPDF || [-] Core: Fix TCPDF encoding for some languages like japan # || [-] Core: Fix TCPDF encoding for some languages like japan #
product suppliers,ProductSupplier,8,17,53,8.58,0.47, implement query for product suppliers || [*] BO : manage product suppliers combinations configuration || // Product Suppliers : Add wholesale price management for ea
body,FrontController,8,17,898,4.49,0.47,Fix body classes for content_only and modules || // Add l12n body classes || // Add generic contextual body classnames
id_product_attribute,Product,8,17,1478,3.77,0.47,"fix issue https://github.com/PrestaShop/PrestaShop/issues/30 || CO: Fix getPriceWithoutReduct default id_product_attribute || avoid extra computation to get id_product_attribute, to redu"
informations,AdminProductsController,15,61,1561,2.76,0.25,"[+] BO : Products add fileset for informations and prices ta || [-] INSTALLER : Fixed a missing ""echo"" at Step 3 in the SMTP || [-] INSTALLER : Fixed a missing ""echo"" at Step 3 in the SMTP"
multishipping,OrderOpcController,17,76,222,5.44,0.22,// Fix bug with multishipping and gift products || // Fix bug with multishipping and gift products || // Fix bug with multishipping and gift products
delivery,OrderOpcController,22,131,222,5.02,0.17,//Display delivery options || [-] FO : FixBug duplicate fields for delivery address in OPC || [-] FO : Fix bug #PSCFV-8728 context country not updated aft
modules list,AdminController,11,32,1763,3.07,0.34,Fix tab modules list || [-] BO : libxml_clear_errors cache issue in AdminController  || // Fix modules list button class
orderdetail,OrderDetail,10,27,161,6.63,0.37,Update OrderDetail.php || Update OrderDetail.php || OrderDetail creation should save stock movement
card,ShowcaseCard,9,22,16,10.1,0.41, add showcase card || Add carrier showcase card entry || add helper card
product return,AdminOrdersController,9,22,700,4.65,0.41,[-] BO : Bug Fixed #PSCFV-3128 - Incorrect voucher value via || [-] BO : Bug Fixed #PSCFV-3128 - Incorrect voucher value via || [-] BO : Bug Fixed #PSCFV-3128 - Incorrect voucher value via
now uses,AdminController,9,22,1763,3.32,0.41,// BO menu now uses the new icons || // BO menu now uses the new icons || // BO menu now uses the new icons
tax rules,AdminTaxRulesGroupController,16,71,87,6.8,0.23,BO: fix help wording for Tax Rules Group || // tax rules edition/deletion with historization || // tax rules edition/deletion with historization
now,AdminModulesController,61,999,564,2.22,0.06,[*] BO : AdminModules : the user is now prompted when reseti || [+] BO : AdminModules : module warning now link to the modul || //module anchor now use instant search to filter module list
list,HelperList,52,735,316,3.27,0.07,"Enable cart view migrated page, update HelperList so that le || adds constant for helper list which defines default thumbnai || BO: fix positions dragable on list"
possibility,AdminController,14,54,1763,2.66,0.26,[-] Core: add possibility to choose the position of your css || // Added the possibility to sort the modules in the tabs || [*] Project : Add possibility to use admin controllers in mo
price rules,SpecificPriceRule,11,33,61,7.87,0.33,// Improve performance of the combinations generator in case || [-] BO: Fix #PSCFV-8827 fixed price of specific price rules  || [-] BO: Fix #PSCFV-8827 fixed price of specific price rules 
webservices,WebserviceRequest,11,33,165,6.44,0.33,[*] WS: the customer services are now handled by webservices || [*] WS: the customer services are now handled by webservices || [-] CORE : fixed bug #PSCFV-4002 - Error in webservices with
features,AdminProductsController,19,101,1561,2.37,0.19,BO: Add multiple features with the same type but different v || [*] BO : manage features on new product form || // Features - Remove select language with one language and a
order view,OrderController,12,40,547,4.56,0.3,Fixed meta title in BO - Order View || Fixed translated order messages in Order View || Order view - Refresh shipping tab when product is added or r
root,Category,20,112,436,4.14,0.18,"Category::getParentsCategories only returns the Root categor || In MultiShop, In new Category, display the top category if t || Make root category of a shop non editable"
removing,AdminCategoriesController,24,162,368,4.11,0.15,[-] BO : Bugfix : #PSFV-619 : removing the ability to add a  || [-] BO : Bugfix : #PSFV-619 : removing the ability to add a  || [-] BO : Bugfix : #PSFV-619 : removing the ability to add a 
localization,AdminLocalizationController,17,80,69,7.05,0.21,BO: Add translation domains to Localization controllers || [*] BO : Localization UI adjustments + helper options || // also list local xml localization files in AdminLocalizati
delivery slip,Order,8,18,468,5.35,0.44,"Revert ""[-] BO : Bad invoice creation if delivery slip alrea || [-] CORE : Fix #PSCSX-3643 Delivery slip without invoices || [-] BO : fixed bug on Delivery slip generation in AdminDeliv"
upgrader,Module,8,18,884,4.43,0.44,[*] Installer : Set context in upgrader || [*] Installer : Set context in upgrader || [*] Installer : thanks to the old installer/upgrader which i
discount,CartRule,22,135,451,3.96,0.16,Modification to fix order discount amount || Handle order discount with specific amount || Handle order discount with percent only
product listing,Product,8,18,1478,3.69,0.44,"// add color list on product listing || [-] BO : fixed bug when toggle status on product listing, re || [-] BO : fixed bug when toggle status on product listing, re"
postprocess,AdminController,11,34,1763,2.98,0.32,Fix action variable in postProcess method || Fix action variable in postProcess method || // Refactoring AdminProduct postProcess
management,Product,32,290,1478,1.68,0.11,[*] FO : Added the possibility to deactivate customer groups || [-] BO: product price was changed on changing to advanced st || [-] BO : fix the change of advanced stock management in the 
default carrier,ParentOrderController,9,23,196,6.42,0.39,[-] FO: Fix default carrier selection in order process || [-] FO: Fix default carrier selection in order process || [-] FO: Fix default carrier selection in order process
opti,Product,9,23,1478,3.51,0.39,// Opti || // Opti || // Opti
smarty,AdminController,27,208,1763,1.66,0.13,Fix smarty assignment || $base_url smarty don't check if SSL is enabled || Move smarty variables assignments in initHeader instead of i
ajax,AdminProductsController,29,234,1561,1.77,0.12,Moving ajax call about product pack || [-] BO : #PSCSX-6137 Fix Ajax load of product KPI tooltips || [-] BO : catch potential error from modules called in ajax r
mobile theme,ProductController,12,42,941,3.71,0.29,[+] FO : mobile theme re-included in the trunk || [+] FO : mobile theme re-included in the trunk || [+] FO : mobile theme re-included in the trunk
tabs,Tab,23,152,134,5.6,0.15,"Make sure tabs exists before using it || Manage enabled parameter on Tab, the tabs are automatically  || [-] BO : Fix #PSCSX-5159, warnings on tabs"
mail,AdminTranslationsController,23,158,621,3.33,0.15,check mail directory || Override module mail subject by core one || Fix incorrect redirect URL when editing mail templates
property,AdminController,23,151,1763,1.89,0.15,"revert strict checking of the active property || use container property instead of helper method || Revert ""[-] Fix: Uncaught Error: Access to undeclared static"
grid query,ProductQueryBuilder,9,24,37,8.77,0.38,Update src/Core/Grid/Query/ProductQueryBuilder.php || Update src/Core/Grid/Query/ProductQueryBuilder.php || Update src/Core/Grid/Query/ProductQueryBuilder.php
pdf pscfv,HTMLTemplate,9,24,110,7.19,0.38,// Fixed logo in PDF #PSCFV-3759 || // Fixed logo in PDF #PSCFV-3759 || // Fixed logo in PDF #PSCFV-3759
pdf pscfv,OrderInvoice,9,24,195,6.37,0.38,[-] PDF : Bug Fixed #PSCFV-2735 - Missing tax details in ord || [-] PDF : Bug Fixed #PSCFV-2735 - Missing tax details in ord || [-] PDF : Bug Fixed #PSCFV-2735 - Missing tax details in ord
order creation,AdminCartsController,9,24,217,6.21,0.38,[-] BO : fixed currency format on order creation || [-] BO: Fix #PSCFV-8957 order creation when id_cart=0 is pre || [-] BO: Fix #PSCFV-8957 order creation when id_cart=0 is pre
cldr,Currency,18,95,170,5.58,0.19,Avoid bug when display names of a currency are empty which h || Avoid bug when display names of a currency are empty which h || Use language_code when locale is empty to get CLDR data
kpis,AdminProductsController,9,24,1561,3.37,0.38,[*]BO: New KPIs integrated || [*] BO: wording for gross margin KPIs || [*] BO: wording for gross margin KPIs
saving,AdminProductsController,19,107,1561,2.29,0.18,"[-] CORE : Fix bug #PSCSX-1677, ProductUpdate not called whe || [-] BO : fix #PSCFV-2377 - missing JS files when saving prod || [-] BO : fix #PSCFV-2377 - missing JS files when saving prod"
assets,StylesheetManager,11,36,32,8.68,0.31,Update classes/assets/StylesheetManager.php || Update classes/assets/StylesheetManager.php || Update classes/assets/StylesheetManager.php
command builder,ProductFormDataProvider,11,35,159,6.41,0.31,"Handle javascript for new UX of feature management, also nee || Adapt provider and command builder to new tax rule data stru || Readapt data provider, options provider and command builder "
email,PaymentModule,31,272,455,3.43,0.11,Add useful email variables || Fix vouchers excluding tax in confirmation email || Fix totals excluding tax in confirmation email
email,AdminTranslationsController,31,272,621,2.98,0.11,Fix notice in admin email translation || Moving ajax call of html email content || Manage redirection after email translation
debug,AdminController,20,116,1763,2.07,0.17,mute jquery-migrate depreciation logs in BO when debug mode  || mute jquery-migrate depreciation logs in BO when debug mode  || [+] BO : Display warning about active Debug Mode
manufacturers,AdminManufacturersController,13,50,122,6.52,0.26,"[-] BO : Fix bug #PSCSX-2120, manufacturers orderby || [-] BO : Missing compagny in manufacturers || [-] BO : Fix bug #PSCSX-1686, manufacturers address errors"
helperform,AdminController,12,43,1763,2.77,0.28,// Fix helperform displaying on multishop || // Fix helperform displaying on multishop || [*] BO #PSFV-94 : update of the displayform method by helper
customer groups,AdminGroupsController,8,19,162,6.8,0.42,"Disable access to the customer groups page when this feature || Allow enable/disable selection for customers in Customer Gro || [-] BO : Fix #PSCSX-6860, customer groups - remove enable st"
activation,AdminHomeController,8,19,175,6.69,0.42,[-] BO : Premium activation block & logos || [-] BO : Premium activation block & logos || // Link added on premium activation optional parameter
null values,Configuration,8,19,223,6.34,0.42,do not cast null values into integer for shop ids || do not cast null values into integer for shop ids || [-] Classes : #PSFV-150 : BugFix : Configuration class check
currencies,Currency,14,59,170,5.91,0.24,"Make api backward compatible for Currencies || Manage new domain rules, currencies can be added with less d || Add method to CurrencyDataProviderInterface to allow fetchin"
jquery,Media,14,59,175,5.86,0.24,migrate jquery in back office || // do not include jquery twice with || // Media server side jquery loading
jquery,AdminController,14,59,1763,2.53,0.24,"Upgrade jquery to latest version, drop polyfills || Update jQuery on classic, FO core and default BO theme || update jquery live polyfill"
combinations,AdminProductsController,28,229,1561,1.75,0.12,"[1.6.1.x] Fix for duplication of product which has both comb || [-] CORE : Fix bug #PSCSX-4176, no available_date if combina || // Fix Combinations list actions button problem"
search,SearchController,37,422,81,5.54,0.09,Refacto Search controller || only change search adapter || remove search term vo
carrier,Cart,33,331,1054,2.02,0.1,fix autoremove voucher when changing carrier || BO: Let modules have a word for carrier set as free by the c || CO: Calculate carrier price on the real order price
email,Mail,30,272,194,4.61,0.11,No not htmlentitiesdecode when sending email || email subject doesn't support html entities || email subject doesn't support html entities
step,OrderController,15,68,547,4.11,0.22,refresh checkout page when on payment step if cart is modifi || CO: Reuse Checkout addresses step parameters || // basic payment step
front,FrontController,22,144,898,2.87,0.15,Allow Front controller called in cli if ssl is on or mainten || Refactored a small part of code in `classes/front/FrontContr || Remove deprecated class attributes and global variables from
stay,AdminAttributesGroupsController,13,51,219,5.64,0.25,"[-] BO : FixBug #PSCSX-524 Missing save and stay button || [-] BO : #PSTEST-400 - Fix bug with button ""Save and stay"" f || [-] BO : #PSTEST-400 - Fix bug with button ""Save and stay"" f"
per,Product,13,51,1478,2.89,0.25,// Fix specific prices per combination || // Fix group reduction per category || [-] Core: Fix specific prices if they are configured to coun
native,AdminModulesController,12,44,564,4.38,0.27,"Remove PrestaShop API Calls (native, native_all, customer, m || // Add direct module install for native and partner modules || // Add direct module install for native and partner modules"
product price,Product,12,44,1478,2.99,0.27,Fix bug related to partial update for product price || bug fix for number of decimals in product price || bug fix for number of decimals in product price
stock available,Product,12,45,1478,2.95,0.27,[-] CORE : Fix #PSCFV-12405 fix stock available create multi || [-] BO : Fix PSCSX-3368 stock available correct if no combin || // Stock Available : Add shared management for group of shop
localization pack,LocalizationPack,9,25,120,7.01,0.36,[-] BO : fixed partial import of localization pack #PSCSX-42 || [*] BO: Add an option to choose to not import the behavior o || [-] BO : FixBug Install currency on Localization Pack
guest,GuestTrackingController,18,99,67,6.87,0.18,Fix revisiting order confirmation and guest to customer conv || FO: Transform customer on guest tracking || FO: Add breadcrumb for guest tracking
supplier,SupplierController,27,223,132,5.3,0.12,Fix body classes for manufacturer and supplier listings || Add a button to delete logo image on Supplier form || Add manufacturer and supplier body classes
duplicate product,Product,9,25,1478,3.39,0.36,[-] BO : fixed bug #PSCFV-2256 - Error when duplicate a prod || [-] BO : fixed bug #PSCFV-2256 - Error when duplicate a prod || [-] BO : fixed bug #PSCFV-2256 - Error when duplicate a prod
links,AdminController,18,101,1763,2.12,0.18,Switch all AdminCarts links to migrated routes || Add help.prestashop-project.org documentation links & fix po || Removed links in employee menu & Added hook for adding links
upgrade,AdminModulesController,19,112,564,3.69,0.17,BO: Fixes on must-have module upgrade || // CORE : Fix bad dependency injection on module upgrade || // CORE : Fix bad dependency injection on module upgrade
partial,PaymentModule,17,90,455,4.16,0.19,[-] CORE : wrong currency on partial voucher using a differe || [-] CORE : wrong currency on partial voucher using a differe || [-] CORE : wrong currency on partial voucher using a differe
displayform,AdminController,8,20,1763,3.28,0.4,[*] BO #PSFV-94 : update of the displayform method by helper || [*] BO #PSFV-94 : update of the displayform method by helper || [*] BO #PSFV-94 : update of the displayform method by helper
displayform method,AdminController,8,20,1763,3.28,0.4,[*] BO #PSFV-94 : update of the displayform method by helper || [*] BO #PSFV-94 : update of the displayform method by helper || [*] BO #PSFV-94 : update of the displayform method by helper
method helperform,AdminController,8,20,1763,3.28,0.4,[*] BO #PSFV-94 : update of the displayform method by helper || [*] BO #PSFV-94 : update of the displayform method by helper || [*] BO #PSFV-94 : update of the displayform method by helper
psfv displayform,AdminController,8,20,1763,3.28,0.4,[*] BO #PSFV-94 : update of the displayform method by helper || [*] BO #PSFV-94 : update of the displayform method by helper || [*] BO #PSFV-94 : update of the displayform method by helper
edition,AdminProductsController,20,125,1561,2.14,0.16,"[-] BO : Fix PSCSX-1856, Labels edition in multishop || // Changed ""edition"" for ""modification"" in the logs || [+] BO: Addition, deletion and edition are now logged"
product cart,CartController,11,38,308,5.34,0.29,Check all other products are available after a single produc || Fix cart quantity check when there is a customized product i || Improve quantity check for Product and Cart
class,Module,53,880,884,1.55,0.06,move module upgrade logging to legacy class as suggested by  || Fix potential warning on getPosition method of Module class || Add get*Attributes() method to class Module
classes pscfi,Mail,9,26,194,6.26,0.35,[-] Classes : #PSCFI-4973 : Bug fix mail receiver was null || [-] Classes : #PSCFI-4973 : Bug fix mail receiver was null || [-] Classes : #PSCFI-4973 : Bug fix mail receiver was null
rewriting,Dispatcher,9,26,314,5.57,0.35,Prevent index.php in all legacy urls when URL rewriting is e || // Fix url of admin when url rewriting is ON || // Fix url of admin when url rewriting is ON
ecotax,OrderInvoice,15,72,195,5.52,0.21,Fix ecotax display for combination in the invoice || [*] PDF : Fix ecotax in product lines || // display ecotax on the lines in the invoice
default combination,Product,9,26,1478,3.33,0.35,BO: Ensure product has default combination || [-] Core: Fix #PSCFV-5997 - Product::priceCalculation not re || [-] Core: Fix #PSCFV-5997 - Product::priceCalculation not re
mysql,MySQL,13,54,49,7.72,0.24,"CO: Because PDO is now mandatory, drop MySQL support || [-] Classes : Db classe fixed (check InnoDB support MySQL >= || // Missing param in MySQL::tryToConnect"
stats,AdminStatsController,12,47,84,7.03,0.26,"Check permissions for Stats ajax requests || BO: Revert ""Add paid order to stats dashboard even when ther || BO: Add paid order to stats dashboard even when there's no r"
mysql,Db,13,54,202,5.68,0.24,"Add support for non-unity MySQL autoincrement || CO: Because PDO is now mandatory, drop MySQL support || // Fix access table for old mysql configurations"
prices,SpecificPrice,24,185,157,5.15,0.13,Get specific prices: let mysql optimize the query. Optimizin || Restore old products specific prices if needed || CO: Cast id_cart to int as with id_customer.  Results in id_
problems,Cart,13,54,1054,3.29,0.24,Fix for issue 2 of Problems with Product Customizations || // Fixing problems with blockcart || // Fixing problems with blockcart
pack,AdminTranslationsController,26,215,621,3.06,0.12,"[-] BO : Display rights warnings while updating a language p || [-] Bo : Fix bug #PSCSX-613, could not return errors on righ || // when adding a translation pack, do not install translatio"
activated,AdminController,13,54,1763,2.55,0.24,[*] Improve UX on currency list/form. Cronjob exchange rate  || [-] BO : Fix bug #PSCFI-6902 fatal error when memcache not i || [-] BO : Fix bug #PSCFI-6902 fatal error when memcache not i
hook,Module,39,459,884,2.05,0.08,feat: add a condition for handling errors from hook modulein || Trigger a deprecated when using a hook alias || Add hook in module uninstall process
images,AdminProductsController,24,181,1561,1.87,0.13,"[*] BO : manage images product (form, cover) || [-] BO : Fix PSCSX-1856, edit images legends || [-] Bo : Fix bug #PSCSX-5170, 'undefined' on images upload, "
sales,ProductSale,10,32,78,7.43,0.31,"[-] FO : Fix best sales display || [-] FO : Fix bug #PSCSX-4354, bad default order by best sale || [-] FO : Fix bug #PSCSX-4354, bad default order by best sale"
customized,Cart,10,32,1054,3.67,0.31,Fix cart quantity check when there is a customized product i || Check if customized product image exists before trying to de || [-] FO : #PSCSX-4002 Fix customized images duplication when 
cms category,CmsPageController,11,40,108,6.77,0.28,Fixed issue with CMS category not working || Adds missing check for cms category existence || adds cms page category name validation according to certain 
country,AdminCountriesController,22,159,96,5.95,0.14,"Edit iso code of an existing country || [-] CORE :Fix #PSCSX-6420, Notice: : id_country in Country.p || [-] CORE :Fix #PSCSX-6420, Notice: : id_country in Country.p"
xml,AdminModulesController,14,65,564,4.04,0.22,[-] BO : Fix #PSCSX-1829 sort by xml order || // Adding clear xml cache on addons connection || // Adding clear xml cache on addons connection
product list,AdminProductsController,14,63,1561,2.61,0.22,"Revert ""[-] BO : Fix bug #PSCFV-12280, save product list, fi || Revert ""[-] BO : Fix bug #PSCFV-12280, save product list, la || [-] BO : Fix bug #PSCFV-12280, save product list, last part"
tpl,AdminProductsController,22,158,1561,1.94,0.14,// field translatable + tpl products + fixs || // Porting more product tpl || [-] FO : #PSTEST-92 : added display of size fields in attach
adapt,ProductFormDataProvider,17,94,159,5.61,0.18,"Handle javascript for new UX of feature management, also nee || Adapt ProductFormDataProvider to new suppliers data format || Adapt provider and command builder to new tax rule data stru"
confirmation,PaymentModule,18,104,455,4.03,0.17,Fix hyphen end of name in mail order confirmation || Fix vouchers excluding tax in confirmation email || Fix totals excluding tax in confirmation email
preview,ProductController,18,108,941,2.93,0.17,Integrate LegacyAdminTokenValidator in front controllers tha || Handle preview even in all shops view for product that have  || Handle preview for each specific shop in shop details
help,AdminController,18,104,1763,2.08,0.17,Add help.prestashop-project.org documentation links & fix po || [CO] Change all links to PrestaShop Help/Addons/Developers f || [-] BO : Update help link with employee language
payment modules,AdminPaymentController,8,21,71,7.85,0.38,[+] BO : new display of payment modules in payment tab || [+] BO : new display of payment modules in payment tab || // Display of payment modules per shop #PSTEST-833
customer thread,ContactController,8,21,95,7.43,0.38,"[-] FO - fixed bug #PSCFV-6620 - reply to customer thread no || [-] FO - fixed bug #PSCFV-6620 - reply to customer thread no || [-] BO : #PSCFV-3146 - Customer Thread, fix encoding chars b"
stock management,Product,19,120,1478,2.2,0.16,[-] BO: product price was changed on changing to advanced st || [-] BO : fix the change of advanced stock management in the  || [-] BO : fix the change of advanced stock management in the 
tree,AdminProductsController,19,121,1561,2.11,0.16,[-] BO : Fix issue with checkbox / radio button in the categ || [-] BO : Fix tree category issue || [-] BO : Fix tree category issue
norms,AdminController,19,122,1763,1.92,0.16,// norms || // Norms + small refacto || //norms
cache,Cart,38,485,1054,1.68,0.08,"Do not reload product cache immediately ||  move cache clear ""getContextualValue_"" to addCartRule metho || Enable cache"
advanced stock,AdminPPreferencesController,15,75,99,6.44,0.2,[-] BO : Fix #PSCSX-4791 disabling advanced stock || [-] BO : Update JS control for advanced stock management || [*] BO : Option to force new products to use (if enabled) Ad
attribute,Attribute,30,315,74,5.79,0.1,Integrate attribute texture image in combination generator || Add query to fetch the attribute group list || CO: Document Attribute class (#5992)
uri,Shop,10,33,494,4.72,0.3,"[-] FO : Fix bug #PSCSX-2695, base uri in adminshop || // Shop URI case insensitive || // Shop URI case insensitive"
invoice,Order,25,215,468,3.42,0.12,Add condition to avoid duplicate invoice line. || CO: clean order detail cache after setting invoice id || CO: clean order detail cache after setting invoice id
footer,AdminController,12,48,1763,2.61,0.25,Remove unused backoffice footer || [+] CORE : Add footer toolbar to forms || // Remove header and footer display when ajax
payment,AdminOrdersController,23,180,700,2.97,0.13,[-] BO : Fix PSCSX-2373 payment restriction when add a new o || [-] BO: Fix #PSCFV-6367 don't display the payment modules on || [-] BO: Fix #PSCFV-6367 don't display the payment modules on
now possible,SupplyOrder,9,27,63,7.83,0.33,// Address: added id_warehouse. Supplier: it is now possible || // Address: added id_warehouse. Supplier: it is now possible || // Address: added id_warehouse. Supplier: it is now possible
live edit,Hook,9,27,347,5.37,0.33,[+] CORE: Remove live edit feature || [-] FO : fixed bug #PSCFV-5826 #PSCFV-4697 Live edit only wo || [-] FO : fixed bug #PSCFV-5826 #PSCFV-4697 Live edit only wo
live edit,FrontController,9,27,898,4.0,0.33,"[+] CORE: Remove live edit feature || [-] FO : Fix bug #PSCSX-1930, could not delete banner in liv || //small live edit bug fix with host mode"
improved,AdminSupplyOrdersController,27,239,311,3.96,0.11,// Improved filters || // Improved filters || // Improved filters
small bugs,AdminController,9,27,1763,3.02,0.33,// fix small bugs || // fix small bugs || // fix small bugs
image,AdminImportController,37,447,693,2.36,0.08,"[+] BO: CSV Import, +'image ALT' column for products & combi || [-] BO : #PSCSX-6437 Product import, each image downloaded t || [-] BO : #PSCSX-6437 Product import, each image downloaded t"
slip,AdminOrdersController,14,68,700,3.66,0.21,"[-] BO : FixBig #PSCSX-4690, #PSCSX-4676 - Fixing Credit sli || [-] BO : FixBig #PSCSX-4690, #PSCSX-4676 - Fixing Credit sli || [-] BO : FixBig #PSCSX-4690, #PSCSX-4676 - Fixing Credit sli"
friendly url,Dispatcher,10,35,314,5.29,0.29,[-] CORE : small fix in Dispatcher::createURL() when friendl || [-] CORE : small fix in Dispatcher::createURL() when friendl || // Fix dispatcher when no empty rewrite meta is found with f
maintenance,FrontController,10,35,898,3.77,0.29,Improved meta tag handling in maintenance mode || Allow Front controller called in cli if ssl is on or mainten || Support ip subnet in maintenance mode
csv export,AdminController,10,34,1763,2.84,0.29,[+] BO : CSV Export #PSCSX-6554: use CSV native PHP function || [+] BO : CSV Export #PSCSX-6554: use CSV native PHP function || CORE: #PSCSX-5681 Remove BOM bytes from csv export
features,Feature,17,101,54,7.07,0.17,"[-] CORE : [-] fix #PSCSX-5826, sql db exception on features || [-] CORE : [-] fix #PSCSX-5826, sql db exception on features || [-] BO : Fix bug #PSCSX-4358, could not reorder features and"
total,PaymentModule,17,101,455,3.99,0.17,Use rounded discount & fees when calculating order total || Fix total tax || [-] CORE : Fix #PSCSX-3729 value cart_rule when total cart r
supplier order,SupplierOrderDetail,8,22,20,9.61,0.36,// stock : update and bugs fix on supplier order add product || // stock : update and bugs fix on supplier order add product || // #PSFV-94 : Add possibility to add product in a supplier o
tags,Tag,16,88,66,6.89,0.18, show all tags (not only active) when selecting products for ||  use separate methods for deleting all tags and for specific || Fix incorrect variable names when saving tags
detect,Context,9,28,165,6.39,0.32,CO: Move mobile detect to composer || [*] Core: Upgrade Mobile Detect to 2.7.8 || [+] Core: Allow to disable modules on each devices && Mobile
default country,AdminWarehousesController,9,28,171,6.34,0.32,[-] BO : the default country of shop is correctly selected b || [-] BO : the default country of shop is correctly selected b || [-] BO : the default country of shop is correctly selected b
pscfv stock,StockAvailable,8,22,232,6.07,0.36,[-] BO: Fix #PSCFV-8068 stock available total cache after de || [-] BO: Fix #PSCFV-8068 stock available total cache after de || [-] BO : #PSCFV-2790 - Fix bug with Stock Advanced
history,OrderHistory,12,49,215,5.61,0.24,// fix id_employee not set in order_history for first histor || [-] fix id_employee not set in order_history for first histo || // fix id_employee not set in order_history for first histor
newsletter,AdminCustomersController,9,28,283,5.61,0.32,"BO: Fix newsletter, optin, shop columns || Let the modules handle the newsletter subscription (#5802) || [*] FO : Fix #PSCSX-3797, ebable optin && newsletter registr"
pscfv cart,CartRule,8,22,451,5.11,0.36,"[-] CORE : Fix bug #PSCFV-11772, cart rule country restricti || [-] CORE : Fix bug last part #PSCFV-8636, cart rule with a r || [-] CORE : Fix bug last part #PSCFV-8636, cart rule with a r"
lot,Order,8,22,468,5.06,0.36,"[-] Core : Fixed a lot of issue with free shipping vouchers  || [-] Core : Fixed a lot of issue with free shipping vouchers  || // Huge code cleaning on order edition, a lot of values were"
rewrite,Dispatcher,16,87,314,4.65,0.18,Make rewrite pattern non greedy || Allow arabic numbers in link rewrite || Allow arabic numbers in link rewrite
default category,AdminImportController,8,22,693,4.49,0.36,BO: Prevent default category reset when already defined || BO: Prevent default category reset when already defined || // Fix special case of default Category for multishop contex
product attributes,AdminProductsController,8,22,1561,3.32,0.36,[-] BO : added checks on product attributes properties #PSCF || [-] BO: association of product attributes on associating a p || // Don't update some product attributes in group shop contex
adds,CmsPageController,41,587,108,4.8,0.07,Adds missing check for cms category existence || adds showcase card for cms page || adds position update action for cms page listing
rules group,Product,11,42,1478,2.93,0.26,[-] BO: Auto-select the tax rules group most used on product || [-] BO: Auto-select the tax rules group most used on product || // Clean product and carrier tax rules group on update
alias,AliasRepository,19,126,43,7.24,0.15,Fix usecase when changing status for already existed alias || transfer alias for association building logic to handler || implement search alias for association tests
voucher,AdminOrdersController,15,78,700,3.56,0.19,[-] BO : Fix #PSCSX-4496 send if add tax or not to voucher || [-] BO : Fix #PSCSX-4496 send if add tax or not to voucher || [-] BO : Fix #PSCFV-11428 choose to refund voucher
permissions,AdminController,15,78,1763,2.23,0.19,BO: Permissions on Module import || BO: Modification permissions on Product Catalog and Module || [-] BO: Fix CMS pages permissions (#BOOM-505)
assets,JavascriptManager,10,36,27,8.79,0.28,Update classes/assets/JavascriptManager.php || Update classes/assets/JavascriptManager.php || Update classes/assets/JavascriptManager.php
customer,CustomerController,40,591,128,4.51,0.07, revert todos and use all shops constraint for customer sear ||  wip handling shop ocnstraint for customer search. Todo || Improve duplicate customer exceptions
warehouse,AdminSupplyOrdersController,20,138,311,4.32,0.14,[-] BO : FixBug #PSCFV-9839 Update product warehouse on supl || // Added warning in SupplyOrdersController if there is not a || // Added warning in SupplyOrdersController if there is not a
tax rules,Product,14,71,1478,2.52,0.2,[-] BO: Auto-select the tax rules group most used on product || [-] BO: Auto-select the tax rules group most used on product || // Clean product and carrier tax rules group on update
combination,ProductController,35,435,941,1.88,0.08,Add adtoken and id_employee when switching previewed combina ||  dynamically update summary quantity on combination list ref ||  fix duplicate combination between shops and add behat scena
css,AdminController,20,148,1763,1.72,0.14,Increase theme.css priority to call before rtl.css || // BO new theme : switch tpl/js/css if layout called from sf || // BO UI Kit : add missed css/js files
pdo,Db,9,29,202,6.04,0.31,"CO: Because PDO is now mandatory, drop MySQL support || [*] Core: Use PDO::fetchAll() && mysqli_fetch_all() to avoid || // Too many bugs on PDO with PHP < 5.2"
shopconstraint,Configuration,9,29,223,5.9,0.31,"add comments about ShopConstraint, remove unused Shop || build shop constraint if no ShopConstraint is specified || not specifying a ShopConstraint is now deprecated"
range,RangeWeight,12,52,33,8.23,0.23,Adds phpdoc on range objectmodel || [PSR-2] Fix coding standards in range class files || [PSR-2] Fix indentation in range class files
controller,FrontController,46,738,898,1.58,0.06,Allow Front controller called in cli if ssl is on or mainten || Update classes/controller/FrontController.php || Update classes/controller/FrontController.php
supplier,AdminSuppliersController,25,223,147,5.03,0.11,"Unable to create new supplier when VAT identification number || Fix supplier display in case its currency is 0, fix import t || [-] fix typo in adding TinyMCE editor for supplier descrpiti"
breadcrumb,ProductController,13,61,941,3.28,0.21,fix(breadcrumb): updated backoffice configuration for defaul || feat(breadcrumb): added backoffice configuration for default || feat(breadcrumb): generate product categories breadcrumb acc
import,ImportController,34,450,83,5.29,0.08,Return Response when import directory does not exist || Restore legacy import page 2 || Fix messages display during import process
addresses,Customer,17,107,264,4.69,0.16,Order addresses by alias on checkout Add an order by in the  || // Fix addresses for customer->id  = 0 || // Use id_address as array keys for customer simple addresse
rounding,Cart,10,37,1054,3.46,0.27,[*] Core: Add options for taxes rounding || [-] BO: Fix ecotax product backoffice management && rounding || [-] BO: Fix ecotax product backoffice management && rounding
best,ProductSale,9,30,78,7.37,0.3,"[-] FO : Fix best sales display || [-] FO : Fix bug #PSCSX-4354, bad default order by best sale || [-] FO : Fix bug #PSCSX-4354, bad default order by best sale"
mails,Mail,9,30,194,6.05,0.3,Don't attach logo to emails if text only mails is configured || CO: Fix the links sent in the mails (multilingualism) || [+] CORE : Added support for new mails hooks
pstest problem,AdminAttributesGroupsController,9,30,219,5.88,0.3,[-] BO : #PSTEST-400 - Fixed problem with adding attribute || [-] BO : #PSTEST-400 - Fixed problem with adding attribute || [-] BO : #PSTEST-400 - Fixed problem with adding attribute
categories,CategoryController,30,338,324,3.56,0.09,Fix and refactor category controller for non existent catego || Fix display of categories from other shops || BO: Formulaire produit V2 : Ajoute les categories inactives 
advanced stock,AdminStockManagementController,14,75,143,5.81,0.19,BO: fix search in Advanced Stock Management || // handle stock in advanced stock management for pack || // Add cancel button to advanced stock management
root category,CategoryController,14,72,324,4.69,0.19,Use root category instant of main || Fixed some issues with root category by aligning it closer w || Changed from root category to home category
root category,Category,14,72,436,4.26,0.19,"Category::getParentsCategories only returns the Root categor || In MultiShop, In new Category, display the top category if t || Make root category of a shop non editable"
installed,AdminModulesController,14,75,564,3.83,0.19,[*] BO : #PSCSX-6039 view buttons replace by configure when  || // Check and update also not installed modules || BO: Modules - show update button even if module is not insta
installed,Module,14,75,884,3.18,0.19,Allow log duplicate: a module can be installed several times || BO: fixed module card display with addons installed using zi || BO: Upgrade uploaded module when already installed
bugfix,Cart,38,545,1054,1.51,0.07,[-] CORE : static cache bugfix || // BugFix || // BugFix
order product,AdminSupplierOrdersController,8,24,70,7.68,0.33,// stock : update and bugs fix on supplier order add product || // stock : update and bugs fix on supplier order add product || // stock : update and bugs fix on supplier order add product
order creation,PaymentModule,8,24,455,4.98,0.33,feat: modify order creation || chore: update shipment creation & stop duplicate for order c || chore: update shipment creation & stop duplicate for order c
available,StockAvailable,24,220,232,4.34,0.11,[-] BO: Fix #PSCFV-8068 stock available total cache after de || [-] BO: Fix #PSCFV-8068 stock available total cache after de || // Added security check in stock available
context part,FrontController,8,24,898,4.0,0.33,// Context part 30 || // Context part 30 || // Context part 21
module controller,FrontController,8,24,898,4.0,0.33,[-] PROJECT : Module controller now handle the column displa || [-] PROJECT : Module controller now handle the column displa || [-] PROJECT : Module controller now handle the column displa
product product,AdminProductsController,8,24,1561,3.2,0.33,// Update Stats interface relative to stock available functi || // Update Stats interface relative to stock available functi || // Update Stats interface relative to stock available functi
adminhome,AdminController,8,24,1763,3.02,0.33,"// Helper now can uses toolbar // bugfix in category listing || // Helper now can uses toolbar // bugfix in category listing || // fix displaying subtabs link, // fix adminHome links"
helperlist,AdminController,12,54,1763,2.44,0.22,"[-] BO : fix parameters missing between AdminController and  || [*] BO : modules can now use ajax action on their HelperList || // added title for helperlist, admincontroller factorisation"
back office,AdminController,12,55,1763,2.41,0.22,"Configure symfony to handle authentication, setup Symfony lo || Add QS to some of the back office assets to force cache clea || Remove support for 1.5 translations in Back Office"
payment,Order,22,180,468,3.49,0.12,Add employee info on the Payments tab when payment is regist || Add comments for payment conversion cases and Behat test || Fix conversion when adding payment to order
association,Product,22,182,1478,1.81,0.12,Fix cache issue that messed with categories association and  ||  add attachment association duplication || [-] BO : Bad sql association for date_upd of product and cat
sending,Mail,9,31,194,6.01,0.29,No not htmlentitiesdecode when sending email || [CO] Add hook to custom SwiftMessage before sending mail || CO: Keep sending email if legacy lang file not found
quantity,CartController,29,306,308,3.72,0.09,"Fix quantity check when there a customization in cart (Backp || Fix adding packs to cart, fix quantity in cart || Comment cart and quantity methods"
quantity,ProductController,29,306,941,2.11,0.09,Remove useless pack quantity || Inform customer about quantity in cart ||  dynamically update summary quantity on combination list ref
combination form,CombinationFormType,10,39,24,8.84,0.26,Handle combination form header according to expected UX || Integrate cover preview in combination form || Handle new format form combination in form type
product cart,CartRule,10,38,451,4.65,0.26,BO: Fix conflict between two cart rules and a single product || [-] Project : #PSFV-820 - Cartrules are now reapplied each t || [-] Project : #PSFV-820 - Cartrules are now reapplied each t
robots,Tools,10,38,1134,3.32,0.26,"Add filter parameter to robots.txt || in robots.txt too || Moved the generation command to the Handler, some correction"
ssl,FrontController,13,66,898,3.24,0.2,Allow Front controller called in cli if ssl is on or mainten || [-] FO: redirect to http when SSL is disabled || // fix canonical and ssl page without ssl
product quantity,Product,10,39,1478,2.9,0.26, add deprecatio nnotices on Product->$quantity & Combination || [-] WS: Fixed virtual product quantity field || [-] WS: Fixed virtual product quantity field
quantities,Product,13,66,1478,2.52,0.2,"BO: Add Pack::getQuantity() method, fix products quantities  || // change pack quantities tab || [-] BO : #PSCFV-2638 - Fix bug combination mess up in produc"
multistore,AdminProductsController,20,152,1561,1.86,0.13,[-] BO : Fix #PSCSX-5883 need to check if multistore is enab || [-] BO : fixed multistore thumbnail on product list || [*] BO : Changed the default list view for products and cate
pscsx,AdminImportController,52,1102,693,1.55,0.05,[+] BO : #PSCSX-6327 Import excel files || [*] BO : #PSCSX-6333 Detect CSV file encoding || [+] BO : #PSCSX-6321 Allow downloadable product importation
psfv,AdminImportController,43,759,693,1.81,0.06,// FIxed #PSFV-752 || // FIxed #PSFV-752 || // FIxed #PSFV-752
localization pack,AdminLocalizationController,8,25,69,7.64,0.32,// added an option not to override the local localization pa || [*] BO: Add an option to choose to not import the behavior o || [-] BO: Fix localization pack url
reduction,CartRule,16,102,451,3.9,0.16,"Removed free shipping from cumulative reduction || fix percentage reduction value || [-] CORE : Fix bug last part #PSCFV-8636, cart rule with a r"
reduction,Product,16,102,1478,2.19,0.16,Use price without any reduction to compute the ratio correct || Remove specific price constraint when applying group reducti || Fix group reduction when specific price is set
uses,AdminController,16,97,1763,2.01,0.16,// Now translation in validateRules() method uses sprintf || // Now translation in validateRules() method uses sprintf || // Now translation in validateRules() method uses sprintf
refresh,OrderController,15,89,547,3.73,0.17,Order view - Refresh shipping tab when product is added or r || Refresh product list when a product is deleted + loading spi || Refresh order products
upload,FileUploader,17,112,57,6.84,0.15,"implemented import file upload via ajax || [-] BO : Image upload, legend can be null || [-] BO : fixed image upload (except with OVH firewall) #PSCF"
associated,AdminProductsController,17,117,1561,2.0,0.15,// don't display buttons on the toolbar if the product is no || // Fix associated categories tree header || // reset category filter on adminproducts on multishop when 
die,AdminOrdersController,11,48,700,3.81,0.23,// You shall not DIE! || // You shall not DIE! || // You shall not DIE!
friendly,Tools,11,48,1134,3.12,0.23,CO: Fix bug with friendly URLs and Media Servers || CO: Fix bug with friendly URLs and Media Servers || // Add a redirection in Tools::switchLanguage() to prevent p
kpi,AdminProductsController,11,48,1561,2.66,0.23,[-] BO KPI fix on product catalog page (formula and links) || [-] BO : #PSCSX-6137 Fix Ajax load of product KPI tooltips || [-] BO : #PSCSX-6137 Display correct KPI values in tooltip
suppliers,AdminSuppliersController,18,131,147,5.33,0.14,"BO/FO: allow to display/hide manufacturers and suppliers sep || [-] BO : Fix bug #PSCSX-2120, suppliers order by || [-] BO : Fix bug #PSCSX-2028, company for suppliers addresse"
supply order,SupplyOrder,12,56,63,7.19,0.21,// Fixed #PSCFV-44 : Wrong product references were displayed || // Fixed #PSCFV-44 : Wrong product references were displayed || // Fixed #PSCFV-44 : Wrong product references were displayed
multishipping,PaymentModule,14,76,455,4.12,0.18,[-] BO : #PSCFV-3112 - Fix bug with payment by cheque and mu || [-] BO : #PSCFV-3112 - Fix bug with payment by cheque and mu || [-] BO : #PSCFV-3112 - Fix bug with payment by cheque and mu
voucher,PaymentModule,14,78,455,4.08,0.18,fix big amount voucher || Co: voucher issue fix || [-] CORE : wrong currency on partial voucher using a differe
core pscsx,Tools,21,178,1134,2.16,0.12,"[-] CORE : Fix #PSCSX-6719, bad cache on colors list on attr || [-] CORE : Fix PSCSX-6544, typo in replaceAccentedChars for  || [-] CORE :Fix #PSCSX-6420, Notice: : id_country in Country.p"
hide,AdminController,14,79,1763,2.11,0.18,BO/FO: allow to display/hide manufacturers and suppliers sep || Hide the migrated page while it's unfinished || BO: Hide/show the notification center using the configuratio
bootstrap,AdminController,10,40,1763,2.61,0.25,"Revert ""[-] Class: AdminController / Set bootstrap as true"" || [-] Class: AdminController / Set bootstrap as true || // removed load of jquery.cluetip from adminController ( and"
attributes,Product,25,240,1478,1.6,0.1,"Performance : avoid useless attributes queries || [-] BO: Sync stock reference, EAN13, UPC codes when updating || [-] BO : FixBug #PSCFV-11740 - Inactive language not duplica"
image upload,FileUploader,8,26,57,7.86,0.31,"[-] BO : Image upload, legend can be null || [-] BO : fixed image upload (except with OVH firewall) #PSCF || [-] BO : fixed image upload (except with OVH firewall) #PSCF"
auth,AuthController,8,26,277,5.58,0.31,"// Auth: remove js, css and useless vars || [-] FO: auth error if $back is not defined || [-] FO: auth error if $back is not defined"
minimal,CartController,8,26,308,5.42,0.31,Improved Error message in New Order Page when adding a minim || update product's quantity up to minimal required || Check minimal quantity
virtual products,Cart,8,26,1054,3.65,0.31,"Revert #12965 Fix wrong cart calculation when using cart rul || [*] BO : #PSTEST-381 - Checkbox ""Send available products fir || [*] BO : #PSTEST-381 - Checkbox ""Send available products fir"
attachment,AttachmentController,13,69,55,7.2,0.19,"Use light legacy layout for attachment modal || Add controller to search for attachment || Use the iframe modal to display the Attachment form, on succ"
supply orders,SupplyOrder,13,68,63,7.03,0.19,// Supply Orders CSV Import || // Supply Orders CSV Import || // Supply Orders CSV Import
front,ProductController,19,144,941,2.59,0.13,fix cart_quantity in front ProductController || Fix min qty in front ProductController on ajax refresh || Update controllers/front/ProductController.php
listing,AdminController,19,143,1763,1.69,0.13,BO: Fix the display of the listing filters on the toolbar || [-] BO: Fix the display of the listing filters on the toolba || // small fix for some order by on listing
bugfix psfv,AdminCategoriesController,9,33,368,4.99,0.27,[-] BO : BugFix : #PSFV-689 : customer groups selection on c || [-] BO : BugFix : #PSFV-689 : customer groups selection on c || [-] BO : BugFix : #PSFV-689 : customer groups selection on c
pscfv now,AdminTranslationsController,9,33,621,4.24,0.27,[-] BO : fix #PSCFV-2504 : Now class PaymentModule can be tr || [-] BO : fix #PSCFV-2504 : Now class PaymentModule can be tr || [-] BO : fix #PSCFV-2504 : Now class PaymentModule can be tr
files,AdminTranslationsController,27,311,621,2.59,0.09,Use array short tag in translations files || CO: Do not overwrite mail files during installing new langua || // Remove old PS1.4 admin files
manufacturers,ManufacturerController,11,50,159,5.89,0.22,BO/FO: allow to display/hide manufacturers and suppliers sep || changes manufacturers address and manufactures edit function || Added legacy links to manufacturers and addresses routes
positions,AdminCategoriesController,11,51,368,4.65,0.22,"[-] Class: Missing category param when update positions + du || [-] BO : Fix #PSCSX-5076, wrong positions in category list || // Fix bugs with category positions"
positions,Category,11,51,436,4.41,0.22,"[-] Class: Missing category param when update positions + du || [-] BO : Fix #PSCSX-5076, wrong positions in category list || // Fix bugs with category positions"
required,AuthController,22,195,277,4.13,0.11,"[-] FO : Fix PSCSX-2535 add asterisks for required fields || [-] FO : Fix PSCSX-2820 add PSCSX-2820 add * for optin and n || [-] : Fix bug #PSCFV-4859, could not register invoice addres"
regex,AdminTranslationsController,11,51,621,3.9,0.22,"[-] CORE : Follow up #PSCSX-2039, parsing regex in admin TR || [*] BO : Fixed regex typo || [-] BO : #PSCFV-2660 : Fix bug in regex for parse translatio"
duplicated,Product,11,49,1478,2.71,0.22,Remove duplicated function || [-] BO : FixBug #PSCFV-11740 - Inactive language not duplica || [-] BO : FixBug #PSCFV-11448 Attributes Impact not duplicate
join,Product,11,49,1478,2.71,0.22,"Inner join || [-] CORE : Fix bug #PSCFV-12147, bad sql join in getAttribut || // clean useless INNER JOIN"
stay,AdminProductsController,11,51,1561,2.57,0.22,"[-] BO : fixed bug #PSCFV-3724 - fixed bug with ""Save and St || [-] BO : fixed bug #PSCFV-3724 - fixed bug with ""Save and St || [-] BO : fixed bug #PSCFV-3724 - fixed bug with ""Save and St"
feature,FeatureFlagLang,24,252,34,6.91,0.1,Create new dedicated feature flag for discount || Remove feature flag for search aliases || Add feature flag for module configuration
little,Category,24,236,436,3.32,0.1,// little fix sql categories and product || // little fix sql categories and product || // little fix sql categories and product
pstest,AdminSupplyOrdersController,48,981,311,2.76,0.05,// Fixed #PSTEST-1074 || // Fixed #PSTEST-1074 || // Fixed #PSTEST-1074
install,Module,24,238,884,2.29,0.1,"move module upgrade logging to legacy class as suggested by  || Log actions on modules : install, unistall, upgrade || Remove addons modules on install and add postinstall executi"
license,UpdateLicensesCommand,10,41,15,9.45,0.24,Update missing license header || Add test resources folders as exception for license update || Delete License from files and fix the UI path
tracking,AdminTrackingController,10,42,79,7.02,0.24,"[*] BO : #PSCSX-6463 add tracking for product without photo, || // Fix Tracking list bulk actions || // Fix missing last actions button in tracking controller li"
webservice,WebserviceController,16,104,63,6.71,0.15,Avoid ` ConnectException` check Webservice Endpoint || Added API status block in WebService page || fix context switching in webservice configuration page
installer,DbPDO,20,164,93,5.82,0.12,// fixed automatic creation of database in installer on HHVM || [*] IN : the installer now check the auto increment configur || [*] IN : the installer can now attempt to create the databas
true,Order,10,42,468,4.45,0.24,Coding style fixed with php-cs-fixer fix To fix issue #9694  || Comments removed from function call. To fix issue #9694 (whe || To fix issue #9694 (when the shipping cost gets free if the 
installer,Language,20,164,336,3.96,0.12,Fix installer language container not found || [*] Installer : improve installer display || [*] Installer : improve installer display
canonical,FrontController,8,27,898,3.83,0.3,"// [+] link rel=canonical is better than nofollows everywher || [*] Core : added the possibility to choose between 301, 302  || // fix canonical and ssl page without ssl"
txt,Tools,10,41,1134,3.21,0.24,"Add filter parameter to robots.txt || in robots.txt too || Moved the generation command to the Handler, some correction"
stock management,AdminStockManagementController,17,120,143,5.41,0.14,BO: Fix Combinaition filter in stock management section || BO: fix search in Advanced Stock Management || // handle stock in advanced stock management for pack
gift,CartController,14,81,308,4.59,0.17,Fix gift display || BO - New Order - Empty gift message is not a null value || Test display gift with payed products
gift,CartRule,14,81,451,4.04,0.17,Fix gift not added/removed when changing price || Fix Gift + discount cartRule calculation || Round free gift discount amount
reference,Order,17,120,468,3.7,0.14,Raise order reference || remove useles reference assignation || use order reference instead of order id
partial refund,OrderSlip,9,35,70,7.3,0.26,[*] BO : Partial refund now handle quantity || [*] BO : Partial refund now handle quantity || [*] BO : Partial refund now handle quantity
csv export,AdminStockMvtController,9,34,89,7.0,0.26,"// Fixed CSV export without pagination. Fixed StockManager,  || // Fixed CSV export without pagination. Fixed StockManager,  || // Fixed CSV export without pagination. Fixed StockManager, "
stores,AdminStoresController,9,35,98,6.82,0.26," fix states selector in legacy stores form by reusing new sy ||  [BO] Fix bug when filter stores by name or address || BO: Translate stores schedules, name and adress from BO"
manufacturer,AdminManufacturersController,18,136,122,5.54,0.13,"Revert ""Deletes legacy Manufacturer controller"" || Deletes legacy Manufacturer controller || // Fix manufacturer address export"
stockmvt,AdminSupplyOrdersController,9,34,311,5.19,0.26,// Improved StockInstantState/StockMvt/SupplyOrders interfac || // Improved StockInstantState/StockMvt/SupplyOrders interfac || // Improved StockInstantState/StockMvt/SupplyOrders interfac
send,OrderHistory,13,72,215,5.17,0.18,[-] CORE : fixed bug #PSCFV-10175 - No virtuel download emai || [-] CORE : fixed bug #PSCFV-10175 - No virtuel download emai || [*] WS : order history add(POST) send customer email if send
free shipping,CartRule,13,71,451,4.12,0.18,"Removed free shipping from cumulative reduction || [-] FO : Fix bug #PSCSX-4167, avoid 2 free shipping cart rul || [-] CORE : Fix bug last part #PSCFV-8636, cart rule with a r"
restriction,CartRule,13,71,451,4.12,0.18,Speedup and simplify country restriction getting || [-] FO : Fix incorrect cart rules list in case of country re || [-] FO : Fix incorrect cart rules list in case of country re
smarty cache,Module,9,34,884,3.69,0.26,[*] BO : Added the option to never clear smarty cache (may b || [-] MO: Fix time of smarty cache invalidation || // And now use smarty cache groups for cache ids to be more 
robots txt,Tools,9,35,1134,3.28,0.26,"Add filter parameter to robots.txt || in robots.txt too || Moved the generation command to the Handler, some correction"
optimizations,Product,9,34,1478,2.94,0.26,// Multishop optimizations || // Multishop optimizations || // Multishop optimizations
listing,AdminProductsController,18,143,1561,1.79,0.13,BO : Product listing duplicate rows || [-] BO: product listing should call Product::getPriceStatic( || // Fix double entities on AdminLog listing #PSCFV-10472
bump,Version,8,28,31,8.63,0.29,Bump version to 8.1.7 || Patch bump version || Bump version to 8.1.5
newsletter,IdentityController,8,28,53,7.86,0.29,"[*] FO : Fix #PSCSX-3797, ebable optin && newsletter registr || [-] FO : Fix PSCSX-2820 add PSCSX-2820 add * for optin and n || [-] FO : #FSCFV-903 : Add Mail confirmation sending when sub"
thread,ContactController,8,28,95,7.01,0.29,"[-] FO - fixed bug #PSCFV-6620 - reply to customer thread no || [-] FO - fixed bug #PSCFV-6620 - reply to customer thread no || [-] BO : #PSCFV-3146 - Customer Thread, fix encoding chars b"
newsletter,AuthController,8,28,277,5.47,0.29,"[-] FO : Fix #PSCSX-5182, for newsletter flag for customer i || [*] FO : Fix #PSCSX-3797, ebable optin && newsletter registr || [-] FO : Fix PSCSX-2820 add PSCSX-2820 add * for optin and n"
language pack,Language,8,28,336,5.19,0.29,Add multiple attempts to download a language pack || Use separate method for first language pack install || Avoid redownloading the language pack on install
group,AdminGroupsController,29,386,162,4.32,0.08,groups list : display new group buttons after saving options || Fix Search customer in specific group || fix link to customers controller in group view page
range,RangePrice,11,52,29,8.29,0.21,Adds phpdoc on range objectmodel || [PSR-2] Fix indentation in range class files || // Fix range price creation
image,Image,33,447,87,5.19,0.07,Update Image.php || Update Image.php || Fix `Image::getCover` & `Image::getGlobalCover` PHPDoc
pscfi,Mail,21,183,194,4.67,0.11,[-] CORE : Fix bug #PSCFI-7072 redundant configuration get || [-] CORE : Fix bug #PSCFI-7072 redundant configuration get || [-] Core : Swift exception(s) handled #PSCFI-6121
address,Address,33,462,127,4.59,0.07,Fix and comment address deletion process || Update Address.php || Optimizing queries for checking address existence
order detail,OrderDetailController,10,43,95,6.72,0.23,[-] FO : #PSCFV-3034 - Add return quantity to order detail || [-] FO : #PSCFV-3034 - Add return quantity to order detail || [-] FO : #PSCFV-3034 - Add return quantity to order detail
order detail,OrderDetail,10,43,161,5.96,0.23,BO: add customization price & weight to order detail || Order zero ratio for order detail tax || // Clean order_detail_tax table after deleting an order deta
manager,RequestSql,12,64,44,7.52,0.19,Fix arbitrary file ready through sql manager || Fix arbitrary file ready through sql manager || CO: Subrequest error in SQL Manager
filters,AdminController,19,161,1763,1.52,0.12,BO: Solved problem with non-unserialized filters data || BO: Fix the display of the listing filters on the toolbar || [-] BO : Solved problem with non-unserialized filters datas
perf,Translate,9,36,154,6.12,0.25,// perf || // perf || // perf
password,Customer,15,103,264,4.57,0.15,"generate and use password reset url || update password phpdoc || On authentication, compare password hash from customer and c"
vouchers,CartRule,9,36,451,4.57,0.25,Fix vouchers in backoffice || Do not show vouchers that should be hidden || Define when a voucher should be display in 'You vouchers'
assets,FrontController,9,36,898,3.58,0.25,"Use Media Server for assets (CSS, JS, Images) || CO: Allow to add remote assets || CO: Allow to add remote assets"
controllers front,ProductController,9,36,941,3.51,0.25,Update controllers/front/ProductController.php || Update controllers/front/ProductController.php || Update controllers/front/ProductController.php
attribute group,AttributeGroup,8,29,57,7.7,0.28,"Fix untranslated field names on Attribute Group error messag || Handle attributes list in the Attribute group query, add beh || Create handler for attribute group list that uses Doctrine r"
store,StoresController,16,114,74,6.35,0.14,Introduce store presenter || IN: Add store translations to fixtures || CO: fix image store generator
attribute group,AdminAttributesGroupsController,8,29,219,5.76,0.28,"[-] BO : FixBug #PSCSX-832 Add id attribute group to value r || // Fix attribute group view list || [-] BO : #PSTEST-989 - Remove button ""Save and add"" on form "
login,AdminController,14,90,1763,1.92,0.16,"Configure symfony to handle authentication, setup Symfony lo || [-] BO: Login / no loading of QuickAccess || //keep login in url when redirect to adminLogin"
modules,ModuleController,37,576,266,3.37,0.06,Warning on Modules List page when Distribution API cannot be || Handle remote zip as module upgrade source and disable hooks || Fixed the wording translation for Enable/Disable Mobile in M
multishop,AdminShopController,37,653,263,3.21,0.06,Fix subcategories for multishop || // Fix multishop access when option is not enabled #PSCFV-27 || // Fix multishop access when option is not enabled #PSCFV-27
advanced stock,Warehouse,13,75,97,6.26,0.17,Advanced stock and pack product - no warehouse || [-] BO: Fix some bugs on advanced stock management || [-] BO: Fix some bugs on advanced stock management
var,FrontController,17,126,898,2.69,0.13,add theme dir var || Use class cache to don't rebuild the template var urls each  || FO: Add meta.index to $page var
stockavailable,Product,11,56,1478,2.51,0.2,Improve multishop handling for ObjectModel Product and Stock || Fix in Product::delete and StockAvailable cleaning the multi || Fix Product creation to create the appropriate StockAvailabl
core pscsx,Module,20,178,884,2.45,0.11,[-] CORE: Fix #PSCSX-6478 module override with explicit depe || [-] CORE: Fix #PSCSX-6478 module override with explicit depe || [-] CORE : Fix #PSCSX-6153 id shop not well set so don't cac
available,Product,22,220,1478,1.54,0.1,"[-] CORE : Fix #PSCFV-12405 fix stock available create multi || [-] BO : Fix PSCSX-3368 stock available correct if no combin || [-] FO : Fix bug #PSCFV-11457, missing available_ values in "
core grid,ProductQueryBuilder,9,37,37,8.14,0.24,Update src/Core/Grid/Query/ProductQueryBuilder.php || Update src/Core/Grid/Query/ProductQueryBuilder.php || Update src/Core/Grid/Query/ProductQueryBuilder.php
cart rule,AdminCartRulesController,18,155,163,4.94,0.12,Allow all characters for Cart Rule & Order Cart Rule names || Cart rule category selection : display categories in a hiera || Fix carrier choice in the cart rule controller
mails,AdminTranslationsController,8,30,621,4.21,0.27,"[-] BO : Fix bug #PSCFV-12272, can not translate theme overr || [-] BO : Fix bug #PSCFV-12272, can not translate theme overr || [-] CORE : fix mails copy for translation #PSCSX-2133"
slip,Order,12,68,468,4.02,0.18,"BO: fix taxes in credit slip || Revert ""[-] BO : Bad invoice creation if delivery slip alrea || [-] PDF: Order slip Tax detail computation fix. #PSCSX-6408"
multistore,Shop,18,152,494,3.36,0.12,// Make theme settings multistore || [-] CORE : Fix #PSCSX-4801 creation multistore when copy cms || [*] CORE : Fix #PSCSX-3480 media server handle multistore
detection,Tools,9,38,1134,3.17,0.24,Stronger https detection in Tools::getShopProtocol() || Fix default country and country detection || Improved host detection for PHP < 5.6.28
orders,Order,24,278,468,2.99,0.09,Properly order customer orders || BO: simplify admin orders || CO: Only link orders with same cart
product combinations,Product,9,37,1478,2.82,0.24,[-] BO: Fix of product combinations edition and duplication  || [-] BO: Fix of product combinations edition and duplication  || [-] BO: Fix of product combinations edition and duplication 
product combinations,AdminProductsController,9,37,1561,2.74,0.24,[-] BO: Fix of product combinations edition and duplication  || [-] BO: Fix of product combinations edition and duplication  || [-] BO: Fix of product combinations edition and duplication 
properties,Product,12,68,1478,2.36,0.18,"Migrate more properties to lazy array, warmup properties || Deprecate properties || Revert ""Removed deprecated methods & properties in Product c"
currency,Tools,27,328,1134,1.64,0.08,Fix undefined context currency. || Simplify default currency fetching || fix currency install by getting some properties from CLDR re
function,Tools,27,341,1134,1.58,0.08,check not null before calling round function || Deprecate cleanNonUnicodeSupport function || Fix static function
webservice,WebserviceRequest,15,104,165,5.23,0.14,Add webservice order returns - issue #17753 || Update webservice doc URL to reach 8 version || Added Behat Tests for WebService
view,GetOrderForViewingHandler,21,219,130,4.99,0.1,"Display customer groups on order view screen || In Order view, set the lang of the order for order messages || Order View: In Summary, the total is always tax included"
friendly,Dispatcher,10,48,314,4.83,0.21,[-] CORE : small fix in Dispatcher::createURL() when friendl || [-] CORE : small fix in Dispatcher::createURL() when friendl || // Fix dispatcher when no empty rewrite meta is found with f
lang,Language,15,109,336,4.14,0.14,CO: don't update url_rewrite with upside lang || CO: add new hook for update lang table || CO: prevent some error dupplicate lang data
chars,Tools,10,48,1134,2.98,0.21,Fix URL with accented chars || [*] Classes : Tools::replaceAccentedChars() method improved  || [*] Classes : Tools::replaceAccentedChars() method improved 
assign,AdminController,10,47,1763,2.37,0.21,[*] BO: wording - assign vs affect || [-] BO : fixed bug #PSCFV-2217 - Assign new zone in BO > Loc || [-] BO : fixed bug #PSCFV-2217 - Assign new zone in BO > Loc
module list,AdminController,10,48,1763,2.34,0.21,// module list || //must have tab module list fix || [*] BO : Fix module list for AdminPayment
broken,Product,11,59,1478,2.44,0.19,[-] BO : fix bug #PSCFV-2237 - Broken SQL Request in Product || [-] BO : fix bug #PSCFV-2237 - Broken SQL Request in Product || [-] BO : fix bug #PSCFV-2237 - Broken SQL Request in Product
customers,CustomerController,16,127,128,5.4,0.13,Use AsyncToggleColumnExtension for Customers list ||  common search action for Customers grid || Grid row delete confirmation modal - Customers > View > Addr
tax,AdminTaxRulesGroupController,26,318,87,5.34,0.08,Add filter on tax is active || Improved help wording when you add new tax rule || BO: Fix displaying empty zip code of tax rule
customers,Customer,16,127,264,4.36,0.13,"Don't delete cart associated to orders, don't send email to  || Prevent creating duplicate customers in some scenarios || Avoids webservice to create duplicated customers with same e"
tree,Category,16,121,436,3.7,0.13,"[+] CORE : Add format option to get category lite tree || [-] CORE : Fix bug #PSCSX-5912, actionCategoryDelete on all  || [-] CORE : Fix bug #PSCSX-5912, actionCategoryDelete on all "
free,PaymentModule,16,124,455,3.61,0.13,Fixes free product cart rule not being added || [-] BO : FixBug #PSCSX-3570 - Fix tax calculation with free  || [-] FO : Fixed partial use of cart rules which does not offe
installation,Module,13,83,884,2.93,0.16,CO: Cleanup module overrides on a failed installation || // Add fixes to make installation and module catalog working || // Fix multiple override installation on module install
logo,FrontController,16,123,898,2.64,0.13,prevent bc breaks related to the shop logo || Check if logo exists before getting it size || Fetch and set logo image size inside template
token,AdminController,13,80,1763,1.99,0.16,Legacy pages must use Symfony token when symfony layout is e || Make sure token is properly used in legacy context || // allow access to controllers without token
edition,Product,16,125,1478,1.9,0.13,fix error display on cart quantity edition || [-] BO: Fix of product combinations edition and duplication  || [-] BO: Fix of product combinations edition and duplication 
cms category,AdminCmsCategoriesController,9,40,52,7.54,0.23,CO: Fix bulk delete for CMS Category || BO: Automatically fill link_rewrite on new CMS category page || BO: Automatically fill link_rewrite on new CMS category page
employees,Employee,9,40,130,6.22,0.23,Allow one to list/get inactive employees || [*] BO : New employees only get notifications from orders/cu || [*] BO : add scheme choice for BO employees
server,AdminPerformanceController,9,39,167,5.89,0.23,CO: reintroduce server media || [-] BO : Fix #PSCSX-4929 display problem of media server || [-] BO : Fix #PSCSX-4479 correct media server if settings wa
save stay,AdminProductsController,9,40,1561,2.63,0.23,"[-] BO : fixed bug #PSCFV-3724 - fixed bug with ""Save and St || [-] BO : fixed bug #PSCFV-3724 - fixed bug with ""Save and St || [-] BO : fixed bug #PSCFV-3724 - fixed bug with ""Save and St"
product form,ProductFormDataProvider,12,70,159,5.53,0.17,Fix product form data provider so that associations are alwa || Fix conflicts from product form data provider || Simplify product form data provider default data
tax rules,Carrier,12,71,241,4.91,0.17,// Clean product and carrier tax rules group on update || // Clean product and carrier tax rules group on update || // Clean product and carrier tax rules group on update
free shipping,PaymentModule,12,71,455,4.0,0.17,"[-] BO : FixBug #PSCSX-3570 - Fix tax calculation with free  || [-] FO : Fixed partial use of cart rules which does not offe || [-] CORE : Fix bug last part #PSCFV-8636, cart rule with a r"
definition,ObjectModel,17,142,440,3.55,0.12,"Add allow_null in the ObjectModel definition || [-] MO : Fix bug #PSCFV-7800, lang fields definition in Retr || [-] MO : Fix bug #PSCFV-7800, lang fields definition in Retr"
code cleaning,AdminOrdersController,12,69,700,3.42,0.17,"// Huge code cleaning on order edition, a lot of values were || // Huge code cleaning on order edition, a lot of values were || // Huge code cleaning on order edition, a lot of values were"
bugfix,AdminCategoriesController,34,545,368,2.86,0.06,[-] BO : BugFix : #PSCFV-3031 : Unable to edit categories fr || [-] BO : BugFix : #PSCFV-3031 : Unable to edit categories fr || [-] BO : BugFix : #PSCFV-3031 : Unable to edit categories fr
customization,ProductController,17,140,941,2.47,0.12,Cleanup customization logic || Customization - improve phpdoc and constants usage || Update the customization fields IDs after a product save
javascript,AdminProductsController,12,71,1561,2.22,0.17,"// Javascript cleaning || // Javascript cleaning || // fix in product page edition after deleting pack and save,"
core,PaymentModule,51,1355,455,1.83,0.04,[-] CORE : Adding few casts to ValidateOrder || [-] CORE : Follow up https://github.com/PrestaShop/PrestaSho || [-] CORE : Revert of https://github.com/PrestaShop/PrestaSho
release,CreateRelease,8,32,14,9.58,0.25,Add option to create release script to keep tests folder || Allow release creator to be run without version parameter || Allow release creator to be run without version parameter
currency,CurrencyController,25,328,87,5.23,0.08, rollback removing currency search action. Deprecate instead ||  common search action for currency grid || Validate currency localized names
invoices,Order,10,50,468,4.2,0.2,"[-] CORE : #PSCSX-4331, double payment when invoices disable || [-] CORE : #PSCSX-4331, double payment when invoices disable || [-] CORE : Fix #PSCSX-3643 Delivery slip without invoices"
join,Cart,10,49,1054,3.06,0.2,CO: Prefer using « INNER JOIN » instead of « JOIN » || // Fix Product::sqlStock() (use restrictions in left join in || // Fix Product::sqlStock() (use restrictions in left join in
now displayed,AdminController,8,32,1763,2.61,0.25,[-] BO : #PSTEST-232 : Product pictures are now displayed wi || [-] BO : #PSTEST-232 : Product pictures are now displayed wi || [-] BO : #PSTEST-232 : Product pictures are now displayed wi
country,Country,18,159,58,6.39,0.11,"Update Country.php || CO: Doc + update Country class || [-] CORE :Fix #PSCSX-6420, Notice: : id_country in Country.p"
groups,Group,18,167,78,5.89,0.11,[*] FO : Added the possibility to deactivate customer groups || [*] FO : Added the possibility to deactivate customer groups || [-] BO : Bug fixed related to #PSCFV-1354 - Specific price w
prefix,Db,11,60,202,5.28,0.18,CO: add DB prefix in delete() method all time $add_prefix is || CO: add DB prefix in delete() method all time $add_prefix is || [*] Classes : table prefix is no longer required in Db::getI
breadcrumb,AdminCategoriesController,11,61,368,4.4,0.18,[-] BO: Fix category tree on category addition / breadcrumb || [-] BO: Fix category tree on category addition / breadcrumb || [-] BO : Fix PSCSX-2620 breadcrumb if multiple root categori
csv,AdminSupplyOrdersController,18,159,311,3.97,0.11,// Supply Orders CSV Import || // Supply Orders CSV Import || // Supply Orders CSV Import
adminproducts,AdminController,11,62,1763,2.11,0.18,"[-] BO: Fix #PSCFV-7462 bad sql request for ordering by pric || [-] BO: Fix #PSCFV-7462 bad sql request for ordering by pric || // AdminProducts informations fix, saveAndStay fix, [+] BO :"
controllers,FrontController,22,249,898,2.08,0.09,"Add hook ""actionFrontControllerAfterInit"" - launched after t || FO: Allow to define module front controllers layout || CO: refactored use of Hashing in controllers"
guest,AuthController,14,99,277,4.45,0.14,"//Transform a guest into a customer || //Create account (guest or not) on checkout || [-] : Fix bug #PSCFV-4859, could not register invoice addres"
links,Link,14,101,416,3.84,0.14,CO: Make links working even without URL rewriting || // Fix legacy links to AdminModules || [-] BO KPI fix on product catalog page (formula and links)
total,Cart,14,101,1054,2.5,0.14,"Revert ""Create Order - Cart details modal - Fix refresh for  || Use rounded discount & fees when calculating order total || Fix 500 while getting order total"
another,AdminProductsController,14,97,1561,1.99,0.14,// add another logs information || [-] BO: association of product attributes on associating a p || // you can now associate a product to a shop which created o
store,Store,15,114,20,8.14,0.13,Update classes/Store.php || Update classes/Store.php || Update classes/Store.php
advanced,AdminPPreferencesController,15,118,99,5.79,0.13,[-] BO : Fix #PSCSX-4791 disabling advanced stock || [-] BO : Update JS control for advanced stock management || [*] BO : Option to force new products to use (if enabled) Ad
root,CategoryController,15,112,324,4.15,0.13,Use root category instant of main || Fixed some issues with root category by aligning it closer w || Changed from root category to home category
mobile,AdminThemesController,15,112,420,3.78,0.13,[-] BO : fix bug in adminthemes while updating the mobile th || [+] BO: modifiy width and height configuration for the mobil || [+] BO: modifiy width and height configuration for the mobil
list,AdminModulesController,39,735,564,2.01,0.05,"Remove unused contextual list of modules aka ""tab modules"" a || [-] BO : Fix timeout on customer modules list || [-] BO : Fix timeout on customer modules list"
advanced,AdminProductsController,15,118,1561,1.81,0.13,[-] BO : Fix #PSCFV-10424 deletion of attire with stock adva || [*] BO : Option to force new products to use (if enabled) Ad || [-] BO: Disallow advanced stock management if the product be
prestashopadmincontroller,PrestaShopAdminController,8,34,15,9.4,0.24,"Refacto CommonController based on PrestaShopAdminController, || Refact ShopController based on PrestaShopAdminController || Refacto AdmnistrationController based on PrestaShopAdminCont"
mod,AdminSearchConfController,8,34,70,7.17,0.24,MOD wording || MOD wording || MOD wording
suppliers,ProductSupplier,16,131,53,6.63,0.12, implement query for product suppliers || [*] BO : manage product suppliers combinations configuration || // Fixed bugs when editing Warehouses & Suppliers for a prod
presenter,CartPresenter,8,34,145,6.12,0.24,cart presenter || refactor cart presenter into lazy array || Update src/Adapter/Presenter/Cart/CartPresenter.php
e-mail,Mail,8,34,194,5.7,0.24,FO: Be able to send an e-mail with multiple BCC || [*] BO: Bcc in Mail::Send was not check for vaild e-mail || [*] BO : sending a mail is a little less strict with wrong p
addons,AdminThemesController,16,139,420,3.56,0.12,"BO: add id to addons catalog link || Fix Addons catalog display & call the 1.7 themes API (#6023) || [*] BO : Fix multiple install for addons theme, follow up bd"
discount,PaymentModule,16,135,455,3.48,0.12,Use rounded discount & fees when calculating order total || fix wrong discount line calculation on order/invoice || [-] FO : #PSCFV-3268 - Fix bug with cache and cart rule disc
e-mail,Tools,8,34,1134,3.16,0.24,[-] BO : fixed bug #PSCFV-5838 Advanced Parameters - E-mail  || [-] BO : fixed bug #PSCFV-5838 Advanced Parameters - E-mail  || [-] Installer : ignore port when creating the sender e-mail 
deleting,AdminProductsController,16,137,1561,1.68,0.12,[-] BO: Fix #PSCFV-7522 update cover image after deleting it || [-] BO: Fix #PSCFV-7522 update cover image after deleting it || [-] PROJECT : Deleting duplicate hook - #PSCFV-163
psfv,HelperForm,38,759,180,3.58,0.05,[-] BO : #PSFV-855 : Fix bug in BlockCMS AND set submit_acti || [-] BO : #PSFV-855 : Fix bug in BlockCMS AND set submit_acti || [-] BO : #PSFV-855 : Fix bug in BlockCMS AND set submit_acti
part,FrontController,19,200,898,2.18,0.1,"Refactored a small part of code in `classes/front/FrontContr || [-] FO : Fix #PSCSX-4326, Incorrect prices on product page u || [-] FO : Fix PSCSX-3357 part fix add media"
range,AdminDashboardController,10,52,125,6.05,0.19,"// Set preselect month range as default || [*] BO : Fix date range issue for Dashboard || [*] BO : Fix #PSCSX-3519, handle error for invalid date rang"
generator,Product,10,54,1478,2.43,0.19,[*] BO : create a new product combination generator || [-] BO: Fix weight impact and default combination on combina || [-] BO: Fix weight impact and default combination on combina
startertheme,OrderOpcController,9,43,222,5.34,0.21,// StarterTheme: Add address form to OPC With error manageme || [*] StarterTheme : Introducing application events in JS || [*] StarterTheme OPC Payment : AdvancedEU with and without J
rules group,Carrier,9,42,241,5.26,0.21,// Clean product and carrier tax rules group on update || // Clean product and carrier tax rules group on update || // Clean product and carrier tax rules group on update
now correctly,AdminSupplyOrdersController,9,43,311,4.85,0.21,// Fixed Supply Orders: prices are now correctly updated || // Fixed Supply Orders: prices are now correctly updated || // Fixed Supply Orders: prices are now correctly updated
rule,AdminCartRulesController,21,238,163,4.54,0.09,Allow all characters for Cart Rule & Order Cart Rule names || Cart rule category selection : display categories in a hiera || Fix carrier choice in the cart rule controller
migrated,Link,9,43,416,4.43,0.21,"Hide the migrated page while it's unfinished || integrate LegacyUrlConverter in link core class, add tests f || Be able to display the migrated grid without the related for"
emails,AdminTranslationsController,9,43,621,3.86,0.21,Avoid errors display when Emails translations lang.php does  || [-] TR : #PSCSX-5938 Emails not copied into theme folder || [-] BO: Use default language for copying emails if english i
enable disable,AdminController,9,42,1763,2.38,0.21,[-] BO : Always test bulk enable/disable in initProcess || [-] BO : Always test bulk enable/disable in initProcess || [*] BO : Moved bulk actions 'enable' and 'disable'
catalog,AdminSpecificPriceRuleController,17,156,92,5.67,0.11,Catalog rules: don't display the shop column if there is onl || BO - Catalog price rule - Currency sort and filter not worki || BO - Catalog price rule - Currency sort and filter not worki
carriers,AdminWarehousesController,17,157,171,4.77,0.11,// Fixed warehouses/carriers associations - #PI-134 || // Fixed warehouses/carriers associations - #PI-134 || // Fixed warehouses/carriers associations - #PI-134
property,ObjectModel,17,151,440,3.46,0.11,Cart: store associated _Language_ in an ObjectModel property || Cart: store id_lang_associated in an ObjectModel property || Use proper method to check if an object property exists
pscfv product,AdminOrdersController,11,63,700,3.42,0.17,[-] BO : Fix #PSCFV-5223 add product should be available whe || [-] BO : Fix #PSCFV-5223 add product should be available whe || [-] BO: Fix PSCFV-2442 product price on backoffice order
mail,PaymentModule,17,158,455,3.34,0.11,"Fix hyphen end of name in mail order confirmation || Fix language used for PDF sent by mail || Revert removed templates for mail dynamic contents, order ma"
cache,Module,31,485,884,1.64,0.06,Check if module have translation files before clear cache || fix trusted modules cache creation || CO: module cache with 2 systems
maintenance,MaintenanceType,8,35,27,8.51,0.23,Add option to skip checking admin IP when maintenance mode i || extend maintenance form with configuration type extension || Can't enable maintenance mode
management,AdminStockManagementController,23,290,143,4.57,0.08,BO: Fix Combinaition filter in stock management section || BO: fix search in Advanced Stock Management || // handle stock in advanced stock management for pack
cldr,Update,13,95,16,8.52,0.14,Remove old CLDR || CO: Change CLDR url || CO: Change CLDR url
routes,Link,13,96,416,3.81,0.14,"delay routes initialisation and add comment || every routes formerly manage in the Link class now use _lega || manage parameter actions, fix transplant module link, setup "
folder,AdminTranslationsController,14,106,621,3.19,0.13,[-] TR : #PSCSX-5938 Emails not copied into theme folder || [-] Core: redone the folder creation again || [-] Core : Fix folder creation on copy
lang,AdminTranslationsController,14,109,621,3.15,0.13,fixed issue where module transaltions would take missing tra || Avoid errors display when Emails translations lang.php does  || CO: update tables _lang
layout,FrontController,14,105,898,2.67,0.13,FO: Allow to define module front controllers layout || FO: Add hook to override layout file || // Template override: split layout and template
translator,Context,9,45,165,5.7,0.2,translator is now private || Add a translator language loader || Fetch the right translator depending on the availability of 
media,AdminPerformanceController,9,45,167,5.69,0.2,CO: reintroduce server media || [-] BO : Fix #PSCSX-4929 display problem of media server || [-] BO : Fix #PSCSX-4479 correct media server if settings wa
associations,AdminWarehousesController,9,44,171,5.68,0.2,// Fixed warehouses/carriers associations - #PI-134 || // Fixed warehouses/carriers associations - #PI-134 || // Fixed warehouses/carriers associations - #PI-134
addition,OrderInvoice,9,46,195,5.43,0.2,[-] BO : fixed bug on product addition // clean code || [-] BO : fixed bug on product addition // clean code || [-] BO : fixed bug on product addition // clean code
associations,Helper,9,44,225,5.29,0.2,// Fix default shop associations in helper shop #PSTEST-770 || // Fix default shop associations in helper shop #PSTEST-770 || // Fix default shop associations in helper shop #PSTEST-770
media,FrontController,9,45,898,3.26,0.2,"Use Media Server for assets (CSS, JS, Images) || CO: make media parameter optional when registering CSS || // too much Media::getMediaPath call for addJquery / addJque"
shops,Shop,18,173,494,3.18,0.1,// media servers is global for all shops || [-] BO : super admins are now added to all shops #PSCFV-3561 || [-] BO : super admins are now added to all shops #PSCFV-3561
controller,Controller,36,738,304,2.79,0.05,Noindex ajax controller || Refactor LegacyController it does not rely on Dispatcher any || Fix legacy controller to avoid reset of js_def var
unit price,Product,9,46,1478,2.51,0.2,Fix combination unit price math || When ecotax is enabled we must use for unit price and tax ra || Recompute unit price tax excluded to include discount
associations,AdminProductsController,9,44,1561,2.49,0.2,// removing shop associations from product page || // removing shop associations from product page || // removing shop associations from product page
product price,AdminProductsController,9,44,1561,2.49,0.2,[-] BO : Bug Fixed #PSCFI-5506 - Incorrect product price in  || [-] BO : Bug Fixed #PSCFI-5506 - Incorrect product price in  || [-] BO : Bug Fixed #PSCFI-5506 - Incorrect product price in 
restrictions,CartRuleRepository,10,55,32,7.93,0.18, implement customer group restrictions for cart rule ||  get country restrictions ||  implement carrier restrictions handling in cqrs and add beh
supply order,HTMLTemplateSupplyOrderForm,10,56,49,7.29,0.18,[*] BO : Fix supply order PDF generation || // Improved Supply Order Form (PDF) || // Improved Supply Order Form (PDF)
tree,HelperTreeCategories,15,121,34,7.29,0.12,BO: Fix the categories tree || BO: Fix category tree || [-] BO : Fix tree issue with module (NM-501)
restrictions,Hook,10,55,347,4.49,0.18,[-] CORE : Check for displayPaymentEU to fix advanced checko || // Fix Bug Country restrictions payment methods || // missing avoid some group restrictions
entities,ObjectModel,10,55,440,4.15,0.18,[-] WS: add a modifier system for the attributes of the enti || [-] FO : ObjectModel/Db tried to add entities with a primary || [-] FO : ObjectModel/Db tried to add entities with a primary
urls,Dispatcher,15,124,314,4.05,0.12,"Add support for {categories} keyword in category seo urls, F || EAN13 removed from URLs || Match slashed URLs"
process,OrderController,15,127,547,3.21,0.12,Check quantities at any point of checkout process || Allow override of checkout process || Allow access to Checkout process
urls,Tools,15,124,1134,2.2,0.12,CO: Fix bug with friendly URLs and Media Servers || CO: Fix bug with friendly URLs and Media Servers || [-] FO : Fix minifyCSS() for Quoted URLs in Media.php and re
template,FrontController,20,232,898,2.04,0.09,Add template country global vars || Fetch and set logo image size inside template || Add ID field in global template vars
office,AdminController,12,82,1763,1.83,0.15,"Configure symfony to handle authentication, setup Symfony lo || Add QS to some of the back office assets to force cache clea || Remove support for 1.5 translations in Back Office"
attachment,Attachment,11,69,31,7.79,0.16,Upgrade attachment champs length ||  add static method to associate product attachment || CO: update Attachment class to ps standards
tool,Controller,8,37,304,4.93,0.22,// update profiling tool || Removing displays_errors on Profiling tool if _PS_MODE_DEV_  || // Improved profiling tool
entity,WebserviceRequest,16,141,165,4.88,0.11,"[+] WS : Handle PATCH requests with partial entity data || [-] WS : Fix price field of product entity, now unaltered (u || [*] WS : Add product_customization_fields entity #PSCFV-1209"
detail,Order,11,67,468,3.91,0.16,CO: clean order detail cache after setting invoice id || CO: clean order detail cache after setting invoice id || [-] PDF: Order slip Tax detail computation fix. #PSCSX-6408
revision,Cart,8,37,1054,3.14,0.22,// Merge -> revision 8851 || // Merge -> revision 8851 || // Merge -> revision 8206
characters,Tools,8,36,1134,3.07,0.22,Update invalid characters in Customer Creation & Update erro || [*] BO : improved unicode characters replacement in URLs (Ru || [*] BO : improved unicode characters replacement in URLs
global,Cart,11,69,1054,2.7,0.16,CO: Improve global performances || CO : Improve global performances || [+] Architecture : Mechanism to break dependencies on global
modal,ProductController,16,144,941,2.34,0.11,"Turn multistore product header into a Twig component, fix UI || Add button for shops in product multishop header and display ||  working pagination. Remove unused modal"
admintranslationscontroller,AdminController,11,69,1763,1.96,0.16,// Refacto AdminTranslationsController : now you can transla || // Refacto AdminTranslationsController : now you can transla || // Refacto AdminTranslationsController : now you can transla
supplier,Supplier,19,223,93,5.3,0.09,Fix front supplier listing || Fix undifined index on supplier page in FO || CO: Doc + update Supplier class
appear,AdminModulesController,9,47,564,3.87,0.19,[-] BO : Configuration link does not appear if configuration || [-] BO : Configuration link does not appear if configuration || [-] BO : Configuration link does not appear if configuration
translated,AdminTranslationsController,9,47,621,3.73,0.19,[-] BO : fix #PSCFV-2504 : Now class PaymentModule can be tr || [-] BO : fix #PSCFV-2504 : Now class PaymentModule can be tr || [-] BO : fix #PSCFV-2504 : Now class PaymentModule can be tr
shipping,CartRule,19,220,451,3.04,0.09,"Removed free shipping from cumulative reduction ||  add behat case for gift cart rule and fix bug of gift+shipp || [-] FO : Fix bug #PSCSX-4167, avoid 2 free shipping cart rul"
currencies,AdminCurrenciesController,10,59,89,6.35,0.17,[-] BO: Fix Currencies bulk statuses and deletion || [-] BO: Fix Currencies bulk statuses and deletion || [*] Core: conversion_rate of currencies are now multishop
groups,AdminCustomersController,17,167,283,3.95,0.1,[+] BO Customers > Customers / Customers > Groups || [-] BO : Fix bug #PSCFV-7657 all groups checked when creatin || [-] BO : Fix bug #PSCFV-7657 all groups checked when creatin
project,Hook,17,173,347,3.6,0.1,[-] PROJECT : Merge cache exec in class Hook (to maintain re || [-] PROJECT : Merge cache exec in class Hook (to maintain re || [-] PROJECT : Merge cache exec in class Hook (to maintain re
project,FrontController,17,173,898,2.23,0.1,[*] Project : Remove internal use of deprecated globals in F || [*] Project : PHPDoc comments for FrontController + code for || [*] PROJECT : Adding hook on FrontController and AdminContro
removing,AdminProductsController,17,162,1561,1.53,0.1,"[-] FO : Fix bug #PSCSX-4427, clear color list cache when re || // removing shop associations from product page || // removing shop associations from product page"
password,AdminLoginController,13,103,179,4.92,0.13,Concert punycode to utf8 in login & reset/change password fo || BO: Use the correct email template for employee password rec || BO: Use the correct email template for employee password rec
translate,Translate,12,88,154,5.25,0.14,fix: modify Translate class for return sprintf with translat || Removed deprecated method Translate::getAdminTranslation || Remove Translate::smartyPostProcessTranslation() and Transla
validator,Validate,12,84,227,4.76,0.14,Don't allow emails without TLD in the Email Validator || Use egulias/EmailValidator as mail validator || implement new validator
installation,Language,12,83,336,4.21,0.14,Improve TranslatorLanguageLoader so that catalogue is loaded || IN: Added download and installation of sf package || [-] BO : fixed language installation with multilanguage modu
init,AdminController,12,85,1763,1.78,0.14,Move smarty variables assignments in initHeader instead of i || Correctly init the shop context in behat env only to avoid b || [*] BO : Init Bootstrap (Sass) BO
uploader,HelperUploader,8,38,21,8.75,0.21,[-] CORE : Fix template files directory for helper tree and  || // Fix products attachments uploader || // Add Drag and Drop to uploader helper
replacing,AbstractCategoryType,8,39,62,7.15,0.21,Replacing rest of the routers to use symfony default || Replacing rest of the routers to use symfony default || Replacing rest of the routers to use symfony default
supply,HTMLTemplateSupplyOrderForm,14,118,49,6.7,0.12,[*] BO : Fix supply order PDF generation || // Fix missing shop logo in supply orders || // Improved Supply Order Form (PDF)
upgrade,ModuleManager,14,112,113,5.57,0.12,"move module upgrade logging to legacy class as suggested by  || add another logging on module upgrade. || Replace use of ""upgrade"" with ""update"""
advanced,AdminStockManagementController,14,118,143,5.16,0.12,BO: fix search in Advanced Stock Management || // handle stock in advanced stock management for pack || // Add cancel button to advanced stock management
customer group,Customer,8,39,264,5.06,0.21,Documents setting default customer group || [+] CORE : added new hook on customer group save before clea || [+] CORE : added new hook on customer group save
instance,Module,8,38,884,3.35,0.21,"[-] Classes : Bug fix : Modules, check module instance || [-] Classes : Bug fix : Modules, check module instance || [-] Classes : #PSCFI-4569 : BugFix : Get module instance by "
during,AdminImportController,14,112,693,2.95,0.12, assign combinationId to already assigned product suppliers  || // Fix url rewrite for pretty URLS during CSV import of prod || [+] BO : Validation step during CSV import
index,Dispatcher,15,141,314,3.86,0.11,Prevent index.php in all legacy urls when URL rewriting is e || // link to employee default tab and not index || [-] CORE : fixed bug #PSCFV-5536 - Layout for index controll
ecotax,Cart,11,72,1054,2.64,0.15,Fixed ecotax calculation in Product::getPriceFromOrder (Than || Fixed Ecotax when editing an Order ((Add/Update)ProductToOrd || [-] CORE : FixBug #PSCSX-5698 - Wrong ecotax calculation
discount,Cart,15,135,1054,2.18,0.11,"Modification to fix order discount amount || Fix unit price to be recomputed with discount, also cenraliz || Use rounded discount & fees when calculating order total"
smarty,Smarty,18,208,28,7.05,0.09,"[*] Add smarty libs with composer, then remove from tools fo || [*] Core : Smarty updated to 3.1.19 (mostly bugfixes includi || [*] Core : Smarty updated from 3.1.13 to 3.1.14 (cache issue"
conditions,SpecificPriceRule,9,49,61,7.02,0.18,BO SpecificPriceRule - Fix Multi Shop filter on conditions || [*] CORE : SpecificPriceRule without conditions to id_produc || [*] CORE : SpecificPriceRule without conditions to id_produc
manufacturers,Manufacturer,9,50,105,6.2,0.18,"FO: Add manufacturers and suppliers list to sitemap || [-] BO : Fix bug duplicate manufacturers, follow up https:// || [-] BO : Fix bug duplicate manufacturers, follow up https://"
regex,Validate,9,51,227,5.06,0.18,update event attribute list and add a broader regex protecti || add regex for on* attributes and add 34 missing event html a || Update classname regex to allow FQDN
live,Hook,9,51,347,4.45,0.18,[+] CORE: Remove live edit feature || [-] FO : fixed bug #PSCFV-5826 #PSCFV-4697 Live edit only wo || [-] FO : fixed bug #PSCFV-5826 #PSCFV-4697 Live edit only wo
translations,Translate,27,445,154,4.08,0.06,Remove support for 1.5 translations in Back Office || Do not escape translations when using the legacy translator || Do not escape translations when using the legacy translator
back,AuthController,18,191,277,3.87,0.09,[-] FO: auth error if $back is not defined || [-] FO: auth error if $back is not defined || [-] FO: auth error if $back is not defined
live,FrontController,9,51,898,3.08,0.18,"[+] CORE: Remove live edit feature || [-] FO : Fix bug #PSCSX-1930, could not delete banner in liv || //small live edit bug fix with host mode"
stay,AdminController,9,51,1763,2.1,0.18,[-] BO : BugFix : #PSTEST-807 : stay on the form when an err || [-] BO : BugFix : #PSTEST-807 : stay on the form when an err || [-] BO : BugFix : #PSTEST-807 : stay on the form when an err
smarty,FrontController,18,208,898,2.05,0.09,Add `new-products` page in global urls smarty || Global smarty $urls variable changes ||  Fix #9763 smarty compilation ID multi shop / multi theme
file,AdminImportController,27,435,693,1.94,0.06,BO: review indent file || [*] BO : Remove last CSV file choice in cookie after CSV imp || [*] BO : #PSCSX-6333 Detect CSV file encoding
file,Module,27,435,884,1.59,0.06,Fix file check in Module::copyModAddonsImg() || Do not generate file path if file already exists || CO: Fix module uninstall when overridden file is missing
action,ProductController,27,430,941,1.52,0.06,Check employee shop authorization when trying to perform a m ||  rename delete action for all shops || Handle duplicate row action in every shop context
fetching,NewsDataProvider,8,41,9,9.86,0.2,Implement Circuit Breaker for fetching blog news (Feedback Q || Implement Circuit Breaker for fetching blog news (Feedback Q || Implement Circuit Breaker for fetching blog news (Code Revie
cancel,CancelOrderProductHandler,8,41,42,7.64,0.2,add action parameter in cancel hooks || refactor cancel quantities checks || add action parameter in cancel hooks
objects,ObjectModel,8,41,440,4.25,0.2,[*] Core: Add ObjectModel::disableCache() - useful in case o || [*] Core: Add ObjectModel::disableCache() - useful in case o || [-] CORE : Fix bug #PSCFV-9572 when seizing in 0 in forms in
product list,ProductController,10,63,941,2.86,0.16,add redirection from product page v2 to product list with me || redirect to product list with warning message instead of rai || add redirection from product page v2 to product list with me
improved,Tools,20,239,1134,1.66,0.08,"Improved meta tag handling in maintenance mode || Improved host detection for PHP < 5.6.28 || [*] FO,BO,Project : Improved Tools::normalizeDirectory"
download,Language,12,91,336,4.08,0.13,Add multiple attempts to download a language pack || Increase timeout to download translation packages from 5 to  || Increase timeout to download translation packages from 5 to 
value,AdminAttributesGroupsController,26,438,219,3.54,0.06,BO: Fix redirection when filtering in attribute's value || BO: fix access when adding attribute value || [-] BO : FixBug #PSCSX-832 Add id attribute group to value r
pagination,FrontController,12,89,898,2.69,0.13,Fix missing pagination for alternative lang url || Fix products pagination without URL rewriting || [-] FO: Fix current_url variable used in pagination
load,FrontController,13,105,898,2.57,0.12,Validate cart rule actions on load || Fix load JqueryUI on FrontController : load only requested c || BO: fix load for jquery plugin
compatibility,AdminController,12,94,1763,1.64,0.13,"UserProvider now relies on Security service, but should not  || [*] Project : Improve PHP 7 compatibility || [*] Project : Improve PHP 7 compatibility"
src adapter,GetStoreHandler,11,80,19,8.28,0.14,Update src/Adapter/Store/QueryHandler/GetStoreHandler.php || Update src/Adapter/Store/QueryHandler/GetStoreHandler.php || Update src/Adapter/Store/QueryHandler/GetStoreHandler.php
seo,AdminMetaController,11,77,171,5.17,0.14,[-] BO : FixBug #PSCSX-424 Missing SEO & URLS button || [*] BO : Clear smarty cache when submitting SEO rules || [-] BO - fixed bug #PSCFV-9071 - PS_SHOP_DOMAIN and PS_SHOP_
performance,AdminPerformanceController,14,123,167,4.87,0.11,"BO: Fix detection of APCu on Performance page (cherry picked || Revert ""Fix detection of APCu on Performance page"" || BO: Fix detection of APCu on Performance page"
delivery,OrderController,14,131,547,3.07,0.11,make automatic delivery address setting optional in frontCon || Implements generating delivery slip pdf || FO: Fix Ajax refresh of delivery options
pscfv pscfv,Cart,11,76,1054,2.56,0.14,[-] FO : fixed cart rules cache id #PSCFV-11123 #PSCFV-11175 || [-] FO : fixed cart rules cache id #PSCFV-11123 #PSCFV-11175 || [-] FO : #PSCFV-2993 #PSCFV-2811 - Default carriers and carr
var,AdminProductsController,14,126,1561,1.61,0.11,// Update Accounting and fix undefined var || // Update Accounting and fix undefined var || // Update Accounting and fix undefined var
listener,ProductTypeListener,8,43,26,8.26,0.19,"Clean product type listener and fix tests || Remove unset in for listener || Integrate inital product type in the form, which allows more"
controllers,AdminStockMvtController,19,249,89,5.2,0.08,// Updated Shop toolbar for advanced stock management contro || // Updated Shop toolbar for advanced stock management contro || // Updated Shop toolbar for advanced stock management contro
registration,AuthController,8,42,277,4.88,0.19,"Move registration logic to separate controller || FO: fixed bug when logged in customer can access login/regis || [*] FO : Fix #PSCSX-3797, ebable optin && newsletter registr"
order detail,Order,8,43,468,4.09,0.19,CO: clean order detail cache after setting invoice id || CO: clean order detail cache after setting invoice id || [-] BO: Invoices and products order detail are now not empty
true,Shop,8,42,494,4.05,0.19,"Revert "" fix ""Right side of && is always true."" stan error"" ||  fix ""Right side of && is always true."" stan error || // improve multishop code, id_shop has an id different than "
ajax,CartController,19,234,308,3.5,0.08,filter product output in cart ajax method || Check all other products are available after a single produc || Enable ajax reloading of cart summary subtotal section in ca
sql request,Product,8,42,1478,2.47,0.19,[-] BO : Fixed SQL request if there isn't any impact (produc || [-] BO: Fix SQL request on downloadable product duplication || [-] BO: Fix SQL request on downloadable product duplication
controllers,ProductController,19,249,941,1.8,0.08,Refactoring product catalog controllers with PrestaShopAdmin || Update controllers/front/ProductController.php || Integrate LegacyAdminTokenValidator in front controllers tha
pscfv,AuthController,76,3384,277,1.8,0.02,"[-] FO : Fix bug #PSCFV-12465, AuthController $back param || [-] FO : Fix bug #PSCFV-12465, AuthController $back param || [-] FO : Fix bug #PSCFV-12066, Cart carrier not updated corr"
detail,OrderDetailController,10,67,95,6.08,0.15,[-] FO : #PSCFV-3034 - Add return quantity to order detail || [-] FO : #PSCFV-3034 - Add return quantity to order detail || [-] FO : #PSCFV-3034 - Add return quantity to order detail
detail,OrderDetail,10,67,161,5.32,0.15,BO: add customization price & weight to order detail || Order zero ratio for order detail tax || // Clean order_detail_tax table after deleting an order deta
discounts,DiscountController,9,58,33,7.66,0.16,fix(discounts): hide vouchers with no available quantities || [-] FO : fixed retro compatibility issue with discounts #PSC || [-] FO : fixed retro compatibility issue with discounts #PSC
password,PasswordController,12,103,43,6.86,0.12,Concert punycode to utf8 in login & reset/change password fo || Fix for password recovery error messages || FO: Password controller must be in SSL when available
checkbox,HelperOptions,9,58,98,6.09,0.16,// Hide checkbox in configuration multishop when employee ma || // Hide checkbox in configuration multishop when employee ma || // Hide checkbox in configuration multishop when employee ma
packs,LocalizationPack,8,44,120,6.02,0.18,fix localization packs || [*] BO : attributes taken into account for the language enti || // Fixed taxes in localization packs
sprintf,Translate,9,56,154,5.49,0.16,fix: modify Translate class for return sprintf with translat || fix for issue 14706: sprintf function broken in 1.7.6 for cu || fix for issue 14706: sprintf function broken in 1.7.6 for cu
images,AdminImagesController,16,181,164,4.53,0.09,Fix generating images || Remove legacy images functionality || Forced jpg format for images generation
category tree,AdminCategoriesController,8,45,368,4.38,0.18,[-] BO: Fix category tree on category addition / breadcrumb || [-] BO: Fix category tree on category addition / breadcrumb || [-] BO : Bugfix : #PSFV-619 : removing the ability to add a 
table,Db,16,183,202,4.22,0.09,DatabaseDump performs a checksum of each table during dump t || Improve cache : - Use multiDelete to invalidate the cache in || // CORE : Remove broken links to the SQL table modules_perfs
little,AdminCategoriesController,18,236,368,3.15,0.08,// little fix sql categories and product || // little fix sql categories and product || // little fix sql categories and product
line,AdminOrdersController,12,102,700,2.85,0.12,[-] BO : Fix #PSCFV-11417 delete product in line advanced st || [*] BO: Warehouse name is now displayed on each product line || // quantities product modified + line bootsrap added in orde
discounts,ProductController,9,58,941,2.82,0.16,Change the way to get the price without discounts || FO: Display volume discounts only on the right combination || FO: Refresh colume discounts part in ajax
api,AdminModulesController,18,229,564,2.58,0.08,"Removed PrestaShop API Call (module_download) || Remove PrestaShop API Calls (native, native_all, customer, m || Added support for Addons API stability channel"
interfaces,AdminProductsController,9,56,1561,2.14,0.16,"// Bugs fix (Collection, SQL optimizations, Backoffice inter || // Bugs fix (Collection, SQL optimizations, Backoffice inter || // Bugs fix (Collection, SQL optimizations, Backoffice inter"
message,OrderController,24,434,547,2.12,0.06,"BO - Order Page - Set an error message when the payment meth || add new exception, error message, and keep update order deti || Add message when order message is invalid. Add behat test"
duplication,AdminProductsController,12,103,1561,1.68,0.12,"[1.6.1.x] Fix for duplication of product which has both comb || [*] BO : Partly fixes #PSCSX-1738, supplier data copied over || // duplication of tax_rules_group on adminproducts with mult"
bugs,Cart,18,231,1054,1.67,0.08,// Fix various bugs with customized products in backoffice o || // Fix various bugs with customized products in backoffice o || // Fix various bugs with customized products in backoffice o
states,OrderState,11,83,31,7.52,0.13,"make it possible to fetch soft deleted order states || [-] IN : Fix bug #PSCFV-11579, dynamic groups and states at  || [*] Core: you can now associate modules to order states in o"
information,CustomerInformation,13,115,19,8.0,0.11,Added static factory to create customer information || Add thread actions & customer information to customer thread || add order information block
manage,AdminModelAdapter,13,115,102,5.57,0.11,[*] BO : manage product attachments || [*] BO : manage virtual product || [*] BO : manage product customization
dispatcher,FrontController,13,116,898,2.42,0.11,[-] FO : #PSCFV-2951 - Fix bug with dispatcher and route rul || [-] FO : #PSCFV-2951 - Fix bug with dispatcher and route rul || [-] FO : #PSCFV-2951 - Fix bug with dispatcher and route rul
date,AdminDashboardController,14,140,125,5.1,0.1,BO: date filter are lost when entering BO || BO: date filter are lost when entering BO || [-] BO : #PSCSX-5589 Dashboard filter date update
price,SpecificPrice,28,575,157,3.74,0.05,"Reset specific price priorities after feature || fix specific price duplication || Fix specific price exitence method, it was overriding the Pr"
route,Link,14,137,416,3.4,0.1,update LinkCore with new categories route || Fix incorrect route || Update controller link generation to use route to migrated c
send,AdminOrdersController,10,72,700,3.09,0.14,WS: Optionally send in-transit email when updating tracking  || [-] BO : Fix #PSCSX-4496 send if add tax or not to voucher || [-] BO : Fix #PSCSX-4496 send if add tax or not to voucher
redirection,Shop,14,144,494,3.08,0.1,"// Redirection must always be done || // code was ignoring the case where no canonical redirection || [*] Core : added the possibility to choose between 301, 302 "
ecotax,ProductController,10,72,941,2.66,0.14,Display ecotax depending on customer display configuration || Adapt ecotax display on FO using tax when needed || Display ecotax value from combination in FO
taxes,Cart,10,74,1054,2.46,0.14,// Round taxes together with product price || // Round taxes together with product price || // fix the way to compute the total with taxes
now,AdminSupplyOrdersController,35,999,311,2.27,0.04,"[-] BO : Bug #PSCFV-11515, Supply order autocompletion is no || [-] BO : FixBug #PSCFV-9042 Supply orders now accept 0 value || // Fixed Supply Orders: prices are now correctly updated"
integrate,ProductController,14,138,941,2.21,0.1,Integrate LegacyAdminTokenValidator in front controllers tha ||  integrate delete and bulkDelete & bulk status actions into  || Integrate BulkDeleteCommand into controller
deprecate,Tools,14,138,1134,1.94,0.1,Deprecate PS1.6 product list colors + formatting || Deprecate Tools::getBytes() || Deprecate Tools::getDescriptionClean()
admin,AdminTranslationsController,28,552,621,1.81,0.05,Fix index.php links in admin zone || Fix notice in admin email translation || Update controllers/admin/AdminTranslationsController.php
language,AdminTranslationsController,23,390,621,2.03,0.06,"CO: Clear both Symfony and Smarty cache after adding languag || CO: Do not overwrite mail files during installing new langua || cldr : fetch cldr datas when import new language, fix persmi"
real,StockManager,8,46,188,5.31,0.17,// handle real quantity in pack || [-] Core: Fix #PSCFV-5327 the computation of real stock quan || [-] Core: Fix #PSCFV-5327 the computation of real stock quan
profiling,Db,8,46,202,5.21,0.17,"Improvements to profiling: display order of query execution, || [*] Core : refacto profiling || [*] Core : add optional module profiling"
profiling,Hook,8,46,347,4.43,0.17,[*] Core : refacto profiling || [*] Core : add optional module profiling || // Improved profiling tool
shipping,PaymentModule,17,220,455,2.87,0.08,[-] BO : FixBug #PSCSX-3570 - Fix tax calculation with free  || [-] BO : FixBug #PSCFV-8755 - Total shipping amount include  || [-] BO : FixBug #PSCFV-8755 - Total shipping amount include 
cherry picked,Product,8,47,1478,2.31,0.17,"small optimisations and avoid to store non cacheable queries || avoid extra computation to get id_product_attribute, to redu || Modify the query to make sure it will be easily cacheable by"
picked,Product,8,47,1478,2.31,0.17,"small optimisations and avoid to store non cacheable queries || avoid extra computation to get id_product_attribute, to redu || Modify the query to make sure it will be easily cacheable by"
picked commit,Product,8,47,1478,2.31,0.17,"small optimisations and avoid to store non cacheable queries || avoid extra computation to get id_product_attribute, to redu || Modify the query to make sure it will be easily cacheable by"
cherry,Product,8,48,1478,2.28,0.17,"small optimisations and avoid to store non cacheable queries || avoid extra computation to get id_product_attribute, to redu || Modify the query to make sure it will be easily cacheable by"
virtual,ProductDownload,15,160,47,6.42,0.09,"[*] BO : manage virtual product || [-] BO : Fix #PSCSX-6718, virtual product Duplicate entry || [-] BO : FixBug #PSCSX-375 Error when deleting virtual produ"
id_shop,Meta,9,62,92,6.08,0.15,// Fix id_shop on meta || // Fix id_shop on meta || // Fix id_shop on meta
id_shop,Customer,9,62,264,4.56,0.15,[-] BO : fix #PSCFV-3278 : add a parameter id_shop in a meth || [-] BO : fix #PSCFV-3278 : add a parameter id_shop in a meth || [-] BO : fix #PSCFV-3278 : add a parameter id_shop in a meth
loaded,AdminSupplyOrdersController,9,62,311,4.33,0.15,// Warehouses & supply orders : default country / lang / cur || // Warehouses & supply orders : default country / lang / cur || // Warehouses & supply orders : default country / lang / cur
dedicated,ProductController,9,62,941,2.73,0.15,Move getBulkActions inside a dedicated trait || Create new CategoryFilterType dedicated to new product list || Create dedicated form for creation which only requires for p
proper,ProductController,9,62,941,2.73,0.15,"Handle edit action with switch to proper shop context, the o || Use proper v2 routes for footer buttons, use form submit for || Handle proper redirection after single duplicate and add mis"
split,Cart,9,59,1054,2.64,0.15,Rename GetCartInformation to GetCartForOrderCreation + split || Add option to split gift or not + Do not compute gifts in Ad ||  split gift products from simple products
displaying,AdminProductsController,9,59,1561,2.07,0.15,[-] BO : fixed bug #PSCFV-3787 - Front displaying blank feat || [-] BO : fixed bug #PSCFV-3787 - Front displaying blank feat || [-] BO : fixed bug #PSCFV-3787 - Front displaying blank feat
displaying,AdminController,9,59,1763,1.89,0.15,"avoid displaying the addon modal twice, force form name to a || BO: Pass the object we're displaying to the action{$controll || // Fix displaying name of shop"
values,AdminAttributesGroupsController,19,260,219,3.84,0.07,[-] BO : FixBug sort bug on values count column || [-] BO : attribute values can appear beyond 50 values #PSCFV || [-] BO : attribute values can appear beyond 50 values #PSCFV
preview,GetOrderPreviewHandler,12,108,27,7.47,0.11,Add product link in order preview || BO - Order Preview - Use the tracking number in tracking url || Implemented Adress Formatter in Order Preview
checkout,CheckoutAddressesStep,12,109,45,6.72,0.11,Checkout address edition is failing due to missing id_addres || Checkout address edition is failing due to missing id_addres || Checkout proceeds automatically from carrier selection to pa
checkout,OrderOpcController,12,109,222,4.41,0.11,"// Create directory structure for checkout || [-] FO : Fix bug #PSCFV-9847 Cart Rule not updated when addr || [*] FO : Retrieve invoice address in OPC + guest checkout, t"
details,HelperList,12,114,316,3.84,0.11,// Advanced stock management details list || // Improve details action in BO ... || // Improve details action in BO ...
lang,ObjectModel,12,109,440,3.43,0.11,"Add new Validate::isRequiredOnline validation method, also i || Revert ""CO: Fix lang table multistore data issue"" || CO: Fix lang table multistore data issue"
cleaning,AdminOrdersController,12,110,700,2.74,0.11,"// Huge code cleaning on order edition, a lot of values were || // Huge code cleaning on order edition, a lot of values were || // Huge code cleaning on order edition, a lot of values were"
clear,Tools,12,105,1134,2.11,0.11,Handle custom lock file during the cache clear to make sure  || CO: fixed clear cache call || BO: Clear cache on url rewriting settings modification
system,AdminProductsController,12,112,1561,1.56,0.11,// Change product attachment upload system || [-] BO : FixBug #PSCFV-10866 - Tagify system not working || // Add tagify system to product information
sql,SqlManagerController,22,364,52,5.64,0.06,Removed uneeded space in sql manager controller || Restored backup and sql manager controllers || Modified sql requests so it renders form upon save instead o
compatibility,WebserviceRequest,11,94,165,4.93,0.12,"Manage both parameters (id_group_shop and id_shop_group) for || [-] WS : Fix for PHP 5.2, 5.3 and 7.0 compatibility || // Fixed WebserviceRequest - Compatibility with PS 1.5.x Sho"
language,TranslationsController,22,390,98,4.63,0.06,"Remove copy language data provider as it's not needed, refac || moves language pack importer in adapter || Remove confusing flag from language adapter"
refresh,CartController,11,89,308,4.11,0.12,"Do not display refresh button + Add source to ShoppingCartTo || Revert ""Create Order - Cart details modal - Fix refresh for  || Do not show refresh button"
refresh,AdminModulesController,11,89,564,3.23,0.12,Move isFresh and refresh file to Tools class || // Changed refresh time for some xml cache || // Changed refresh time for some xml cache
sql,Category,22,364,436,2.57,0.06,Add a missing space that could trigger an SQL error || compute the breadcrumb infos in php by getting all the relev || CO: sql injection Category
database,DbPDO,10,77,93,5.91,0.13,Use utf8mb4 for database || CO: Fix database connection charset || CO: Rethrow an exception instead of calling die when there i
quick,QuickAccess,8,49,24,8.19,0.16,Homegenize quick access generation via a dedicated service Q || Fix legacy quick access and improve the ones for Symfony at  || Fix quick access when no tab is found
positions,AdminModulesPositionsController,8,51,90,6.23,0.16,"[*] Modules > Positions : only display 'display' hooks || [-] BO : Fix #PSCSX-6160, could not select hook in Admin Mod || fixup! [*] BO : Proposition : IMPROVEMENT Admin Modules Posi"
history,OrderDetailController,8,49,95,6.21,0.16,[-] FO: re-open customer thread from history page || [-] FO : fix #PSCFV-548 - when ordering out of stock downloa || [-] FO : fix #PSCFV-548 - when ordering out of stock downloa
per,StockManager,8,51,188,5.16,0.16,[-] Core: Fix StockManager::getProductRealQuantities() per w || [-] Core: Fix StockManager::getProductRealQuantities() per w || // Updated OrderHistory / StockManager. Added feature to Sto
notifications,ModuleController,8,50,266,4.69,0.16,"Introduce new controler for tab notifications, renamed alert || Add ajax request for module notifications count || CO: Replace some Admin.Notifications.Error domain"
object,ObjectModel,16,206,440,2.92,0.08,Remove deprecated object model validation || Profiling: add function and object ID in table 'ObjectModel  || ObjectModel::add Get object id in database only if force id 
notifications,AdminController,8,50,1763,1.96,0.16,Handle copy of legacy notifications into symfony session fla || Fixed Notifications on Legacy pages || CO: set notifications settings in variable an re-use it
feature,FeatureFlagSettings,18,252,23,7.06,0.07,fix: change feature flag name and wording || feat: add feature flag for incoming new shipment system || Remove module configuration feature flag
manager,ModuleRepository,9,64,97,5.96,0.14,Display extra description in module manager page || Allow to install module from Module Manager || CO: Remove lang dependancies for module manager and add cli 
manager,ModuleManager,9,64,113,5.74,0.14,Fix test by using Module Manager || Use Core hook dispatcher in Module manager + refacto || CO: Refacto permission checks on module manager
quantities,StockAvailable,9,66,232,4.66,0.14,// Fix for quantities update || // Fix for quantities update || // Fix for quantities update
validation,Validate,18,263,227,3.7,0.07,"Improve CartRule name validation, the only required lovalize || Add new Validate::isRequiredOnline validation method, also i || Improve name validation"
works,AdminModulesController,9,66,564,3.38,0.14,[-] BO : Modules search now works even when filters are enab || [-] BO : Modules search now works even when filters are enab || [-] BO : Modules search now works even when filters are enab
called,Tools,9,63,1134,2.44,0.14,"fix : wrong called class from autoload, now loaded from name || // Fix multishop with virtual uri when called url don't end  || // Fix multishop with virtual uri when called url don't end "
fallback,Tools,9,64,1134,2.41,0.14,Handle fallback in Tools::clearSf2Cache when container is no || Add fallback parameters for Tools::getValue || Fallback on language code when locale is empty
color,Product,9,64,1478,2.03,0.14,"Change the color variant condition || [-] FO : Fix bug #PSCSX-5065, Wrong picture displayed after  || [-] FO : Fix bug #PSCSX-2025 again, group by empty color for"
csv,CSV,14,159,25,7.24,0.09,CO: Doc + cleanup CSV class || [-] CORE : Fix bug #PSCSX-4538 Unexcepted HTML entities in C || // Little fix on CSV
export,AdminThemesController,14,164,420,3.13,0.09,BO: Fix theme export || BO: Fix theme export || BO: Add export theme button
country,FrontController,14,159,898,2.07,0.09,Add template country global vars || Set country from browser language if option is set in custom || Fix default country and country detection
confirmation,OrderConfirmationController,11,104,50,6.51,0.11,Fix revisiting order confirmation and guest to customer conv || Handle guest user with 100% discount to show the order confi || Add missing breadcrumb links in order pages: confirmation/re
reduction,AdminGroupsController,11,102,162,4.84,0.11,[-] BO : fixed issue with reduction in the category for grou || [-] BO : fixed issue with reduction in the category for grou || [-] BO : BugFix : #PSTEST-1020 : category reduction are now 
calculation,CartRule,11,99,451,3.4,0.11,Fix order cart rules calculation || Fix Gift + discount cartRule calculation || FO: Voucher calculation delete old function cartRuleCompare
changing,Product,11,97,1478,1.72,0.11,Changing renamed variable into sql query ||  undo changing default unit_price value || [-] BO: product price was changed on changing to advanced st
information,GetCustomerInformationHandler,12,115,21,7.74,0.1,add groups information display || add customer addresses information block || finish building personal information view block
context,Context,24,482,165,3.7,0.05,Create controller context || Adapt row actions for group shop context and handle delete f ||  allow LegacyControllerBridgeInterface as value in context->
urls,Link,12,124,416,3.32,0.1,"Add support for {categories} keyword in category seo urls, F || integrate LegacyUrlConverter in link core class, add tests f || BO: Link class now use Symfony router for Admin URLs"
feedback,Tools,12,123,1134,1.89,0.1,Improve from feedback || Review feedback || Review feedback
information,AdminProductsController,12,115,1561,1.52,0.1,Use a dedicated method to save the default supplier informat || // Add tagify system to product information || // add another logs information
localization,ImportLocalizationPackType,10,80,12,8.81,0.12,Add select2 to the import localization select || Simplified Localization form || Removed all translations errors from localization page
states,AdminStockInstantStateController,10,83,94,5.78,0.12,// BugFix on counting stock instant states lines || // BugFix on counting stock instant states lines || [-] BugFix : Bad count in request for admin stock instant st
src adapter,Configuration,10,80,223,4.59,0.12,Update src/Adapter/Configuration.php || Update src/Adapter/Configuration.php || Update src/Adapter/Configuration.php
amount,CartRule,10,84,451,3.5,0.12,Modification to fix order discount amount || Handle order discount with specific amount || [FO] Fix cart value amount
good,FrontController,8,53,898,2.85,0.15,"// $module_name is a string, test not good || // $module_name is a string, test not good || // Restore good page_name for controllers with - in name"
render,ProductController,8,55,941,2.73,0.15,Render error when accessing a product in a shop not associat || Clean render methods || put render call in a dedicated method
applied,Cart,8,54,1054,2.59,0.15,// fix case of percent discount applied to cheapest product || [-] Core: Fix #PSCFV-5966 the tax rate applied to shipping c || [-] Core: Fix #PSCFV-5966 the tax rate applied to shipping c
override,AdminTranslationsController,15,199,621,2.38,0.08,Override module mail subject by core one || [-] BO: Allow override for emails translations on the defaul || [-] BO: Allow override for emails translations on the defaul
json,AdminController,8,52,1763,1.91,0.15,// revert json commit || [-] BO : FixBug #PSCSX-1009 - Force json content with json r || // admincontroller fix when json
attachment,AdminProductsController,9,69,1561,1.84,0.13,"// Change product attachment upload system || // Fix autosize for products attachment tab textarea || [+] BO : Product attachment ""For"""
controller,Dispatcher,29,738,314,2.43,0.04,add dispatcher public method to set the front controller || add dispatcher public method to set the controller || [-] BO : fixed default controller when employee's default co
creation,AdminShopController,19,329,263,3.24,0.06,Fix shop creation import method to handle copy of customizat || add colorpicker in bo shop creation page || BO: Ensure theme selection on shop creation
interfaces,AdminStockMvtController,8,56,89,6.11,0.14,// Improved StockInstantState/StockMvt/SupplyOrders interfac || // Improved StockInstantState/StockMvt/SupplyOrders interfac || // Improved StockInstantState/StockMvt/SupplyOrders interfac
request,SqlManagerController,16,245,52,5.75,0.07,Request SQL settings form || remove  dependency from sql request form data provider || handle not found exception when editing sql request
bugs,AdminSupplierOrdersController,16,231,70,5.41,0.07,// stock : update and bugs fix on supplier order add product || // stock : update and bugs fix on supplier order add product || // stock : update and bugs fix on supplier order add product
stockmanager,AdminSupplyOrdersController,8,59,311,4.23,0.14,// StockManager: fixed. AdminSupplyOrders: fixed price. Admi || // StockManager: fixed. AdminSupplyOrders: fixed price. Admi || // StockManager: fixed. AdminSupplyOrders: fixed price. Admi
model,ObjectModel,8,56,440,3.8,0.14,Remove deprecated object model validation || CO: improved model namescape handling || CO: Convert namespaced object model class names to hook comp
save,AdminAttributesGroupsController,16,236,219,3.73,0.07,"[-] BO : FixBug #PSCSX-524 Missing save and stay button || [-] BO : #PSTEST-989 - Remove button ""Save and add"" on form  || [-] BO : #PSTEST-989 - Remove button ""Save and add"" on form "
sprintf,AdminTranslationsController,8,56,621,3.3,0.14,"CO: Remove sprintf for trans() with html code || [-] BO : Typo fixed: ""sprinf"" instead of ""sprintf"" || // Fix Message in AdminTranslationsController when use sprin"
association,Category,14,182,436,2.92,0.08,Fix category shop association || fix getting shop association for position update || [-] BO : Bad sql association for date_upd of product and cat
improved,AdminImportController,16,239,693,2.05,0.07,improved performance for watermarking on import || // product import improved (image problem because of file_ex || // product import improved (image problem because of file_ex
multiple,Cart,14,172,1054,1.73,0.08,"Fix specific scenario when multiple carriers are used. || Fix deleting products without combinations, when there are m || [-] FO: packages should be splitted with advanced stock mana"
split,AdminController,8,59,1763,1.72,0.14,"Refactor LegacyController it does not rely on Dispatcher any || // fix ccc for admin CCC has never been available for Admin  || [-] Split css for IE9, header : add css for IE9 < only"
ajax,ProductController,16,234,941,1.64,0.07,Transform descriptions all the time even in ajax || Fix min qty in front ProductController on ajax refresh || Create new endpoint to get the product preview layout by aja
store,GetStoreHandler,11,114,19,7.77,0.1,Update src/Adapter/Store/QueryHandler/GetStoreHandler.php || Update src/Adapter/Store/QueryHandler/GetStoreHandler.php || Update src/Adapter/Store/QueryHandler/GetStoreHandler.php
possible,SupplyOrder,11,109,63,6.1,0.1,// Address: added id_warehouse. Supplier: it is now possible || // Address: added id_warehouse. Supplier: it is now possible || // Address: added id_warehouse. Supplier: it is now possible
compatibility,AdminTab,10,94,150,4.93,0.11,[*] Project : Improve PHP 7 compatibility || [*] Project : Improve PHP 7 compatibility || [-] BO : fixed bug #PSFV-738 - [1.4 compatibility] : some op
folder,AdminLoginController,11,106,179,4.64,0.1,deal with case when folder rename failed || Make admin directory folder name longer || [-] BO : Fix bug #PSCFV-8626 rename actual admin folder
selection,ParentOrderController,10,93,196,4.56,0.11,"[-] FO : Fix bug #PSCFV-11922, bad carrier default selection || [-] FO: Fix default carrier selection in order process || [-] FO: Fix default carrier selection in order process"
rewrite,Link,10,87,416,3.57,0.11,CO: Fix url rewrite setting not used on multishop || [-] FO : fixed bug #PSCFV-5871 - URL rewrite with layered di || [-] FO : fixed bug #PSCFV-5871 - URL rewrite with layered di
invalid,OrderController,11,112,547,2.95,0.1,Removed ^ character from invalid characters for the payment  || BO - Order Page - Set an error message when the payment meth || Add message when order message is invalid. Add behat test
pages,FrontController,11,112,898,2.23,0.1,FO: Prevent a guest customer to access to auth required page || [-] FO : fixed maintenance mode on module pages #PSCSX-2447 || [*] FO: Allow to enable SSL on all the pages
manage,ProductController,11,115,941,2.13,0.1,"Manage specific prices associated to an order in the search  || Manage specific prices associated to an order in the search  || [*] BO : manage images product (form, cover)"
too,Tools,10,88,1134,2.11,0.11,in robots.txt too || [-] Core : Fixed zero-prices because of formatting done too  || [-] FO : PS_SSL_ENABLED and mod_rewrite yields a 301 error (
context,Shop,22,482,494,1.99,0.05,Fix ObjectModel shop insertion in other context than single  || // Shop Context without multishop is now no longer ALL but S || // Shop Context without multishop is now no longer ALL but S
size,AdminProductsController,10,87,1561,1.66,0.11,"[-] BO : Fix bug #PSCSX-3869, error on max virtual file size || [-] BO : fix bug #PSCFV-1597 - image upload size display || [-] BO : fix bug #PSCFV-1597 - image upload size display"
thanks,Product,11,106,1478,1.59,0.1,"Fixed ecotax calculation in Product::getPriceFromOrder (Than || // follwo up https://github.com/PrestaShop/PrestaShop/commit || [*] BO : Do not insert duplicates in poruct_carrier, thanks "
contact,ContactsController,9,72,31,7.44,0.12,refactors contact contoller edit actions || returns an id when adding contact operation have been execut || adds description validation when adding contact
buttons,FooterType,9,72,34,7.3,0.12,Modify product footer to display most of the buttons in drop || Simplify wording for delete and duplicate buttons in the foo || Fix active option and remove icons from the footer buttons
permissions,AdminEmployeesController,9,78,174,4.83,0.12,[-] BO : fixed access rights in employee permissions #PSCFV- || [-] BO : fixed access rights in employee permissions #PSCFV- || [-] BO : fixed access rights in employee permissions #PSCFV-
bugfix pstest,AdminCustomersController,9,78,283,4.13,0.12,[-] BO : BugFix #PSTEST-1137 Customers : Accounting export c || [-] BO : BugFix #PSTEST-1137 Customers : Accounting export c || [-] BO : BugFix #PSTEST-1137 Customers : Accounting export c
form,ProductFormDataProvider,36,1262,159,2.95,0.03,"Handle javascript for new UX of feature management, also nee || Refacto feature form types, the selectors are outside of the || Handle multishop integration of the customization command in"
retrocompatibility,FrontController,9,73,898,2.56,0.12,[-] FO : #PSFV-771 - Fix retrocompatibility problem with met || [-] FO : #PSFV-771 - Fix retrocompatibility problem with met || [-] FO : #PSFV-771 - Fix retrocompatibility problem with met
must,AdminOrdersController,12,131,700,2.49,0.09,// Order slips must be generated when an invoice is availabl || // Order slips must be generated when an invoice is availabl || // Order slips must be generated when an invoice is availabl
fields,ObjectModel,18,317,440,2.47,0.06,"Add new Validate::isRequiredOnline validation method, also i || Remove translation fields unused methods || Deprecate fields.php usage"
retrocompatibility,Cart,9,73,1054,2.33,0.12,// Retrocompatibility with carriers modules || // Retrocompatibility with carriers modules || // Retrocompatibility with carriers modules
fixing,Cart,9,74,1054,2.31,0.12,// Fixing problems with blockcart || // Fixing problems with blockcart || // Fixing problems with blockcart
queries,Product,9,75,1478,1.8,0.12,Performance : avoid useless attributes queries || // add more optimisations to reduce the number of sql querie || small optimisations and avoid to store non cacheable queries
seo,AdminProductsController,9,77,1561,1.69,0.12,[-] BO : fixed bug #PSCFV-2878 - Displaying wrong link in th || [-] BO : fixed bug #PSCFV-2878 - Displaying wrong link in th || [-] BO : fixed bug #PSCFV-2878 - Displaying wrong link in th
action,HelperList,21,430,316,2.73,0.05,[*] BO : modules can now use ajax action on their HelperList || [+] CORE : Add force bulk action to show variable when list  || [+] CORE : helperList action can be rendered from module cla
part,AdminOrdersController,15,200,700,2.2,0.07,"BO: Adding translation domains to controllers, part 2 || [-] BO: wording harmonization - back office - part 1 || [-] BO : FixBig #PSCSX-4690, #PSCSX-4676 - Fixing Credit sli"
fixer,OrderController,21,463,547,1.83,0.05,cs fixer || cs fixer || cs fixer
part,Cart,15,200,1054,1.61,0.07,"[-] CORE : Fix bug last part #PSCFV-8636, cart rule with a r || [-] CORE : Fix bug last part #PSCFV-8636, cart rule with a r || [-] BO : #PSCFV-3055 - Part 1 : Improving displaying of resu"
logs,LogRepository,8,63,34,7.33,0.13,Fix employee filter for the Logs page || Fix logs filtering || Whitelist filters for the Logs Page
const,Search,8,63,226,4.59,0.13,Reintroduce removed const PS_SEARCH_MAX_WORD_LENGTH || Add const / change logic / fix typo || Mod const self -> static
builder,ProductFormDataProvider,13,156,159,4.49,0.08,"Handle javascript for new UX of feature management, also nee || Adapt provider and command builder to new tax rule data stru || Readapt data provider, options provider and command builder "
virtual,OrderHistory,13,160,215,4.02,0.08,fix number of DL & expiration date being displayed in the do || fix html being displayed in download virtual product text ma || [-] CORE : fixed PHP Notice:  Undefined index: date_expirati
breadcrumb,Category,8,61,436,3.69,0.13,Fix Category::getParentsCategories when there are several ca || compute the breadcrumb infos in php by getting all the relev || FO: Order the breadcrumb
copy,Shop,8,61,494,3.51,0.13,Fix shop creation import method to handle copy of customizat || [-] CORE : Fix #PSCSX-4801 creation multistore when copy cms || // fix copy of stockavailable on shop creation
apply fixer,OrderController,8,60,547,3.39,0.13, apply cs fixer ||  apply cs fixer || Use ContextStateManager on AddCartRuleToCartHandler and appl
warning,AdminTranslationsController,17,290,621,2.02,0.06,BO: remove warning notice || BO: remove warning notice || [-] BO : Fixed warning - no such file or directory
deprecated,FrontController,17,262,898,1.63,0.06,Add deprecated flag || Remove deprecated class attributes and global variables from || Trigger a deprecated when using a hook alias
clear,AdminPerformanceController,10,105,167,4.61,0.1,BO: Clear cache on url rewriting settings modification || CO: Avoid cache clear locked on the current env || Co : Fixed bug for a clear cache  (#5557)
guest,OrderOpcController,10,99,222,4.29,0.1,"// OPC: save address and create guest customer || [-] FO : Fix bug #PSCSX-5299, fatal error in guest OPC || [-] : Fix bug #PSCFV-4859, could not register invoice addres"
check,ConfigurationTest,25,593,109,4.05,0.04,Check only JPEG support || Improve GD test precision - check JPEG support || Add a check for key generation
links,Dispatcher,10,101,314,3.76,0.1,[*] Core: that is now easier to get links for another shop || [-] FO: Fix lang links when url rewrite is not activated || [-] FO: Fix lang links when url rewrite is not activated
group,Carrier,20,386,241,3.21,0.05,// Fix group association on carrierwizard || [-] FO : Fix the group/zone/shop restriction on carriers whe || [-] FO : Fix the group/zone/shop restriction on carriers whe
block,OrderController,10,103,547,2.93,0.1,Add Payments block refresher - Refresh when product is added || [BO] Order > Products : The block discounts was not displaye || [BO] Order > Products : The block discounts was not displaye
force,AdminImportController,10,96,693,2.69,0.1,Allow product import to change previous id_category_default  || - fix category import when force Id is not used - make sure  || BO: fix import products without Force all ID numbers
return,AdminOrdersController,20,413,700,1.57,0.05,Cannot access return array in AdminOrdersController.php || [-] BO : Fix bug #PSCFV-9264 bad cancel qty when refund / re || [-] BO : Bug Fixed #PSCFV-3128 - Incorrect voucher value via
selected,AdminProductsController,10,96,1561,1.52,0.1,[-] BO : FixBug #PSCSX-642 - Selected carriers not added || [-] BO : Fix bug #PSCFV-8214 import entity pre selected || [*] BO : #PSTEST-784 - selected attribute is now visible
token,TokenizedUrlsListener,9,80,26,7.54,0.11,Improve Router so that it does not include CSRF token in pub || Dynamize token check and ignore request identified as public || Legacy pages must use Symfony token when symfony layout is e
validator,ProductValidator,9,84,35,7.04,0.11, move taxRulesGroup assertion to corresponding repository &  ||  move validations to Validator || Product validator is injected with configuration values inst
locale,Locale,9,82,37,6.99,0.11,"Replace usage of Locale with its interface instead || Improve language and locale interfaces they now use explicit || final class for locale, extract interface"
states,AdminStatesController,9,83,68,6.1,0.11,"Migrate ""Internation > Locations > States"" page || States : Added add button only on listing pages || // Improved States tab"
repository,ProductRepository,11,129,89,5.36,0.09, move bsql statements using legacy back to abstract handler  || Split product repository into two classes with one dedicated || Repository update and get functions are now bqsed on Product
htaccess,AdminMetaController,9,85,171,4.73,0.11,[-] BO : FixBug domain not added to regenerated htaccess || [-] BO : FixBug #PSCSX-161 htaccess regenerated with prev do || [-] BO : Added comprehensive error display when prestashop c
exists,Hook,11,124,347,3.46,0.09,"CO: Revert ""Check if hook exists before get hook module exec || BO: Class: Hook / Check if hook exists before get hook modul || [-] BO : #PSFV-769 - Hook::getHookModuleExecList() don't che"
alias,Hook,11,126,347,3.43,0.09,"Trigger a deprecated when using a hook alias || Fix wrong hook alias in database (canonical name should be "" || getHookAliasesFor no longer returns canonical hook names whe"
amount,PaymentModule,9,84,455,3.34,0.11,Fix round remaining value of reduction amount || Fix round remaining value of reduction amount || fix big amount voucher
templates,AdminTranslationsController,11,129,621,2.56,0.09,Fix incorrect redirect URL when editing mail templates || [-] BO: Fix translations for overridden templates #PSCFV-739 || [-] BO: Fix translations for overridden templates #PSCFV-739
directory,Tools,9,79,1134,2.11,0.11,Change htaccess directive to a RewriteRule because Directory || Add an instruction in htaccess to prevent directory listings || Make sure files are downloaded when reaching the upload dire
locale,Tools,9,82,1134,2.06,0.11,Replace usage of Locale with its interface instead || Add getter for current locale || Fallback on language code when locale is empty
process,Cart,11,127,1054,1.82,0.09,Fix and comment address deletion process || [*] FO : #1530 Enhance products check access in order proces || [*] FO : removed code specific to multishipping from the no-
norm,Shop,14,202,494,2.59,0.07,// norm || // Norm and doc for Shop class || // Norm and doc for Shop class
actions,ProductController,14,204,941,1.65,0.07, integrate delete and bulkDelete & bulk status actions into  || Sort returnded IDs for bulk actions || Split bulk delete actions for each possible shop context and
toggle,ToggleColumn,8,64,18,8.22,0.12,"Toggle column accepts extra parameters for route generation, || Fix BC break on Toggle column parameter || removes route params extra usage, fixes toggle status update"
step,CheckoutAddressesStep,8,68,45,6.81,0.12,"fix wrong redirection to next step when modifying invoice ad || Use if, because the request is execute twice to go to the ne || Submit current step form when clicking on a next step title "
color,AdminStatusesController,8,64,117,5.52,0.12,"[-] BO : Fix default color for Order return states || [-] BO : Fix #PSCSX-928, change default color for colorpicke || // Add row break to color element"
icon,HelperList,8,64,316,4.09,0.12,//small fix on helper list with icon || // Add icon and specific title to list || // list icon backward compat
state,AdminSupplyOrdersController,12,146,311,3.51,0.08,// Missing change state button in advanced stock management || [-] BO: Fix #PSCFV-3618 toolbar title on changing state of s || [-] BO: Fix #PSCFV-3618 toolbar title on changing state of s
themes,AdminTranslationsController,8,66,621,3.07,0.12,"// Remove ""core"" for the themes translations in the translat || // Remove ""core"" for the themes translations in the translat || [-] BO : #PSCFV-2336 : Now importation of lang pack is movin"
null,ObjectModel,12,147,440,2.99,0.08,Compare with null || Assign ID prop to null instead of unset ||  allow null in addFieldsToUpdate() and improve docblock
multistore,ObjectModel,12,152,440,2.95,0.08,"Revert ""CO: Fix lang table multistore data issue"" || CO: Fix lang table multistore data issue || [*] BO : Changed the default list view for products and cate"
sql query,Module,8,67,884,2.54,0.12,[*] Class: Module / Use method instead of SQL query || [*] Class: Module / Use method instead of SQL query || // SQL query optimization
space,Module,8,69,884,2.49,0.12,[-] CORE : Module class now add 4 space instead of a tab || [-] CORE : Module class now add 4 space instead of a tab || [-] BO : Fix on module config file generation (simplexml can
global,FrontController,8,69,898,2.47,0.12,Add `new-products` page in global urls smarty || Add template country global vars || Remove deprecated class attributes and global variables from
icon,AdminProductsController,8,64,1561,1.78,0.12,"// Remove translations on icon class || // Tree folders icon problem || // add stylesheet stats, commandes, new icon back to list"
global,Product,8,69,1478,1.75,0.12,CO: Improve global performances || CO : Improve global performances || [*] CORE : improve global performances - add a local cache o
cover,AdminProductsController,8,66,1561,1.74,0.12,"[*] BO : manage images product (form, cover) || [-] BO : Fix cover image issues (PSCSX-6473) || [-] BO : Fix cover image issues (PSCSX-6473)"
position,Attribute,13,191,74,5.3,0.07,"[-] BO : Fix bug #PSCSX-4358, could not reorder features and || [-] BO : Fix #PSTEST-1220 : now position update for attribut || [-] BO : Fix #PSTEST-1220 : now position update for attribut"
required,AdminAddressesController,13,195,133,4.43,0.07,[+] BO Customers > Addresses // Helper > Required Fields || [-] FO : Fix bug #PSCFV-8415 zipcode is required without zip || [-] FO : Fix bug #PSCFV-8415 zipcode is required without zip
tags,UpdateProductOptionsHandler,9,88,43,6.67,0.1, completely separate options and tags handlers ||  udpate tags in private method. Apply cs fixer ||  add product tags handler
partial,OrderSlip,9,90,70,5.94,0.1,[*] BO : Partial refund now handle quantity || [*] BO : Partial refund now handle quantity || [*] BO : Partial refund now handle quantity
legacy,ControllerTest,18,339,41,5.8,0.05,Migrated some Legacy Tests to Integration/Unit Tests || Remove legacy search engine controller || Remove old legacy zones controller
sql,RequestSql,18,364,44,5.59,0.05,protect from writing files on server through SQL form || protect from writing files on server through SQL form || protect from writing files on server through SQL form
download,OrderHistory,9,91,215,4.3,0.1,fix number of DL & expiration date being displayed in the do || fix html being displayed in download virtual product text ma || [-] CORE : fixed bug #PSCFV-10175 - No virtuel download emai
selection,CartRule,9,93,451,3.2,0.1,[-] BO : cart rule with attributes filter and reduction on t || [-] BO : cart rule with attributes filter and reduction on t || [-] BO : cart rule with attributes filter and reduction on t
where,Cart,9,90,1054,2.03,0.1,[-] FO : #PSCFV-2993 #PSCFV-2811 - Default carriers and carr || [-] FO : #PSCFV-2993 #PSCFV-2811 - Default carriers and carr || [-] FO : #PSCFV-2993 #PSCFV-2811 - Default carriers and carr
configuration,AdminModulesController,18,391,564,1.81,0.05,Fix module configuration offset on top of the page || [+] BO : AdminModules : module warning now link to the modul || // Adding more buttons to module configuration
select,AdminShopController,10,117,263,3.8,0.09,[-] BO : FixBug #PSCSX-40 categories unchanged after select  || [-] BO : #PSCFV-2562 - Select all categories on creating a n || [-] BO : #PSCFV-2562 - Select all categories on creating a n
upload,AdminThemesController,10,112,420,3.19,0.09,BO: message for error size upload || CO: Remove finfo use for theme upload || [-] BO: ThemeManager on theme upload works as expected
values,ObjectModel,15,260,440,2.49,0.06,"make it possible to check boolean values || [*] Core : added automatic conversion of ',' into '.' for fl || [*] Core : added automatic conversion of ',' into '.' for fl"
request,AdminModulesController,15,245,564,2.22,0.06,Merge pull request #743 from dlage/modules_update || //merge pull request || //merge pull request
template,AdminTranslationsController,15,232,621,2.16,0.06,"[-] CORE : Fix #PSCSX-4594 escape { } if purify for mail tem || Revert ""[-] CORE : Fix #PSCSX-4594 escape { } if purify for  || [-] CORE : Fix #PSCSX-4594 escape { } if purify for mail tem"
variable,AdminModulesController,15,271,564,2.08,0.06,Remove unused installed_modules variable || BO: Escape variable into a translated string || [*] CORE: PHPDoc: update inline variable type PHPDoc scopes
folder,Tools,10,106,1134,1.84,0.09,Fix Purifier cache folder creation || Protect .git folder with htaccess || // module's folder img is kept unmodified when upgrading the
warehouses,Warehouse,8,70,97,5.66,0.11,[-] BO : fix bug #PSCFV-2383 - adding warehouses not working || [-] BO : fix bug #PSCFV-2383 - adding warehouses not working || [-] BO : fix bug #PSCFV-2383 - adding warehouses not working
adds,OrderGridDefinitionFactory,22,587,48,5.07,0.04,"Implements preview handlers using legacy oject models, adds  || adds color field for choices dropdown || adds selected order status field"
contact,AdminCustomerThreadsController,8,72,154,4.95,0.11,"[-] FO: Extension test on file attachment for contact form s || [-] FO: Extension test on file attachment for contact form s || [-] BO : fixed bug #PSCFV-2259 - ""Contact options"" section i"
taxes,OrderInvoice,8,74,195,4.57,0.11,"only get taxes from current OrderInvoice || [*] Invoice : Display shipping and wrapping breakdown by rat || // more robust tax breakdown, especially for combined taxes"
pscfv pscfv,AuthController,8,76,277,4.03,0.11,"[-] FO : Fix again #PSCFV-6209 #PSCFV-5686 no required phone || [-] FO : Fix again #PSCFV-6209 #PSCFV-5686 no required phone || [-] FO : fixed bug #PSCFV-4357, #PSCFV-4270"
bulk delete,AdminCategoriesController,8,76,368,3.62,0.11,[-] BO : fixed bug #PSCFV-5230 - Employees skip permits on b || [-] BO : fixed bug #PSCFV-5230 - Employees skip permits on b || // submit bulk delete categoy fix
route,Dispatcher,11,137,314,3.46,0.08,"Added route checking and loading in hasRoute function || Fix regexp of ""id_product_attribute"" keyword in product rout || Remove old route selected_filters"
handle,ProductFormDataProvider,22,545,159,3.45,0.04,"Handle javascript for new UX of feature management, also nee || Handle shop constraint in GetPackedProducts query || Handle multishop integration of the customization command in"
retrocompatibility,ObjectModel,8,73,440,3.42,0.11,"[-] MO : Fix bug #PSCFV-7800, lang fields definition in Retr || [-] MO : Fix bug #PSCFV-7800, lang fields definition in Retr || // Remove retrocompatibility stripslashes in ObjectModel"
sort,AdminModulesController,8,76,564,3.0,0.11,[-] BO : Fix #PSCSX-1829 sort by xml order || // Modules categories sort || // Fix modules sort by author #PSCFV-2653
generation,Link,11,143,416,2.99,0.08,Use wider matching rule in quickLink generation for token so || Remove special case for Link generation for product page || Added new image formats generation Fixes #28048
modal,AdminModulesController,11,144,564,2.54,0.08,"[*] BO : Fix #HOSTED-581, fixes for unstrusted modal (see: # || [*] BO : Fix #HOSTED-581, fixes for unstrusted modal (see: # || [*] BO : Introduce new untrusted modal window (see #PSCSX-32"
queries,Module,8,75,884,2.37,0.11,"// add more optimisations to reduce the number of sql querie || [*] FO : lots of performance improvements (removed or merged || [*] BO : from 300 to 40 queries in Modules tab, does not rea"
redirection,FrontController,11,144,898,1.87,0.08,"[*] Core : added the possibility to choose between 301, 302  || FO: Fix #PSCFV-5800 don't send any cookie on canonical redir || FO: Fix #PSCFV-5800 don't send any cookie on canonical redir"
redirection,ProductController,11,144,941,1.8,0.08,add redirection from product page v2 to product list with me || add redirection from product page v2 to product list with me || make redirection methods private
label,AdminProductsController,8,75,1561,1.55,0.11,// Changed label || [-] BO : FixBug #PSCFV-8287 Breadcrumbs label was wrong || // Change customizable properties form label name
creation,AuthController,17,329,277,3.0,0.05,//Add account creation in AuthController || [-] BO: You can now disable the email sent after account cre || [-] BO: You can now disable the email sent after account cre
interface,StockManagerInterface,12,172,32,6.55,0.07,[-] MO : stock :  error declaration interface || [-] MO : stock :  error declaration interface || // StockManager : changed prototypes in interface & fixed it
interface,AdminSupplierOrdersController,12,172,70,5.42,0.07,// stock : update and bugs fix on supplier order add product || // stock : update and bugs fix on supplier order add product || // stock : update and bugs fix on supplier order add product
shops,AdminShopController,12,173,263,3.5,0.07,// The capacity of enable / disable shops and shop groups is || // The capacity of enable / disable shops and shop groups is || // The capacity of enable / disable shops and shop groups is
bugfix pscfv,AdminShopController,12,177,263,3.47,0.07,[-] BO : BugFix : #PSCFV-3537 : Product Indexing lost when e || [-] BO : BugFix : #PSCFV-3537 : Product Indexing lost when e || [-] BO : BugFix : #PSCFV-3537 : Product Indexing lost when e
removing,Category,12,162,436,2.87,0.07,// Removing products of root-categories || // Removing products of root-categories || // Removing products of root-categories
table,Order,12,183,468,2.59,0.07,Update Mutation table structure for more generic and more op || [-] Classes : fixed bug #PSCFV-2681 - issue with updating of || [-] Classes : fixed bug #PSCFV-2681 - issue with updating of
notice,Cart,12,161,1054,1.6,0.07,fix(Cart): fix notice saving customization when customer fie || fix notice when opening an order with gift in BO || Fix notice (clean code)
attributes,AttributeGroup,14,240,57,5.46,0.06,"Handle attributes list in the Attribute group query, add beh || // same for attributes and attributegroups || // same for attributes and attributegroups"
bugfix,AdminGroupsController,21,545,162,3.35,0.04,[-] BO : BugFix : #PSCFV-2343 : Group discount does not show || [-] BO : BugFix : #PSCFV-2343 : Group discount does not show || [-] BO : BugFix : #PSCFV-2343 : Group discount does not show
src core,ProductQueryBuilder,9,100,37,6.71,0.09,Update src/Core/Grid/Query/ProductQueryBuilder.php || Update src/Core/Grid/Query/ProductQueryBuilder.php || Update src/Core/Grid/Query/ProductQueryBuilder.php
twig,LayoutExtension,9,96,43,6.55,0.09,Create DefaultLayout twig component || Use service discovery for twig extensions || Split the smarty escape into chunks because of twig filter l
user,AuthController,9,96,277,3.86,0.09,"[-] FO : fixed bug #PSCSX-2626 - No message when an user wit || [-] FO : #PSCFV-3014 - On account creation, address delivery || [-] FO : #PSCFV-3014 - On account creation, address delivery"
changing,Order,9,97,468,3.09,0.09,[-] BO : #PSCFV-3000 - Send an email on changing an order fr || [-] BO : #PSCFV-3000 - Send an email on changing an order fr || [-] BO : #PSCFV-3000 - Send an email on changing an order fr
selected,AdminTranslationsController,9,96,621,2.7,0.09,BO: Modify module's translation page to get only the form of || [-] BO : Fixed display when you translate modules without th || [-] BO : Fixed display when you translate modules without th
calculation,AdminOrdersController,9,99,700,2.48,0.09,[-] BO : #PSFV-434 - Bad product total calculation (confusio || [-] BO : #PSFV-434 - Bad product total calculation (confusio || [-] BO : #PSFV-434 - Bad product total calculation (confusio
line,Cart,9,102,1054,1.85,0.09,fix wrong discount line calculation on order/invoice || Blank line after opening tag || [*] CORE : Add new hook actionBeforeCartUpdateQty Follow up 
alias,Alias,10,126,13,8.03,0.08,Fixed the duplication of Alias when update || Remove deprecated param into Alias constructor || CO: Update Alias class to ps standards
dashboard,AdminStatsController,8,77,84,5.73,0.1,"BO: Revert ""Add paid order to stats dashboard even when ther || BO: Add paid order to stats dashboard even when there's no r || [-] BO: Dashboard stats know display true item sales instead"
preferences,AdminPPreferencesController,8,79,99,5.46,0.1,[-] BO : disable GSA preferences || // update preferences tab || //reorder option in product preferences
edit,AdminModulesPositionsController,16,311,90,4.62,0.05,"[+] CORE: Remove live edit feature || [-] BO : Fixed wrong front url to live edit when rewrite url || [-] BO : Fix bug #PSCFV-12193, live edit url with virtual ur"
tax,HTMLTemplateOrderSlip,16,318,103,4.39,0.05,[-] PDF: Order slip Tax detail computation fix. #PSCSX-6408 || [-] PDF: Order slip Tax detail computation fix. #PSCSX-6408 || [-] PDF: Order slip Tax detail computation fix. #PSCSX-6408
query,GetProductForEditingHandler,20,473,115,3.98,0.04,Add shop IDs in ProductForEditing query || Make product query more resilient to the absence of a StockA || Handle ecotax with tax included and impact in rpduct form qu
amount,AdminOrdersController,8,84,700,2.55,0.1,CO: Add total amount TTC in credit-slip || BO: Display shipping max. refundable amount in order partial || // change the amount refundable
cookie,FrontController,8,79,898,2.28,0.1,"Fix missing id_guest in cookie || [-] FO: Don't write cookie when redirecting to an another pr || [-] FO : Fix bug #PSCSX-2066, nb of item per page badly set "
office,FrontController,8,82,898,2.22,0.1,Fix forbidden access page in Front Office || Fixed inconsistent locale in Front Office || FO: Rework js_def for front office
functions,Tools,8,77,1134,1.98,0.1,Simplify CmpPrice functions || Use mbstring functions without checking || Add tests for Tools rounding functions
must,FrontController,10,131,898,1.87,0.08,"// No more theme directory, only rely on theme name There is || [-] FO : #PSCFV-3121 - New JS vars baseUri. This vars must b || [-] FO : #PSCFV-3121 - New JS vars baseUri. This vars must b"
format,Tools,10,126,1134,1.59,0.08,FO: Localize date format in customer registration form || // Add format as parameter in addonsRequest() || [-] CORE : format currency Switzerland
api,ApiClient,13,229,34,6.16,0.06,"Introduce ApiClientContext only useful in API requests || Remove PrestaShop API Calls (native, native_all, customer, m || Return default values when api is unavailable"
displayed,AdminSupplyOrdersController,13,203,311,3.14,0.06,// fix incorrectly displayed error message - PSCSX-935 || // SupplyOrders: the date is now correctly displayed || // SupplyOrders: the date is now correctly displayed
norm,CartRule,13,202,451,2.62,0.06,BO: PSR2 norm coding on cartRule Page || // norm || // norm and correct infinite recursion
core pscfv,Link,13,227,416,2.56,0.06,[-] CORE : Fix bug #PSCFV-8542 could not have rewrited link  || [-] CORE : fixed bug #PSCFV-4860 || [-] CORE : fixed bug #PSCFV-4860
little,Order,13,236,468,2.34,0.06,Fixing a little bug || // Fix little bug (undefined index) on canceling a product ( || // Fix little bug (undefined index) on canceling a product (
export,AdminAccountingExportController,11,164,47,5.94,0.07,[-] BO : Update accounting for export and configuration || [-] BO : Update accounting for export and configuration || [-] BO : Update accounting for export and configuration
export,AdminStockMvtController,11,164,89,5.02,0.07,"BO: Fix the export link of ASM movements || // Stock movement fix export button on select filter || // Fixed CSV export without pagination. Fixed StockManager, "
tpl,HelperForm,11,158,180,4.05,0.07,// added the name of controller as class in form.tpl || // added the name of controller as class in form.tpl || // added the name of controller as class in form.tpl
catalog,ModuleController,11,156,266,3.51,0.07,Category filter in catalog page || Add missing category dropdown for catalog action || Switch module catalog titles
number,AdminOrdersController,11,166,700,2.02,0.07,"Fixes error reported in #9687, regarding carrier list in the || WS: Optionally send in-transit email when updating tracking  || [-] BO : Fix send e-mails updating tracking number"
translation,Translate,19,424,154,3.64,0.04,fix: modify Translate class for return sprintf with translat || Allow named translation placeholders in legacy system || Allow trans() to fall back on the legacy translation system 
tax,OrderDetail,15,318,161,3.65,0.05,Order zero ratio for order detail tax || Refacto the OrderDetail tax computing so that OrderAmountUpd || Fix correctly updating OrderDetail tax table when changing a
method,Configuration,25,782,223,2.62,0.03,Add missing params doc for get method in Configuration.php || refactor(Configuration): Simplify configuration class hasCon || make deprecated clearConfigurationCacheForTesting method cal
creation,Shop,15,329,494,1.99,0.05,Fix shop creation import method to handle copy of customizat || [-] CORE : Fix #PSCSX-4801 creation multistore when copy cms || // fix copy of stockavailable on shop creation
class,Link,25,880,416,1.55,0.03,Add extension support to other functions in Link class || Remove related layered_rule old stuff in Link class || Fix phpdoc of class Link
pagination,ProductListingFrontController,8,89,72,5.74,0.09,Fixed pagination (internal type mislead) || modify category pagination for SEO purposes || FO: Improve pagination
manage,AdminProductWrapper,9,115,67,5.65,0.08,"[*] BO : manage images product combinations || [*] BO : manage images product (form, cover) || [*] BO : manage product attachments"
return,AdminReturnController,18,413,43,5.44,0.04,Fix redirection after product deletion in merhcandise return || Improve products return controller || fix customers url in return page
pages,AdminCmsController,9,112,91,5.25,0.08,add new optional head_seo_title in CMS pages || [-] BO: Fix CMS pages permissions (#BOOM-505) || [-] BO : FixBug #PSCSX-1134 - No position for Cms pages
html,AdminCustomerThreadsController,9,117,154,4.42,0.08,"// Fix translations mails errors for each languages // Now,  || // Fix translations mails errors for each languages // Now,  || // Fix translations mails errors for each languages // Now, "
required,AddressController,12,195,185,3.84,0.06,"[-] FO : Fix PSCSX-2535 add asterisks for required fields || [-] : Fix bug #PSCFV-4859, could not register invoice addres || [-] FO : Fix bug #PSCFV-8415 zipcode is required without zip"
adapter,Configuration,12,186,223,3.64,0.06,Update src/Adapter/Configuration.php || Update src/Adapter/Configuration.php || Update src/Adapter/Configuration.php
pagination,HelperList,8,89,316,3.61,0.09, fix filtering and pagination || // Pagination fix || // Pagination fix
possible,AdminSupplyOrdersController,9,109,311,3.51,0.08,// AdminSupplyOrdersController: it now possible to create su || // AdminSupplyOrdersController: it now possible to create su || // AdminSupplyOrdersController: it now possible to create su
debug,AdminSupplyOrdersController,9,116,311,3.42,0.08,// Product Suppliers : Debug and optimizations || // Product Suppliers : Debug and optimizations || // Product Suppliers : Debug and optimizations
incorrect,Link,8,91,416,3.18,0.09,Fix incorrect route || [-] incorrect use of parameter $relative_protocol || [-] FO : BugFix : #PSCFV-2208 : Params link from CMS page li
fixbug,AdminSupplyOrdersController,12,198,311,3.07,0.06,[-] BO : FixBug #PSCSX-2698 || [-] BO : FixBug #PSCSX-2698 || [-] BO : FixBug #PSCFV-11624 StockManagement Filter
always,Shop,8,85,494,3.03,0.09,"Revert "" fix ""Right side of && is always true."" stan error"" ||  fix ""Right side of && is always true."" stan error || // Redirection must always be done"
actions,HelperList,12,204,316,3.0,0.06,// Prevent error if there is no bulk actions || // Fix Combinations list actions button problem || // list bulk actions fix
pages,Shop,9,112,494,2.8,0.08,// Restore shop context in shop list and can filter shop pag || // Restore shop context in shop list and can filter shop pag || // Restore shop context in shop list and can filter shop pag
because,AdminModulesController,9,108,564,2.67,0.08,[-] BO : moved some code from AdminModulesController to Admi || [-] BO : moved some code from AdminModulesController to Admi || [-] BO : moved some code from AdminModulesController to Admi
message,CartController,18,434,308,2.53,0.04,Uniformize the error message when low stock is reached and q || BO - New Order - Empty gift message is not a null value || Improved Error message in New Order Page when adding a minim
details,AdminOrdersController,9,114,700,2.28,0.08,BO: Message Customer on order details page || [-] BO : #PSCFV-3011 - Add details of refund and returned pr || [-] BO : #PSCFV-3011 - Add details of refund and returned pr
editing,AdminOrdersController,9,119,700,2.21,0.08,[-] FO : #PSFV-797 - Fix bug with order detail and customize || [-] FO : #PSFV-797 - Fix bug with order detail and customize || [-] FO : #PSFV-797 - Fix bug with order detail and customize
associated,ProductController,9,117,941,1.81,0.08,Handle preview even in all shops view for product that have  || Prevent a product associated to a pack from being turned int || Render error when accessing a product in a shop not associat
front,Meta,10,144,92,5.02,0.07,[+] Choose your layout for each front office page || [-] CORE : Fix #PSCSX-5629 Meta don't scan override dir to c || [-] CORE : Fix #PSCSX-5629 Meta don't scan override dir to c
null,Configuration,10,147,223,3.71,0.07,check ids not null before calling hasKey || do not cast null values into integer for shop ids || check ids not null before calling hasKey
filter,AdminModulesController,14,261,564,2.03,0.05,Remove obsolete filter methods || //module anchor now use instant search to filter module list || [*] BO : Adding filter for modules bought on Addons
show,ProductController,10,151,941,1.6,0.07, do not show product creation link if employee has no access ||  show list in modal (no styling). Lots of cleaning needed || Only show product position when list is filtered by category
disabled,ProductController,10,152,941,1.59,0.07,"Fix: ignore attribute_quantity if stock management disabled || Fix accessing disabled product, further refacto of controlle || Do not display tax or stock in header when features are disa"
action,ModuleController,17,430,266,2.67,0.04,"Cache clear is systematic after a module action, we remove t || Restore action order, add delete action || Add missing category dropdown for catalog action"
adapter,GetStoreHandler,11,186,19,7.06,0.06,Update src/Adapter/Store/QueryHandler/GetStoreHandler.php || Update src/Adapter/Store/QueryHandler/GetStoreHandler.php || Update src/Adapter/Store/QueryHandler/GetStoreHandler.php
column,CategoryGridDefinitionFactory,11,176,61,5.46,0.06,"Changed back to HTML column || Removed HTML column since it's added in another PR || Added new ""HTML"" column"
images,WebserviceSpecificManagementImages,11,181,71,5.2,0.06,Return a http 404 instead http 500 when trying to list produ || WS: add watermark to new product images || [-] WS : Fix bad xlink in combination association image [-] 
table,OrderDetail,11,183,161,4.0,0.06,Fix correctly updating OrderDetail tax table when changing a || [-] FO: Fix the value of the wholesale price with combinatio || [-] FO: Fix the value of the wholesale price with combinatio
position,HelperList,11,191,316,2.97,0.06,[-] BO : #PSCSX-6385 remove ability to order position while  || [-] BO : #PSCSX-6385 remove ability to order position while  || [-] BO : #PSCSX-6385 remove ability to order position while 
position,Category,11,191,436,2.5,0.06,"Fix position problem on a fresh install || fix getting shop association for position update || [-] BO : Fix #PSCSX-6664, category date_upd when position ch"
pscfi,AdminTranslationsController,11,183,621,2.06,0.06,[-] BO : Fix bug #PSCFI-7231 strtolower iso_lang for package || [-] BO : Fix bug #PSCFI-7231 strtolower iso_lang for package || [-] BO : #PSCFI-4873 : Updated of method for translated modu
disable,ProductController,11,176,941,1.51,0.06,Handle enable/disable by shop group || Handle enable disable and delete for all stores in All shop  || disable experimental product page in all shop or group shop 
errors,AdminTranslationsController,13,259,621,1.8,0.05,"Avoid errors display when Emails translations lang.php does  || [*] BO : errors message translation now parse SF2 validators || [-] Bo : Fix bug #PSCSX-613, could not return errors on righ"
clear,SymfonyCacheClearer,8,105,23,7.15,0.08,"SymfonyCacheClearer tries multiple manual cache clear when t || While looping through all the kernels to clear, each one is  || Update SymfonyCacheClearer to clear the cache for all three "
webservice,AdminWebserviceController,8,104,38,6.44,0.08,delete legacy controller and templates for Webservice || Fix sorting issue in the webservice page || // Adding Host Mode on WebService CGI Mode
translations,TranslationsController,16,445,98,3.98,0.04,Remove security from translations overview action || Add form handler for translations settings forms || Add redirects to correct translations page based on selected
total,AdminCustomersController,8,101,283,3.59,0.08,[-] BO : Fix #PSCSX-5407 correct cart summary total || [-] BO : Fix #PSCSX-5407 correct cart summary total || [-] BO : Fix #PSCSX-5407 correct cart summary total
message,AdminCustomerThreadsController,16,434,154,3.36,0.04,"Fwd: Customer message link is incorrect || [-] BO : Fix bug #PSCSX-6924, Property CustomerMessage->mess || [-] BO : Fix #PSCSX-5844, Property CustomerMessage->message "
already,CartRule,8,101,451,2.92,0.08,Exclude already discounted products when needed || You can exclude already discounted products from voucher (#5 || [-] FO : fixed bug where you couldn't get a free product wit
value,Configuration,16,438,223,2.81,0.04,refactor so that ids are taken from given value and not from || do not give a default value in all shop strict mode || use shop constraint value instead of context
confirmation,AdminModulesController,8,104,564,2.55,0.08,"[-] BO : Fix #PSCSX-2652, show confirmation for multiple upd || [-] BO : Fix #PSCSX-2652, show confirmation for multiple upd || [*] BO : Fix #PSCSX-2652, show confirmation for multiple upd"
changing,Cart,8,97,1054,1.75,0.08,Fix gift not added/removed when changing price || Clear products when changing gift inclusion || fix autoremove voucher when changing carrier
src prestashopbundle,RequestSqlRepository,9,123,22,7.16,0.07,Update src/PrestaShopBundle/Entity/Repository/RequestSqlRepo || Update src/PrestaShopBundle/Entity/Repository/RequestSqlRepo || Update src/PrestaShopBundle/Entity/Repository/RequestSqlRepo
repository,RequestSqlRepository,9,129,22,7.09,0.07,Update src/PrestaShopBundle/Entity/Repository/RequestSqlRepo || Update src/PrestaShopBundle/Entity/Repository/RequestSqlRepo || Update src/PrestaShopBundle/Entity/Repository/RequestSqlRepo
prestashopbundle,RequestSqlRepository,9,135,22,7.02,0.07,Update src/PrestaShopBundle/Entity/Repository/RequestSqlRepo || Update src/PrestaShopBundle/Entity/Repository/RequestSqlRepo || Update src/PrestaShopBundle/Entity/Repository/RequestSqlRepo
meta,MetaFormDataProvider,9,126,27,6.83,0.07,adds meta form data provider || adds Translatable type support for meta keywords || adds meta validation adapte
format,AddressFormat,9,126,58,5.73,0.07,change wording above address format form || add check for mandatory fields in address format || Fix address format on Windows
path,HTMLTemplate,9,129,110,4.77,0.07,[CO] Fix bug on pdf logo path || [-] PDF : Fixed unecessary slash in overriden template path || [-] PDF : Fixed unecessary slash in overriden template path
messages,AdminCustomerThreadsController,9,134,154,4.23,0.07,"CO: Fix processing large messages from IMAP || // Add ErrorDisplay method to translate error messages in im || [-] BO : Fix #PSCSX-6805, confusion about private messages i"
process,ParentOrderController,9,127,196,3.96,0.07,[-] FO: Fix default carrier selection in order process || [-] FO: Fix default carrier selection in order process || [-] FO: Fix default carrier selection in order process
optimization,Configuration,9,120,223,3.85,0.07,// Some optimization #PI-121 || // Some optimization #PI-121 || // Some optimization #PI-121
creating,Carrier,9,122,241,3.72,0.07,[-] BO : #PSCFV-2956 - Fix bug on creating carriers || [-] BO : #PSCFV-2956 - Fix bug on creating carriers || [-] BO : #PSCFV-2956 - Fix bug on creating carriers
title,AdminAttributesGroupsController,9,134,219,3.72,0.07,// Features and attributes title and buttons || // Update attributes group title || // Small title fix
deleted,Customer,9,134,264,3.45,0.07,"Don't delete cart associated to orders, don't send email to  || [-] FO : Fix bug #PSCFI-6864 #PSCFV-6516 Issue with deleted  || [-] FO : Fix bug #PSCFI-6864 #PSCFV-6516 Issue with deleted "
about,AdminCategoriesController,9,135,368,2.96,0.07,// little fix about adding a category || // little fix about adding a category || // little fix about adding a category
optimization,Shop,9,120,494,2.71,0.07,[*] FO : Optimization - don't redirect and allow WS and othe || [*] FO : Optimization - don't redirect and allow WS and othe || [*] FO : Optimization - don't redirect and allow WS and othe
messages,OrderController,9,134,547,2.4,0.07,Fixed translated order messages in Order View || Change messages || Improve annotation messages
improvement,AdminImportController,9,127,693,2.14,0.07,//small import improvement || //small import improvement || //small import improvement
meta,FrontController,9,126,898,1.77,0.07,Improved meta tag handling in maintenance mode || FO: Add meta.index to $page var || FO: Nest SEO meta data under $page.meta
hooks,Module,9,133,884,1.72,0.07,Avoid duplicates in possible module hooks || Make Twig accessible for modules inside hooks || Fix uninstalling modules with deleted hooks.
core,Mail,31,1355,194,2.34,0.02,[-] CORE PSCSX-7986 || [+] CORE : Added support for new mails hooks || [-] CORE Fix #PSCSX-4758 : Swift Exceptions raised on dev mo
feature,AdminFeaturesController,12,252,113,4.18,0.05,BO: FIX #9853 Search feature value and pagination || [-] BO : #PSCSX-1734 bug fixed. Back-office adding new featu || [-] BO: Fix feature values listing - custom could be null in
toolbar,HelperList,12,227,316,2.85,0.05,"// fix added toolbar in HelperOptions || // fix added toolbar in HelperOptions || // added fixed toolbar, norms"
core pscfv,PaymentModule,12,227,455,2.32,0.05,"[-] CORE : Fix bug #PSCFV-12701, could not reuse partial vou || [-] CORE : Fix bug #PSCFV-9517, check voucher validity befor || [-] CORE : fixed bug #PSCFV-8652 - Order::generateReference("
view,OrderController,12,219,547,2.11,0.05,Fixed meta title in BO - Order View || Fixed translated order messages in Order View || Order view - Refresh shipping tab when product is added or r
without,Shop,12,249,494,2.07,0.05,// Shop Context without multishop is now no longer ALL but S || // Shop Context without multishop is now no longer ALL but S || // Shop Context without multishop is now no longer ALL but S
redirect,RedirectOptionType,10,174,34,6.18,0.06,Update default value for redirect options || Add redirect for behat tests || Add category redirect type
translation,TranslationsController,15,424,98,3.95,0.04,Export translation catalogues || All forms in translation form are checked for validity and t || Add redirects to correct translations page based on selected
shops,AdminWarehousesController,10,173,171,3.86,0.06,"// Warehouse: when being flaged as deleted, fixed deletion o || // Warehouse: when being flaged as deleted, fixed deletion o || // Warehouse: when being flaged as deleted, fixed deletion o"
problem,AdminAttributesGroupsController,10,174,219,3.49,0.06,Solved problem with texture upload when attribute has hex co || [-] BO : #PSTEST-400 - Fixed problem with adding attribute || [-] BO : #PSTEST-400 - Fixed problem with adding attribute
undefined,OrderOpcController,10,176,222,3.46,0.06,[-] FO : Undefined free_shipping in POC when updateQty || [-] FO : Undefined free_shipping in POC when updateQty || // Fix bug: undefined variable
correctly,AdminSupplyOrdersController,10,162,311,3.09,0.06,"[-] BO : Bug #PSCFV-11515, Supply order autocompletion is no || // Fixed Supply Orders: prices are now correctly updated || // Fixed Supply Orders: prices are now correctly updated"
number,Order,10,166,468,2.47,0.06,"Add possibility for modules to return custom order number || CO: Fix for MySQL error 1093 in generating the invoice numbe || [*] CORE : Fix #PSCSX-5772 & #PSCSX-4666, enable invoice num"
admin,AdminLoginController,19,552,179,3.05,0.03,Update controllers/admin/AdminLoginController.php || Make admin directory folder name longer || Enable to back to shop in admin login page
associated,ProductDownload,8,117,47,5.97,0.07,// Bug fix when deleting a file associated to a virtual prod || // Bug fix when deleting a file associated to a virtual prod || [*] FO : change the download link for files associated to pr
support,DbMySQLi,8,114,55,5.78,0.07,Add support for non-unity MySQL autoincrement || // Add support of different mysql port for mysqli and pdo || // Add support of different mysql port for mysqli and pdo
addresses,AdminAddressesController,8,107,133,4.59,0.07,"Fix addresses links || Addresses changes not impacted when creating an order from a || [-] BO : Fix #PSCSX-3332, new address on order addresses mod"
html,Mail,8,117,194,3.92,0.07,"email subject doesn't support html entities || email subject doesn't support html entities || // Fix translations mails errors for each languages // Now, "
select,Helper,8,117,225,3.71,0.07,// select associated categories on a shop creation (with the || // select associated categories on a shop creation (with the || // select associated categories on a shop creation (with the
performance,Hook,8,123,347,3.01,0.07,[*] FO : performance improvement on module exceptions || [*] FO : lots of performance improvements (removed or merged || // Improve performance
support,ObjectModel,8,114,440,2.78,0.07,// Add support of list of values in objects definition and s || // Add support of list of values in objects definition and s || // Add support of list of values in objects definition and s
static,ObjectModel,8,116,440,2.75,0.07,Fix ObjectModel shop insertion in other context than single  || fix static cache reset on ObjectModel || Fixed :: Access to undeclared static property: Validate::$da
html,PaymentModule,8,117,455,2.69,0.07,[-] FO : Fix html entities in order messages and threads || [-] FO : Fix html entities in order messages and threads || [-] BO : #PSCFV-2553 : fix bug html for email order_conf.htm
anymore,CartRule,8,120,451,2.67,0.07,[-] BO : fixed gift deletion when there is no products anymo || [-] BO : fixed gift deletion when there is no products anymo || // Fixed small bug which occured when you refreshed a reduct
feedback,AdminModulesController,8,123,564,2.31,0.07,"[*] BO : #PSCSX-6421 install source feedback for 'read more' || [*] BO : #PSCSX-5903 install source feedback clicking ""Insta || [*] BO : #PSCSX-6421 install source feedback for 'read more'"
fields,AdminTranslationsController,14,317,621,1.61,0.04,Subject fields issue #19288 fixed || [-] BO : fixed bug #PSCFV-5105 - Internal server error 500 o || [-] BO : fixed bug #PSCFV-5105 - Internal server error 500 o
save,AdminFeaturesController,11,236,113,4.15,0.05,"No alert displayed when we click on ""Save then add another v || [-] BO : FixBug #PSCSX-985 - Missing Save and add a new valu || [-] BO : #PSTEST-989 - Remove button ""Save and add"" on form "
options,AdminPerformanceController,11,225,167,3.65,0.05,BO: Remove deprecated performance options || // Hide technical options for hosted mode || [-] BO : Check if store is set. [-] BO : #PSCFV-2164 Added d
toolbar,AdminAttributesGroupsController,11,227,219,3.25,0.05,BO: Fix toolbar attributes/features active/desactive || [+] BO : Products page header toolbar || [-] BO : fix #PSTEST-1175 - duplicate text in toolbar in Adm
which,Shop,11,226,494,2.08,0.05,[*] Core: you can now pass a query string with php-cli which || [*] Core: you can now pass a query string with php-cli which || [-] BO : Fixed a bug which did not permitted to found a cust
entity,RequestSqlRepository,9,141,22,6.96,0.06,Update src/PrestaShopBundle/Entity/Repository/RequestSqlRepo || Update src/PrestaShopBundle/Entity/Repository/RequestSqlRepo || Update src/PrestaShopBundle/Entity/Repository/RequestSqlRepo
state,AdminStockManagementController,9,146,143,4.21,0.06,"// Stock - interfaces updated : (reason=>label, state=>statu || // Stock - interfaces updated : (reason=>label, state=>statu || // Stock - interfaces updated : (reason=>label, state=>statu"
adds,CurrencyController,18,587,87,3.92,0.03,"adds help message sidebar popup || applies new form design rendering, removes some required fie || fixes tests, adds strict types validation for ExchangeRate a"
correctly,AdminWarehousesController,9,162,171,3.8,0.06,[-] BO : the default country of shop is correctly selected b || [-] BO : the default country of shop is correctly selected b || [-] BO : the default country of shop is correctly selected b
index,Search,9,141,226,3.6,0.06,correctly index hyphens on product search || add FORCE INDEX to workaround https://bugs.mysql.com/bug.php || CO: fix save index
listing,AdminCustomersController,9,143,283,3.26,0.06,[*] BO: you can now export listing of some tabs in CSV || [*] BO: you can now export listing of some tabs in CSV || //display import button only on listing
filters,HelperList,9,161,316,2.93,0.06,[*] Bo : removed empty filters from the cookie (thus limitin || [+] BO Better filters display || [-] BO: Fix #PSCFV-5930 #PSCFV-5939 the filters are handled 
string,PaymentModule,9,156,455,2.45,0.06,Fixed PaymentModule comment regarding number string compare || Substitute inequality operator for number string comparison  || Revert PaymentModule change and pass empty string as default
state,AdminOrdersController,9,146,700,1.92,0.06,"[-] CORE : Fix #PSCFV-6197 Add new state for cod module || [*] BO : Orders current state color - fix PSCSX-1120 || [-] BO : Fix bug, orders states not ordered by order state n"
grid,ProductGridDefinitionFactory,13,364,75,4.35,0.04,Handle special case of reset button in product grid || Split bulk delete actions for each possible shop context and || Split bulk duplicate actions for each possible shop context 
commit,CartRule,13,310,451,2.0,0.04,Revert commit 2ef06077cfcbbf1df9344a155e07ea7f3d058fa2 || [-] FO : Fix incorrect cart rules list in case of country re || change back NOW() to date() (cherry picked from commit 7e870
legacy,Link,13,339,416,1.99,0.04,Remove legacy images functionality || Migrate change employee form language action for legacy page || Restore legacy controller AdminRequestSqlController for Sql 
implement,OrderController,13,324,547,1.66,0.04,implement ConfigurableFormChoiceProviderInterface interface  || Implement order internal note to back-office || Implement product quantity checking on input change
classes,Mail,17,562,194,2.74,0.03,Update classes/Mail.php || Update classes/Mail.php || Update classes/Mail.php
view,CustomerController,10,219,128,3.94,0.05,Fixed pagination in Customer - View Page || BO - Customer View page - Added alert when removing a vouche || Grid row delete confirmation modal - Customers > View > Addr
object,Mail,10,206,194,3.43,0.05,Swift_Message is an invalid object type (isName rule). || [-] TR : Mail : #PSCFV-3987 : add stripslashes for email obj || [-] TR : Mail : #PSCFV-3987 : add stripslashes for email obj
form,AdminModelAdapter,25,1262,102,3.06,0.02,CO: Return combination form on Ajax request || BO: Set all ids product attribute in the product form || // BO virtual product form : fix wording var
parameter,Link,10,218,416,2.24,0.05,"Type the parameter in the URL || Manage enabled parameter on Tab, the tabs are automatically  || Remove id_attribute parameter from product link when it is e"
displayed,OrderController,10,203,547,1.95,0.05,Add new configuration PS_ORDER_PRODUCTS_NB_PER_PAGE to defin || fix sidebar not displayed in BO order page || [BO] Order > Products : The block discounts was not displaye
path,AssetUrlGeneratorTrait,8,129,14,7.57,0.06,Allow the + sign in the url path || CO: Fix assets path when theme has the same name than PS || CO: fix path..
customization,Customization,8,140,21,6.87,0.06,"Deprecate Customization::$quantity || Removes typo in security annotation, Working customization i || Customization - improve phpdoc and constants usage"
route,CmsPageCategoryDefinitionFactory,8,137,45,5.8,0.06,"removes route params extra usage, fixes toggle status update || removes route params usage in redirect actions to edit page || removes routes param extra from submit row action, fixes rou"
repository,Repository,8,129,48,5.79,0.06,Extracted number spec building from the repository (created  || Locale repository + dependencies classes' skeleton + tests || Currency repository interface + basic implementation Also ad
query,ProductQueryBuilder,16,473,37,5.3,0.03,"Create new grid definition and query for multishop details,  || Finally debug the query for group shop context, also improve || Handle product query for multishop especially grouped stock,"
generation,HTMLTemplateOrderSlip,8,143,103,4.54,0.06,Fixed sort error after generation of credit slip just for de || [-] BO : #PSCSX-6308 refacto order slip PDF generation || [-] BO : #PSCSX-6308 refacto order slip PDF generation
usage,CmsPageController,8,143,108,4.48,0.06,"adds position column usage || adds form data provider, adds form builder and its usage - p || removes route params extra usage, fixes toggle status update"
option,AdminPPreferencesController,12,270,99,4.27,0.04,CO: Remove cart redirect option || // CORE: remove PS_DISPLAY_JQZOOM option || [*] BO : Option to set default warehouse on new products
edit,ManufacturerController,12,311,159,3.38,0.04,"Add ctas for edit pages || changes manufacturers address and manufactures edit function || Implemented ""save and preview"" and enabled in cms page creat"
entity,Customer,8,141,264,3.21,0.06, fix attachments type and entity search input ||  modify specific price entity search to support shopConstrai || [-] WS : Fix bug from 1.4 Groups for entity customers API
about,AuthController,8,135,277,3.2,0.06,"// be explicit about which template a form uses, and allow c || //bad commit for Auth controller sorry about this || //bad commit for Auth controller sorry about this"
title,HelperList,8,134,316,3.02,0.06,// Add icon and specific title to list || // Add hover to the new button // Add the avaibility to add  || // Add hover to the new button // Add the avaibility to add 
classes,Db,16,562,202,2.6,0.03,[*] Core: Add PHPDoc for Db classes || [*] Classes : table prefix is no longer required in Db::getI || [*] Classes : table prefix is no longer required in Db::getI
commit,AuthController,12,310,277,2.59,0.04,[-] Security : Remove clear password in the welcome e-mails  || // follow up https://github.com/PrestaShop/PrestaShop/commit || // follow up https://github.com/PrestaShop/PrestaShop/commit
hooks,AdminOrdersController,8,133,700,1.88,0.06,[+] BO : Added hooks to extend / override Order and Shipping || [*] Core: allow to call hooks with a different shop - useful || // Adding some hooks :)
pull,AdminImportController,8,142,693,1.8,0.06,// follow up https://github.com/PrestaShop/PrestaShop/pull/2 || // follow up https://github.com/PrestaShop/PrestaShop/pull/2 || // follow up https://github.com/PrestaShop/PrestaShop/pull/2
active,Module,8,134,884,1.54,0.06,take multishop contextes into account when checking if modul || synchronize active field with module_shop associations || Handle get active modules errors
column,OrderGridDefinitionFactory,9,176,48,5.52,0.05,POC identifier column with preview extension || removes order page specific column and related code with it  || uses link group instead of actions column - adds optional va
bugfix pscfv,AttributeGroup,9,177,57,5.26,0.05,[-] BO : BugFix : #PSCFV-3178 : Attributes are duplicated in || [-] BO : BugFix : #PSCFV-3178 : Attributes are duplicated in || [-] BO : BugFix : #PSCFV-3178 : Attributes are duplicated in
redirect,CmsPageController,9,174,108,4.36,0.05,General Exceptions in controller. Fix redirect with non-exis || change route redirect names || on cancel button click adds redirect back to its parent cate
methods,Db,9,191,202,3.32,0.05, revert transaction methods in db ||  return book on transaction methods ||  add transaction methods to db
refactoring,AdminCustomersController,9,164,283,3.06,0.05,// AdminCustomers refactoring || // AdminCustomers refactoring || // AdminCustomers refactoring
problem,AuthController,9,174,277,3.0,0.05,// fix problem about guest customer and default group id and || // fix problem about guest customer and default group id and || // fix problem about guest customer and default group id and
multiple,AdminSupplyOrdersController,9,172,311,2.85,0.05,[-] BO : FixBug Multiple list pagination error. || // Multiple bugs fix on stock interfaces during tests || // Multiple bugs fix on stock interfaces during tests
interface,AdminModulesController,9,172,564,1.99,0.05,[*] BO : New module interface tab now connected to PrestaSho || [*] BO : New module interface tab now connected to PrestaSho || [*] BO : New module interface tab now connected to PrestaSho
mode,AdminModulesController,9,174,564,1.98,0.05,"[+] BO : Display warning about active Debug Mode || [-] BO : Fix #PSCSX-6457 ""Maintenance Mode"" disappears in Mo || [-] BO : Fix #PSCSX-6457 ""Maintenance Mode"" disappears in Mo"
pscfi,AdminOrdersController,9,183,700,1.59,0.05,[-] BO : #PSCFI-5378 - Create voucher from the BO after a pr || [-] BO : #PSCFI-5378 - Create voucher from the BO after a pr || [-] BO : #PSCFI-5378 - Create voucher from the BO after a pr
import,ImportType,15,450,45,4.99,0.03,Removes the placeholder for the import form on advanced para || Update src/PrestaShopBundle/Form/Admin/Configure/AdvancedPar || Update src/PrestaShopBundle/Form/Admin/Configure/AdvancedPar
classes,Autoload,15,562,91,3.66,0.03,"// store type of classes on autoload class_index || [-] Classes : Autoload, bug fix || [-] Classes : Autoload, bug fix"
command,ProductFormDataProvider,15,442,159,3.2,0.03,"Handle javascript for new UX of feature management, also nee || Handle multishop integration of the customization command in || Adapt provider and command builder to new tax rule data stru"
src,GetStoreHandler,11,304,19,6.35,0.04,Update src/Adapter/Store/QueryHandler/GetStoreHandler.php || Update src/Adapter/Store/QueryHandler/GetStoreHandler.php || Update src/Adapter/Store/QueryHandler/GetStoreHandler.php
values,Configuration,11,260,223,3.03,0.04,do not cast null values into integer for shop ids || do not cast null values into integer for shop ids || use values from ShopConstraint in deleteFromContext method
warning,Carrier,11,290,241,2.76,0.04,[-] FO : Fix warning if combinations are disabled || [-] FO : Fix warning if combinations are disabled || [-] CORE: Warning on getAvailableCarrierList
filter,HelperList,11,261,316,2.52,0.04,"[-] BO : fixed BO filter with empty() values || [-] BO : Fix bug to check filter values || [-] BO : FixBug #PSCFV-8311 pagination, filter and order wit"
validation,ObjectModel,11,263,440,2.03,0.04,"Improve CartRule name validation, the only required lovalize || Add new Validate::isRequiredOnline validation method, also i || Remove deprecated object model validation"
deprecated,Order,11,262,468,1.95,0.04,Removed deprecated methods in Order class || Order::$total_paid_real is not deprecated and used in the ne || [-] BO : #PSCFV-3036 : fix bug and fix notice and fix deprec
context,ShopContextListener,14,482,28,5.48,0.03,Handle special parameter shopIds in API shop context listene || fix: check if legacy context force multishop mode || Persist multi shop context in Symfony token attribute instea
data,CombinationFormDataProvider,14,478,37,5.09,0.03,Handle orders data placeholders in the form type thus allowi || Handle default combination data || Integrate product data in hidden inputs
handle,ProductGridDefinitionFactory,14,545,75,3.88,0.03,Handle special case of reset button in product grid || Correctly handle toggle column in single shop context || Handle duplicate row action in every shop context
class,Hook,21,880,347,1.56,0.02,Add comments to hook class || Add prod mode safe catch in legacy Hook class as well || Change self to static in Hook class
related,DescriptionType,8,175,28,6.13,0.05, make SearchProductType reusable with options and reuse in p || Manually set the block prefix to use custom layout for relat || Limit search length and filter product from page in related 
options,OptionsType,10,225,32,5.9,0.04,Move condition fields from options tab to the specification  || Move attachments from options to specifications tab || move suppliers into options form type
form,ProductFormType,20,1262,38,4.16,0.02,Adapt twig templates to new form structure || Integrate form options provider into product form || Change product categories form structure
status,AdminStatusesController,10,223,117,4.04,0.04,[29152] Fix update order status settings with readonly user || Check if an order status has the same name in Add/Edit || [+] BO: Set for each order status if invoice / delivery-slip
behat,AddProductToOrderHandler,8,174,128,3.95,0.05,"Add behat tests with carrier that depends on price, and clea || apply necessary fixes spoted by behat tests || Add behat tests with carrier that depends on price, and clea"
show,AdminGroupsController,8,151,162,3.81,0.05,BO: fixed show price display || // Clear cache if show price configuration change || [-] BO : BugFix : #PSCFV-2343 : Group discount does not show
mode,AdminPerformanceController,8,174,167,3.56,0.05,[-] Security : Fixes PSCSX-4841 Usage of ECB mode || [*] CORE : Enable debug mode from BO || [-] Security : Fixes PSCSX-4841 Usage of ECB mode
multiple,Mail,8,172,194,3.36,0.05,FO: Fix send to multiple addresses with different names || FO: Fix send to multiple addresses with different names || CO: Add missing option to bcc multiple addresses
pscsx,HTMLTemplateOrderSlip,20,1102,103,2.92,0.02,"[-] BO : Fix incorrect shipping taxes in order slips (PSCSX- || [-] BO : Fix incorrect shipping taxes in order slips (PSCSX- || [-] CORE : Fix #PSCSX-6755, Notice: Undefined variable: deli"
header,Controller,8,155,304,2.87,0.05,[*] Core Controllers : Determine ajaxness based on Accept he || [*] BO : you can noww override header and footer for each co || // yet another display fix for new display header/footer
refactoring,HelperList,8,164,316,2.73,0.05,CO: refactoring HelperList.php with kernel || // PI-116 - attribute default refactoring || // PI-116 - attribute default refactoring
template,AdminSupplyOrdersController,10,232,311,2.57,0.04,[-] BO : FixBug #PSCSX-948 - Fix new supply orders template  || // Improved Supply Orders threshold when creating a template || // Improved Supply Orders threshold when creating a template
call,Hook,10,278,347,2.15,0.04,"Revert ""Add missing actionSubmitAccountBefore call and fix H || CO : moving the call to the function renderwidget. || [*] Core: allow to call hooks with a different shop - useful"
bulk,AdminCategoriesController,10,274,368,2.09,0.04,[+] BO : Added bulk change order status || [+] BO : Catalog Bulk actions || [-] BO : fixed bug #PSCFV-5230 - Employees skip permits on b
redirect,OrderController,8,174,547,1.85,0.05,"Add redirect with notifications || check file exist, and redirect in case of error message || FO: Redirect to cart if minimum required not reached"
notice,AdminTranslationsController,8,161,621,1.78,0.05,Fix notice in admin email translation || BO: remove warning notice || BO: remove warning notice
notice,AdminOrdersController,8,161,700,1.61,0.05,// Fix PHP Notice || // Fix PHP Notice || [-] BO : #PSCFV-3036 : fix bug and fix notice and fix deprec
correctly,AdminOrdersController,8,162,700,1.6,0.05,BO: add correctly the free_shipping cart_rule to an order fr || BO: add API_KEY in OrdersController to display correctly the || // fix calculation  issue on product addition // all element
small,AdminHomeController,19,962,175,2.28,0.02,// small change on optimization tips for smarty || // Fix small bug || // Fix small bug
grid,OutstandingGridDefinitionFactory,12,364,26,5.77,0.03,Change outstanding grid PDF generation route || Fix outstanding grid invoice field route || Add default value for outstanding grid risk column
api,AddonsDataProvider,9,229,35,5.59,0.04,"Removed PrestaShop API Call (module_download) || Removed PrestaShop API Call (check_module) || Remove PrestaShop API Calls (native, native_all, customer, m"
return,OrderFollowController,12,413,26,5.59,0.03,Simplify the order return feature by removing customization  || Return 404 if return merchandise is disabed || Add missing breadcrumb links in order pages: confirmation/re
grid,GridPresenter,12,364,34,5.38,0.03,Grid position column can be filtered out if a specified filt || Update src/Core/Grid/Presenter/GridPresenter.php || Allow drag-and-drop for all sorting orders for grid
configuration,GeneralConfiguration,12,391,42,4.97,0.03,Dynamically update the remember framework configuration base || fix(breadcrumb): updated backoffice configuration for defaul || feat(breadcrumb): added backoffice configuration for default
displayed,SupplyOrder,9,203,63,4.92,0.04,// Fixed #PSCFV-44 : Wrong product references were displayed || // Fixed #PSCFV-44 : Wrong product references were displayed || // Fixed #PSCFV-44 : Wrong product references were displayed
duplicate,ProductDuplicator,9,233,61,4.77,0.04,"Duplicate specific price priorities || Refacto duplicate features and add behat tests || Refact duplicate cariers, and handle multi shop duplication "
norm,AdminWarehousesController,9,202,171,3.48,0.04,// norm & translations || // norm & translations || // norm & translations
service,AdminCustomerThreadsController,9,232,154,3.44,0.04,[-] BO : FixBug #PSCSX-1561 - Customer service order || [-] BO : fixed bug #PSCFV-11266 - Customer service Forward t || [*] BO : Added Customer Service KPIs
status,OrderHistory,9,223,215,3.01,0.04,Fix quantity misadjustment on status change from Canceled to || Provide modules information about old order status || [-] Adv Stocks Mngmt bug when creating order directly in shi
link,AdminHomeController,12,389,175,2.92,0.03,[-] BO: correct link in Block Discover. || [-] BO : fixed wrong link on AdminHome #PSCFV-3614 || [-] BO : fixed wrong link on AdminHome #PSCFV-3614
query,Db,12,473,202,2.43,0.03,"Improvements to profiling: display order of query execution, || - avoid useless preg_match if the query is already in the ca || // rtrim ; on Db::getRow() / Db::getValue() in order to be s"
which,Language,9,226,336,2.35,0.04,"Improve TranslatorLanguageLoader so that catalogue is loaded || Allow to specify which flag to use via ""flag"" parameter || Fix DocumentationLinkProvider service definition which crash"
default,AdminShopController,18,726,263,2.02,0.02,// This is now not possible to delete default shop || // This is now not possible to delete default shop || // This is now not possible to delete default shop
parameter,Order,9,218,468,1.92,0.04,Coding style fixed with php-cs-fixer fix To fix issue #9694  || Comments removed from function call. To fix issue #9694 (whe || To fix issue #9694 (when the shipping cost gets free if the 
file,Language,12,435,336,1.82,0.03,Move i18n.prestashop.net into https and remove unwanted file || Move RTL CSS file generation into the core || // Removed deprecated file
pscsx,AdminPerformanceController,17,1102,167,1.99,0.02,[-] Security : Fixes PSCSX-4841 Usage of ECB mode || [-] Security : Fixes PSCSX-4841 Usage of ECB mode || [-] BO : Fix memcached test (PSCSX-6348)
link,AdminCustomerThreadsController,11,389,154,2.98,0.03,"Fwd: Customer message link is incorrect || Fix product link || Revert ""Fix product link"""
create,AuthController,11,410,277,2.06,0.03,"//Create account (guest or not) on checkout || [-] FO : Fix bug #PSCFV-12066, Cart carrier not updated corr || Newsletter field is always shown in create account form even"
wording,AdminCustomersController,11,421,283,1.99,0.03,"Revert ""Harmonization of  wording for 'cannot' spelling"" || FO: wording harmonization for 'cannot' spelling || FO: wording harmonization for 'cannot' spelling"
access,QuickAccess,8,187,24,6.26,0.04,Homegenize quick access generation via a dedicated service Q || Fix legacy quick access and improve the ones for Symfony at  || Fix quick access when no tab is found
provider,CombinationFormDataProvider,8,214,37,5.44,0.04,Handle orders data placeholders in the form type thus allowi || Adapt combination data provider and builder to the new form  ||  adjust data provider test
actions,ProductGridDefinitionFactory,8,204,75,4.49,0.04,Split bulk delete actions for each possible shop context and || Split bulk duplicate actions for each possible shop context  || Split bulk toggle actions for each possible shop context and
override,HTMLTemplate,8,199,110,3.97,0.04,"// Fix template override for HTMLTemplate || [-] CORE: Fix bug #PSCSX-4652, bad override of pdf template || // PDF override"
options,HelperOptions,8,225,98,3.96,0.04,BO: Added possibility to use tinyMCE in BackOffice options t || // Unify thumb param in files options || // Fix price and required display for options
name,AdminLoginController,16,647,179,2.57,0.02,Make admin directory folder name longer || Wrong name in Reset after || // admin folder name
parameter,HelperList,8,218,316,2.32,0.04,// HelperList : remove id_category parameter when useless || // HelperList : remove id_category parameter when useless || // HelperList : remove id_category parameter when useless
display,ParentOrderController,16,787,196,2.16,0.02,[*] BO: Add an option to choose how many decimals to display || [-] FO : Fix bug #PSCSX-255 cart rule free carrier should af || [-] FO : restored the display of available cart rules in the
name,Hook,16,647,347,1.61,0.02,"Fix wrong hook alias in database (canonical name should be "" || When creating a hook that doesn't exist in DB, make sure we  || Test canonical hook name first, then alias (instead of the o"
edit,SpecificPriceController,10,311,60,4.52,0.03,"Remove vue component, handle edit modal and fix controller r ||  indentify submission and close modal after edit and create  ||  open edit form on edit click"
now,SupplyOrder,15,999,63,3.36,0.02,// Fixed #PSTEST-450 : number of digits displayed for prices || // Fixed #PSTEST-450 : number of digits displayed for prices || // Fixed #PSTEST-450 : number of digits displayed for prices
warning,AdminHomeController,10,290,175,3.08,0.03,[-] BO : fixed domain warning || // Fixed // Fixed potential warning on homepage #PSCFV-3687 || // Fixed // Fixed potential warning on homepage #PSCFV-3687
function,Mail,10,341,194,2.7,0.03,"Remove each function calls, and use the appropriate variant  || [-] BO : Check if function mb_encode_mimeheader exist in cas || [-] Core: Fix Swift and TCPDF for hosting which disallow get"
small,Context,15,962,165,2.02,0.02,// Small optimization || //small fix in Context::getMobileDevice() || //small fix in Context::getMobileDevice()
delete,AdminStatusesController,14,568,117,3.18,0.02,Fix OrderReturnState should not use soft delete || Fix OrderReturnState should not use soft delete || use ObjectModel's soft delete method
display,AdminHomeController,14,787,175,2.13,0.02,[-] BO: Admin Home do not display quick links when access is || [-] BO: Admin Home do not display quick links when access is || [-] BO: Admin Home do not display quick links when access is
src,RequestSqlRepository,9,304,22,5.85,0.03,Update src/PrestaShopBundle/Entity/Repository/RequestSqlRepo || Update src/PrestaShopBundle/Entity/Repository/RequestSqlRepo || Update src/PrestaShopBundle/Entity/Repository/RequestSqlRepo
legacy,LegacyController,9,339,20,5.83,0.03,Adapt access controler and LegacyController to allow anonymo || Add dedicated access denied page and improve permission chec || Use new route checker service for better matching of the spe
validation,ProductValidator,9,263,35,5.39,0.03,Improve validation of unit price || Validation rule that minimum data is required to set a produ ||  fix Combination quantity validation
src,ProductQueryBuilder,9,304,37,5.1,0.03,Update src/Core/Grid/Query/ProductQueryBuilder.php || Update src/Core/Grid/Query/ProductQueryBuilder.php || Update src/Core/Grid/Query/ProductQueryBuilder.php
useless,Manufacturer,9,264,105,3.8,0.03,// Removed useless bit of code (retrieval of the manufacture || // Removed useless bit of code (retrieval of the manufacture || // Removed useless bit of code (retrieval of the manufacture
option,AdminImagesController,9,270,164,3.13,0.03,[-] BO : Fix bug #PSCSX-5364 - Missing retina option || [*] BO: updating option labels et descriptions for AdminImag || [*] BO: updating option labels et descriptions for AdminImag
errors,Controller,9,259,304,2.3,0.03,PHP 8.2 : Fixed PHPStan errors || Add deprecations comments and trigger deprecation errors || // fix PSCSX-81 - handle errors in a modal container (it sho
commit,Controller,9,310,304,2.04,0.03,// follow up https://github.com/PrestaShop/PrestaShop/commit || // revert from merge https://github.com/PrestaShop/PrestaSho || // follow up https://github.com/PrestaShop/PrestaShop/commit
changed,ObjectModel,9,268,440,1.71,0.03,[*] BO : Changed the default list view for products and cate || [*] BO : Changed the default list view for products and cate || [*] BO : Changed the default list view for products and cate
list,AdminFeaturesController,13,735,113,2.75,0.02,[*] BO : List actions - delete moved bottom (added a divider || // Fix list title || // Fix features list filters and sort
type,ProductFormDataProvider,13,556,159,2.66,0.02,"Handle javascript for new UX of feature management, also nee || Handle orders data placeholders in the form type thus allowi || Integrate inital product type in the form, which allows more"
default,ProductFormDataProvider,13,726,159,2.27,0.02, do not allow removing last category as well as default || Integrate out_of_stock_type field in combinations tab and pr || Simplify product form data provider default data
request,RequestSqlGridDefinitionFactory,8,245,27,5.7,0.03,Use DELETE verb for SQL Request deletion || fix request sql filters || update request sql definition with redirect url
bulk,EmployeeGridDefinitionFactory,8,274,48,4.71,0.03,Fix bulk action for deleting sessions || Bulk actions for employees sessions || Grid bulk delete confirmation modal - Advanced Parameters > 
handle,ProductStockUpdater,12,545,53,4.16,0.02,Handle new ShopCollection for combinations and a few other m || Handle UpdateProductStockAvailableCommand with new shop cons || Handle Combination StockAvailable for group sharing stock
errors,AdminCmsController,8,259,91,3.87,0.03,[-] BO: fixed lots of UI bugs in CMS: - no more id_category  || [-] BO: fixed lots of UI bugs in CMS: - no more id_category  || [-] BO : #PSCFV-2286 : Added errors message when the CMS for
option,AdminStoresController,8,270,98,3.7,0.03,BO: Change stores controller option from 'Status' to 'Active || [-] BO : Fix bug #PSCSX-5364 - Missing retina option || [*] BO: updating option labels et descriptions for AdminStor
filter,AdminGroupsController,8,261,162,3.02,0.03,"[-] BO : Fix #PSCSX-4272 Groups customers list does not filt || [-] BO : Fix bug #PSCSX-3341, #PSCSX-3460, group pagination  || [-] BO : FixBug #PSCSX-742 can't filter by active option on "
name,HTMLTemplate,12,647,110,2.86,0.02,"// No more theme directory, only rely on theme name There is || [-] BO: Fix #PSCFV-7851 - shop logo and name should depend o || [-] BO: Fix #PSCFV-7851 - shop logo and name should depend o"
display,AdminSpecificPriceRuleController,12,787,92,2.83,0.02,Catalog rules: don't display the shop column if there is onl || CO: Fix bad display manufacturer when multishop || [-] BO: Fix display of attribute list on adminspecificpricer
default,LocalizationPack,12,726,120,2.56,0.02,"BO : manage default currency if another one was defined, add || [-] Installer: Install default data on all languages install || [-] Installer: Install default data on all languages install"
bulk,AdminAttributesGroupsController,8,274,219,2.52,0.03,"[-] BO : Fix #PSCSX-6804, could not bulk delete attributes || [+] BO : Catalog Bulk actions || [-] BO : fix attributes bulk deletion"
deprecated,Hook,8,262,347,1.92,0.03,Remove deprecated ajaxDie method and deprecated hooks || Trigger a deprecated when using a hook alias || CO: Log deprecated hooks (list to be filled)
type,ProductFormType,11,556,38,4.48,0.02,"Create form type for footer and integrate it in the form, al || move suppliers into options form type || Restructure options form type"
check,DbMySQLi,11,593,55,3.86,0.02,checkSelectPrivilege must check privileges for both InnoDB a || Check Select Privilege in the Install Process || Check create privilege for InnoDB and MyISAM
delete,ProductGridDefinitionFactory,10,568,75,3.33,0.02,Change translation key when enable/disable/delete product ||  rename delete action for all shops || Fix delete route params
pscfv,OrderReturn,19,3384,45,2.42,0.01,// Made order message checks more flexible #PSCFV-8123 || // Made order message checks more flexible #PSCFV-8123 || [-] FO: Fix #PSCFV-7530 bad quantity returned displayed on o
wording,ProductQuantity,9,421,32,4.84,0.02,"Improve wording of pack quantities || BO: low stock alert: fix display, wording, and bulk action || BO: wording review"
type,ProductTypeListener,9,556,26,4.74,0.02,"Clean product type listener and fix tests || Integrate inital product type in the form, which allows more || Update type listener to handle new ecotax fields names"
check,MySQL,9,593,49,3.73,0.02,[*] IN : the installer now check the auto increment configur || [-] Classes : Db classe fixed (check InnoDB support MySQL >= || [-] Installer: check create table privileges
delete,AdminFeaturesController,9,568,113,2.59,0.02,[*] BO : List actions - delete moved bottom (added a divider || // delete ajax_send_mail_test.php || // delete ajax_send_mail_test.php
data,Currency,9,478,170,2.25,0.02,Avoid bug when display names of a currency are empty which h || Avoid bug when display names of a currency are empty which h || Use language_code when locale is empty to get CLDR data
create,AdminSupplyOrdersController,9,410,311,1.6,0.02,// AdminSupplyOrdersController: added confirm message before || // AdminSupplyOrdersController: added confirm message before || // AdminSupplyOrdersController: added confirm message before
implement,NewsDataProvider,8,324,9,6.88,0.02,Implement Circuit Breaker for fetching blog news (Feedback Q || Implement Circuit Breaker for fetching blog news (Feedback Q || Implement Circuit Breaker for fetching blog news (Code Revie
review,CountryController,8,404,21,5.34,0.02,review fixes || code review improvments || code review changes
fixer,CancelOrderProductHandler,8,463,42,4.14,0.02,cs fixer || cs fixer || cs fixer
implement,EmployeeController,8,324,71,3.9,0.02,Implement shop association validation || Implement superadmin edit form access checking || Implement employee edit data handling
wording,AdminSearchConfController,8,421,70,3.54,0.02,Fix wording search conf || improve some wording for Admin.Shopparameters.Help || MOD wording
value,Attribute,8,438,74,3.41,0.02,[-] BO : FixBug #PSCSX-832 Add id attribute group to value r || [-] BO : FixBug #PSCSX-278 duplicate attribute value || [-] BO : #PSCFV-2473 - Fix bug with attribute value and shop
exception,CurrencyController,8,406,87,3.28,0.02,Fixed problem with inputing invalid iso code causing an exce || Update appropriate wording in Exception when bulk action is  || Improve currency controller exception messages
fixer,CurrencyController,8,463,87,3.09,0.02, apply cs fixer || CS Fixer fix || CS fixer
field,AdminCustomersController,8,359,283,1.76,0.02,[*] BO : #PSCFV-3831 : check each field which are required i || [*] BO : #PSCFV-3831 : check each field which are required i || [*] BO : #PSCFV-3831 : check each field which are required i
review,ModuleController,8,404,266,1.68,0.02,CO: Fix undefined array key after code review || CO: Code review || CO: Code review regarding PrestaTrust
code,Manufacturer,13,984,105,2.43,0.01,"[*] FO : Code cleaning, optimizations, new callstack availab || // Removed useless bit of code (retrieval of the manufacture || // Removed useless bit of code (retrieval of the manufacture"
small,AdminPreferencesController,12,962,79,2.76,0.01,// Small fix || // Small fix || // Host Mode Small Fix
code,ReleaseCreator,10,984,49,3.16,0.01,"Code clean || Code refacto || CO: Code refacto, add options to not zip the release, not ad"
method,UpdateProductInOrderHandler,10,782,70,2.97,0.01,remove Number prices from updateOrderDetailsWithSameProduct  || remove combinationId from updateOrderDetailsWithSameProduct  || call order detail update method before order udpate
code,AdminGroupShopController,9,984,55,2.84,0.01,// code review of AdminGroupShop - norms || // code review of AdminGroupShop - norms || // code review of AdminGroupShop - norms
method,AbstractOrderHandler,8,782,61,2.85,0.01,"Fix specific price exitence method, it was overriding the Pr || remove Number prices from updateOrderDetailsWithSameProduct  || remove combinationId from updateOrderDetailsWithSameProduct "
