id_issue,url_issue,url_pr,commit_avant,commit_correctif,date_correctif,fichiers_touches,zone,parcours_repro,difficulte_estimee,pr,branche,fonctions,nb_fonctions,lignes,titre_ticket,titre_pr
12835,https://github.com/PrestaShop/PrestaShop/issues/12835,https://github.com/PrestaShop/PrestaShop/pull/14450,2e0fa720dd4a25c12213607b66212ba220355e49,a9722769efa7efe01ced84482c80097bcdb27e30,2019-07-03,src/PrestaShopBundle/Entity/Repository/LogRepository.php,BO,bo,facile,14450,develop,LogRepository::buildGridQuery,1,15,We can make Logs page fail with a bad URL,Whitelist filters for the Logs Page
14790,https://github.com/PrestaShop/PrestaShop/issues/14790,https://github.com/PrestaShop/PrestaShop/pull/15030,c2bd5e0f0b0d0ba2330b3ff3e828e8193223ed9f,3554e00c29f9824f0504c27a59ff89f310de8004,2019-08-12,src/Adapter/Form/ChoiceProvider/CategoryTreeChoiceProvider.php|src/PrestaShopBundle/Resources/config/services/adapter/form.yml,BO,bo,moyen,15030,1.7.6.x,CategoryTreeChoiceProvider|CategoryTreeChoiceProvider::__construct|CategoryTreeChoiceProvider::getChoices|(yml),4,14,"1.7.6.0 BO: A disabled category is not displayed in the ""Parent category"" section",Get all categories in category tree form (not only enabled ones)
9763,https://github.com/PrestaShop/PrestaShop/issues/9763,https://github.com/PrestaShop/PrestaShop/pull/14727,d3b0eb8c920d0e58c4f7cc158f8241bbbbb4ea99,80c47c42328762adc9e290c86fda1e3b5d15f894,2019-08-20,classes/form/AbstractForm.php,FO,fo,facile,14727,develop,AbstractFormCore::render,1,6,[BOOM-4673] Shopping cart multi-store,Fix compile id {render} override issue on theme
16163,https://github.com/PrestaShop/PrestaShop/issues/16163,https://github.com/PrestaShop/PrestaShop/pull/15100,0db8a98f3fdde225f5e1f0e80a372d4527c2d42a,074e26f638244529082e4d60e77538d60116712f,2020-03-26,controllers/front/ProductController.php,FO,fo,facile,15100,develop,ProductControllerCore::assignPriceAndTax,1,2,"If a discount from one unit is created, discounts on subsequent quantities will always include a discount of the first one unit",Change the way to get the price without discounts
18740,https://github.com/PrestaShop/PrestaShop/issues/18740,https://github.com/PrestaShop/PrestaShop/pull/18697,26e8cc5acc381bd583004b282a6d7c40bac4923d,2eac77506c0a1b3b85e260eba1e716573ac491de,2020-04-28,classes/Address.php,BO,bo,facile,18697,1.7.7.x,AddressCore::validateField,1,2,Fix error when updating a used address with no DNI,Fix error when updating a used address with no DNI
17871,https://github.com/PrestaShop/PrestaShop/issues/17871,https://github.com/PrestaShop/PrestaShop/pull/19580,de5152af8072c084b85abfd4868a7370ea944e9b,6ada74deb5bff8ad1fffb23fddab6c818fa347bf,2020-06-08,admin-dev/themes/new-theme/js/pages/module/controller.js|src/PrestaShopBundle/Controller/Admin/Improve/ModuleController.php|src/PrestaShopBundle/Resources/views/Admin/Module/Includes/see_more.html.twig|src/PrestaShopBundle/Resources/views/Admin/Module/manage.html.twig,BO,bo,difficile,19580,develop,constructor|initBOEventRegistering|onModuleDisabled|updateModuleContainerDisplay|checkTag|switchSortingDisplayTo|initializeSeeMore|updateTotalResults|replaceFirstWordBy|selectorToToggle|ModuleController|ModuleController::manageAction|(twig),13,118,The list of modules to update only display 6 modules max,Remove pagination on Modules to update List
20372,https://github.com/PrestaShop/PrestaShop/issues/20372,https://github.com/PrestaShop/PrestaShop/pull/20381,d3f380954a16dcd98e2a55a057f415e148676033,1aedb58cecdcb29d0a82fcd1c6f95d1a07a3721a,2020-08-14,src/PrestaShopBundle/Controller/Admin/Configure/ShopParameters/OrderStateController.php|src/PrestaShopBundle/Controller/Admin/FrameworkBundleAdminController.php,BO,bo,moyen,20381,develop,OrderStateController::indexAction|(hors fonction)|FrameworkBundleAdminController::getErrorMessageForException|FrameworkBundleAdminController::buildFiltersParamsByRequest,4,24,[BO LinkWidget Page] - Error displayed in page,Order return states grid - Remove unnecessary filters merge
21633,https://github.com/PrestaShop/PrestaShop/issues/21633,https://github.com/PrestaShop/PrestaShop/pull/23177,1ca762c92754cf0838507600be6bbd3136f78c4e,c65ee849d926fe2c1adba46d31c26abb21c3e689,2021-02-10,admin-dev/themes/default/js/bundle/product/form.js,BO,bo,facile,23177,develop,add,1,1,[BO][Products][Product customization] checkbox replace switch only after saving,Init switches when adding new customization on product page
23255,https://github.com/PrestaShop/PrestaShop/issues/23255,https://github.com/PrestaShop/PrestaShop/pull/23283,f2ca4ce306a7e52c18ad89fb0c1cbe1ec993ba7f,b977812c04549799a82e178328d0ac52ef920ccf,2021-02-17,admin-dev/themes/new-theme/scss/components/_tinymce.scss,BO,bo,facile,23283,develop,(scss),1,1,css bug when trying to write dimensions in an image or video (product description),Fix textbox not clickable of tinymce because of z-index
23278,https://github.com/PrestaShop/PrestaShop/issues/23278,https://github.com/PrestaShop/PrestaShop/pull/23289,bb8fe4c694bd891a3ce7a3889313d2c0715c8514,3d4817d70040329045e5b6370ed62558cb28d091,2021-02-18,src/Adapter/Supplier/QueryHandler/GetSupplierForViewingHandler.php|src/PrestaShopBundle/Resources/config/services/adapter/supplier.yml,BO,fo+bo,moyen,23289,1.7.7.x,(hors fonction)|GetSupplierForViewingHandler|GetSupplierForViewingHandler::__construct|GetSupplierForViewingHandler::getSupplierProducts|(yml),5,28,[Autoupgrade] - Cannot view suppliers after an upgrade from PS16 to PS177,Use default currency when supplier currency setting is incorrect
22870,https://github.com/PrestaShop/PrestaShop/issues/22870,https://github.com/PrestaShop/PrestaShop/pull/23142,69ee6fadb9840aa1f5cb338089b08f537242ee6e,fc1e17c3daf69bb758a7085fb5f796ab289083e0,2021-02-24,classes/order/OrderState.php|controllers/admin/AdminStatusesController.php,BO,bo,moyen,23142,1.7.7.x,OrderStateCore::isRemovable|AdminStatusesControllerCore::postProcess,2,43,Having two order states with the same name makes status name disappear in order list after order validation,Prevent setting duplicate order status names
23423,https://github.com/PrestaShop/PrestaShop/issues/23423,https://github.com/PrestaShop/PrestaShop/pull/23425,6707856217eeb459c42278e23cc53063869b3067,fa6f2d0a1fcb02917fd789ee30b10cf848969ee0,2021-03-01,controllers/admin/AdminFeaturesController.php,BO,bo,facile,23425,develop,AdminFeaturesControllerCore::initToolbarTitle,1,2,[BO] - Warning displayed on Feature value page,Additional checks for var existence in Admin Features controller
23403,https://github.com/PrestaShop/PrestaShop/issues/23403,https://github.com/PrestaShop/PrestaShop/pull/23407,fa6f2d0a1fcb02917fd789ee30b10cf848969ee0,9022703f938c611fef1ca0344d9c484a95ba96d8,2021-03-01,classes/helper/HelperList.php,BO,fo+bo,facile,23407,develop,HelperListCore::displayListHeader,1,4,[BO] Exception displayed on Alert on Cart rules page,Helperlist optimization
23402,https://github.com/PrestaShop/PrestaShop/issues/23402,https://github.com/PrestaShop/PrestaShop/pull/23406,a86917c58ceb0d76d5b05a3226b797693058fb60,c3db70485038dc8a959ca39c924b485c9d1b6b67,2021-03-02,classes/Product.php,FO,fo,facile,23406,develop,ProductCore::_getProductIdByDate,1,2,[FO] Can't access Prices Drop page,Check if id_country exists before using the result of the array
23372,https://github.com/PrestaShop/PrestaShop/issues/23372,https://github.com/PrestaShop/PrestaShop/pull/23388,50d9436ff0eee6e529e1628823a6bd422f5fab4b,3469a2acb3793dbc6ca82ec23bf5240da20c132c,2021-03-02,themes/classic/_dev/css/components/featuredproducts.scss|themes/classic/templates/catalog/_partials/miniatures/product.tpl,FO,fo,moyen,23388,1.7.7.x,(scss)|(tpl),2,14,Products not centered in home with default theme,Fix products not centered on home and search pages with classic theme
23233,https://github.com/PrestaShop/PrestaShop/issues/23233,https://github.com/PrestaShop/PrestaShop/pull/23234,c3db70485038dc8a959ca39c924b485c9d1b6b67,4c30e276caeee040b95a853b95ad5111deac2c8f,2021-03-02,src/PrestaShopBundle/Translation/Exporter/ThemeExporter.php|src/PrestaShopBundle/Translation/Provider/ThemeProvider.php,BO,bo,facile,23234,develop,ThemeExporter::getCatalogueExtractedFromTemplates|ThemeProvider::getThemeCatalogue,2,4,BO - Translations page - An exception s displayed when we try to export a language,Translations - ThemeExporter : Use array of directories when getting catalog
23437,https://github.com/PrestaShop/PrestaShop/issues/23437,https://github.com/PrestaShop/PrestaShop/pull/23443,8bef9b89a3e37a51b37b04299704e976343776c7,3c373d2f43269f5fc1d3a1392f91defaaf4b8c98,2021-03-04,src/PrestaShopBundle/Service/TranslationService.php,BO,bo,facile,23443,develop,TranslationService::saveTranslationMessage,1,23,Trouble to translate multiple occurence of the same string in the same domain,Fixed save of translation message
23400,https://github.com/PrestaShop/PrestaShop/issues/23400,https://github.com/PrestaShop/PrestaShop/pull/23405,3c373d2f43269f5fc1d3a1392f91defaaf4b8c98,76db02ee8ccdd14909f3349ce44f43ff1fee36c0,2021-03-04,classes/Customer.php,BO,bo,facile,23405,develop,CustomerCore::getStats,1,4,[BO] Error in create new customer in order page,Make sure array are correctly filled in Customer class
23540,https://github.com/PrestaShop/PrestaShop/issues/23540,https://github.com/PrestaShop/PrestaShop/pull/23541,b2778ab3ab1c8bd1d53a259d9d67eca360531984,62fa4589bfc1cbafafb2214bc0b824e0a3d04cb0,2021-03-08,admin-dev/themes/default/template/controllers/cart_rules/product_rule_itemlist.tpl,BO,fo+bo,facile,23541,develop,(tpl),1,4,BO / Cart rule / titles not neutralized ,BO / Cart rule / neutralize titles
23523,https://github.com/PrestaShop/PrestaShop/issues/23523,https://github.com/PrestaShop/PrestaShop/pull/23525,cbe9887f276a3bf8c5c48d0080de1713a4532578,07c83c4d6efd259641609784e062d41fd8e70675,2021-03-09,classes/Customer.php|classes/Tab.php|classes/controller/AdminController.php,FO,fo,moyen,23525,develop,CustomerCore::getCurrentCountry|TabCore::recursiveTab|AdminControllerCore::initBreadcrumbs,3,6,FO - Product page - An exception is displayed in the product page ,Problem with PHP7.4 with Customer::getCurrentCountry and Tab management
23397,https://github.com/PrestaShop/PrestaShop/issues/23397,https://github.com/PrestaShop/PrestaShop/pull/23499,3363b76e559f593fc3c0f31a9455d744c45239d5,5d22ea86bbe597ea4ffa72312897f687887d4f8f,2021-03-09,admin-dev/themes/new-theme/js/pages/order/create/product-manager.js,BO,fo+bo,moyen,23499,develop,initListeners|search|selectProduct|getProductData|updateStock,5,47,[BO] Can't create Order,Fix renderStock signature changed on 1.7.7 on create order page
22801,https://github.com/PrestaShop/PrestaShop/issues/22801,https://github.com/PrestaShop/PrestaShop/pull/23483,e3728749b20b98d5b0ba879f61f7d9c8cd3d9a37,cbe9887f276a3bf8c5c48d0080de1713a4532578,2021-03-09,admin-dev/themes/new-theme/scss/pages/_payment.scss|src/PrestaShopBundle/Resources/views/Admin/Improve/Payment/PaymentMethods/payment_methods.html.twig,BO,bo,difficile,23483,develop,(scss)|(twig),2,56,Payment mode needs some adjusts on mobile view,Fix payment module list responsive in the BO
23168,https://github.com/PrestaShop/PrestaShop/issues/23168,https://github.com/PrestaShop/PrestaShop/pull/23169,58a2fff5ad29a2e1e274fb96cb9c08eaaa90ab8c,3363b76e559f593fc3c0f31a9455d744c45239d5,2021-03-09,classes/CMSCategory.php,FO,fo,facile,23169,develop,CMSCategoryCore::getRecurseCategory|CMSCategoryCore::getSubCategories,2,6,CMS pages are not orders properly in sitemap,Fixes issue with cms category ordering in sitemap
23376,https://github.com/PrestaShop/PrestaShop/issues/23376,https://github.com/PrestaShop/PrestaShop/pull/23584,c2d12ce0acd8cdab680cc67451af3854a87af75a,cbfd2398fb02bf75370da49325e2be88da483098,2021-03-16,controllers/admin/AdminCartRulesController.php,BO,fo+bo,facile,23584,1.7.7.x,AdminCartRulesControllerCore::searchProducts,1,8,Cart rule exception in multistore when product not available for default store,Fix error when opening a cart rule containing a gift product that is not enabled in that store context
23265,https://github.com/PrestaShop/PrestaShop/issues/23265,https://github.com/PrestaShop/PrestaShop/pull/23601,cbfd2398fb02bf75370da49325e2be88da483098,204a860a610dae234d38d9811e23a27d94edee1d,2021-03-17,admin-dev/themes/new-theme/js/pages/order/view/order-prices-refresher.js|admin-dev/themes/new-theme/public/order_view.bundle.js|src/Adapter/Order/OrderProductQuantityUpdater.php|tests/Integration/Behaviour/Features/Scenario/Order/order_from_bo.feature,BO,fo+bo,difficile,23601,1.7.7.x,refreshProductPrices|(hors fonction)|OrderProductQuantityUpdater::updateOrderDetail|OrderProductQuantityUpdater::updateProductQuantity|(feature),5,39,BO - Order page - Property Customization->quantity is not valid - Updating the quantity of customized product NOK,Take customization into account when updating an Order's product quantity
19963,https://github.com/PrestaShop/PrestaShop/issues/19963,https://github.com/PrestaShop/PrestaShop/pull/8738,02872dac755b64baa9b2539c99f039efdb7dd1ab,1edc323288c91eb330c4d4e636b3ae1da5cbbb23,2021-03-17,themes/classic/templates/checkout/_partials/order-final-summary.tpl,FO,fo+bo,moyen,8738,develop,(tpl),1,52,Do not display any shipping method in the summary when ordering virtual products only,FO Don't display shipping method for virtual cart
23428,https://github.com/PrestaShop/PrestaShop/issues/23428,https://github.com/PrestaShop/PrestaShop/pull/23630,98390225425c29378d522989f3ef2a13aaa2b29a,eb1ba04b223d95118086378862ef81dc9f818afc,2021-03-18,admin-dev/themes/default/template/helpers/form/form.tpl,BO,bo,facile,23630,develop,(tpl),1,6,[BO] Warning display on create carrier page,"Fix ""Trying to access array offset on value of type ..."" error for legacy creation forms"
23287,https://github.com/PrestaShop/PrestaShop/issues/23287,https://github.com/PrestaShop/PrestaShop/pull/23694,695e9a2115806b41e183f22c00dbdba65f296b93,36bd407dae40683ac80329c2cab3a39fb83c492f,2021-03-19,src/PrestaShopBundle/Form/Admin/Sell/Order/OrderPaymentType.php,BO,bo,facile,23694,1.7.7.x,OrderPaymentType::buildForm,1,1,BO - Orders page - An exception is displayed when adding only a space in the payment method,Fix exception when adding only a space in the payment method in the orders page
19612,https://github.com/PrestaShop/PrestaShop/issues/19612,https://github.com/PrestaShop/PrestaShop/pull/22942,7d203d99577db9d55e0bab0ecb4578190ac60a16,9807f07def51eaf156b9c3db5f82d50fa5545e82,2021-03-19,src/PrestaShopBundle/Resources/views/Admin/Sell/Catalog/Categories/Blocks/form.html.twig|src/PrestaShopBundle/Resources/views/Admin/TwigTemplateForm/bootstrap_4_layout.html.twig|src/PrestaShopBundle/Resources/views/Admin/TwigTemplateForm/material.html.twig,BO,bo,difficile,22942,develop,(twig)|(twig)|(twig),3,33,"CategoryChoiceTreeType, ChoiceCategoriesTreeType ShopChoiceTreeType ""required"" attibute doesn't validate fields",Add html validation to radio buttons on category tree
23660,https://github.com/PrestaShop/PrestaShop/issues/23660,https://github.com/PrestaShop/PrestaShop/pull/23688,36bd407dae40683ac80329c2cab3a39fb83c492f,e5612652eddb3ab169a2ba86a7c4bae9be52af7b,2021-03-22,themes/classic/_dev/css/partials/_commons.scss|themes/classic/assets/css/theme.css,FO,fo,facile,23688,1.7.7.x,(scss)|(css),2,5,FO - Shopping cart page & shopping cart-modal - A product with Color combination is not well displayed,Fix display of color section on the add to cart modal on FO
23422,https://github.com/PrestaShop/PrestaShop/issues/23422,https://github.com/PrestaShop/PrestaShop/pull/23752,3b9a63b6064f2e18ac9d0ac6c23b357e782731cc,8a7ceeead984ab9a705462d30d7c7773f8fd1861,2021-03-26,classes/pdf/HTMLTemplateOrderSlip.php,BO,bo,facile,23752,develop,HTMLTemplateOrderSlipCore::__construct,1,1,[BO] - Can't download Credit slip,Fixes issue with credit slip not downloading
23216,https://github.com/PrestaShop/PrestaShop/issues/23216,https://github.com/PrestaShop/PrestaShop/pull/23811,868771de490e6c9646f3199706e5cbd6871994a1,e3c17f4546a18e329653ae642c6d85226ccdc857,2021-03-30,src/PrestaShopBundle/Controller/Admin/Sell/Order/OrderController.php|src/PrestaShopBundle/Resources/views/Admin/Sell/Order/Order/Blocks/Create/cart.html.twig,BO,bo,moyen,23811,develop,OrderController::createAction|(twig),2,23,[BO] qty_in_stock label is displayed on Order page while the stock management is disabled,Remove instock
23791,https://github.com/PrestaShop/PrestaShop/issues/23791,https://github.com/PrestaShop/PrestaShop/pull/23789,f1bf692a606cbcf21d459f69b49bcab743fbf69a,bae0db4dee1858ae0a505d2a0fc612e2c427bf6c,2021-03-30,classes/Validate.php|tests-legacy/Unit/Classes/ValidateCoreTest.php,CO,?,difficile,23789,develop,ValidateCore::isLanguageFileName|ValidateCore::isArrayWithIds|ValidateCoreTest::testIsOptFloat|ValidateCoreTest::isFloatDataProvider,4,47,Validate::isArrayWithIds method issue,Fix `Validate::isArrayWithIds` method issue
23804,https://github.com/PrestaShop/PrestaShop/issues/23804,https://github.com/PrestaShop/PrestaShop/pull/23818,261d36482a14fdea1a49b60006305a10a4b203d8,13b395a475b985f2273aa2edd26b416a269f0ba5,2021-03-31,admin-dev/themes/new-theme/template/layout.tpl|controllers/admin/AdminLegacyLayoutController.php|tests-legacy/PrestaShopBundle/Controller/ControllerTest.php,BO,bo,difficile,23818,develop,(tpl)|AdminLegacyLayoutControllerCore::initContent|(hors fonction)|ControllerTest::prophesizeSfContainer|ControllerTest::prophesizeMultistoreController,5,19,[BO] Link View my shop is not displayed on Symfony pages,"Fixed legacy ""view my shop"" link when multistore is not used"
21228,https://github.com/PrestaShop/PrestaShop/issues/21228,https://github.com/PrestaShop/PrestaShop/pull/23802,99f6601ea6d0efeaa92a52d737fb725a0e2c4525,fcdce9f40886c426ecc22bde97ac21dd18df5bde,2021-03-31,themes/classic/modules/ps_currencyselector/ps_currencyselector.tpl,FO,fo,facile,23802,1.7.7.x,(tpl),1,2,"FO - A warning ""jQuery('#') is not a valid selector"" is displayed in the console",Fix jquery selector warning with ps_currencyselector
23573,https://github.com/PrestaShop/PrestaShop/issues/23573,https://github.com/PrestaShop/PrestaShop/pull/23691,c24a43eeafa1afbbeebb1d93b6e2d27a525194ef,5bf1738647488380d67ed628c005f2fb600bf1e8,2021-03-31,admin-dev/themes/new-theme/js/notifications.js|admin-dev/themes/new-theme/public/main.bundle.js,BO,bo,facile,23691,1.7.7.x,(hors fonction)|function,2,6,New message/order/customer notification bubble not updated live,Fix notification refresh on migrated pages
23576,https://github.com/PrestaShop/PrestaShop/issues/23576,https://github.com/PrestaShop/PrestaShop/pull/23583,a5f85ef9dedf5cc559b3493f894180fc7d9c41cf,7de4dd5145e322597f64fd01a587260ad1ab8cd5,2021-03-31,admin-dev/themes/default/template/nav.tpl,BO,bo,facile,23583,develop,(tpl),1,2,[BO] - Navbar menu - missing css,Remove unused bootstrap classes causing side effects on nav
23817,https://github.com/PrestaShop/PrestaShop/issues/23817,https://github.com/PrestaShop/PrestaShop/pull/23841,4c3b4e2555d61ef8fb3920d15d4c154da793f107,c04058a03a63330780794d39b5ef0206be10d49c,2021-04-01,themes/classic/_dev/css/partials/_commons.scss,FO,fo,facile,23841,develop,(scss),1,4,FO - The search popup don't display completly,Fix autocomplete UI going under the header on classic theme
23530,https://github.com/PrestaShop/PrestaShop/issues/23530,https://github.com/PrestaShop/PrestaShop/pull/23528,7de4dd5145e322597f64fd01a587260ad1ab8cd5,5e3df544b37bc2fc7d3d37e0ea8f7794429684d9,2021-04-01,controllers/front/ProductController.php|controllers/front/listing/CategoryController.php,FO,fo,moyen,23528,develop,ProductControllerCore::getBreadcrumbLinks|CategoryControllerCore::getBreadcrumbLinks,2,28,Desactivated category still display in breadcrumbs,"Fix, hide desactivated  categories in breadcrumbs"
23842,https://github.com/PrestaShop/PrestaShop/issues/23842,https://github.com/PrestaShop/PrestaShop/pull/23844,f04b69cf073cbe982a3220176194042fc34a6e9d,be4f8f673dc1a9dcf6ff9b8e120a395cc3038dd9,2021-04-02,admin-dev/themes/default/js/bundle/default.js,BO,bo,facile,23844,develop,navigationChange,1,2,BO - Modules page - Module Manager page is NOK & Module Catlog page is NOK,Fix BOEvent not being on window object anymore
23642,https://github.com/PrestaShop/PrestaShop/issues/23642,https://github.com/PrestaShop/PrestaShop/pull/23834,be4f8f673dc1a9dcf6ff9b8e120a395cc3038dd9,14919a1e98d3e1d5d2ba84bc647c0cf70f511f60,2021-04-06,classes/module/Module.php|controllers/admin/AdminModulesController.php,BO,bo,difficile,23834,develop,ModuleCore::getNonNativeModuleList|ModuleCore::getNativeModuleList|ModuleCore::isModuleTrusted|AdminModulesControllerCore::__construct|AdminModulesControllerCore::ajaxProcessRefreshModuleList|AdminModulesControllerCore::getModulesByInstallation|AdminModulesControllerCore::isModuleFiltered,7,125,ps_facetedsearch - BO - an exception is dipslayed when we check update,Remove code related to CACHE_FILE_MODULES_LIST
13769,https://github.com/PrestaShop/PrestaShop/issues/13769,https://github.com/PrestaShop/PrestaShop/pull/23742,efc5131cc015e4a183170042059c6fedc2a79440,8dd11f96d5e19c71f94aa3e124c76f7176615a44,2021-04-06,classes/Pack.php,BO,fo,facile,23742,develop,PackCore::getQuantity,1,2,It should not be possible to purchase a pack which requires more quantity of pack item than there is in stock,Fixed the quantity calculation of packs when containing product variations
23506,https://github.com/PrestaShop/PrestaShop/issues/23506,https://github.com/PrestaShop/PrestaShop/pull/23925,73f99ccad03deebbce9c2bcd7cd59fccdfbb91c7,950d7b509143913a85ab86b81a374d4fa4855ef5,2021-04-09,src/PrestaShopBundle/Translation/PrestaShopTranslatorTrait.php,FO,fo+bo,facile,23925,1.7.7.x,PrestaShopTranslatorTrait::trans,1,4,FO - An exception is displayed when when selecting a language with incorrect data - ps_linklist,Fix translator bug when iso code is unknown
23843,https://github.com/PrestaShop/PrestaShop/issues/23843,https://github.com/PrestaShop/PrestaShop/pull/23846,d9e7686723ab6614ee20445315ba8a536352c4ca,bc8af552b2f0e4705656e98c0ec7d617272be903,2021-04-09,admin-dev/themes/default/js/bundle/right-sidebar.js,BO,bo,facile,23846,develop,(hors fonction),1,2,BO - Migrated page - The help modal cannot be opened,Fix options is undefined on right-sidebar of default theme
23604,https://github.com/PrestaShop/PrestaShop/issues/23604,https://github.com/PrestaShop/PrestaShop/pull/24005,e943676d6d06874381671e0de0708a10dc6af363,3da09e67ed81262cb3fb9d2dcde2512271be2bd5,2021-04-12,admin-dev/themes/new-theme/js/pages/order/view/order-product-renderer.js,BO,fo+bo,facile,24005,develop,updatePaginationControls,1,2,[BO] - Order page - No pagination when we add 9 products to cart,Fix order details product pagination not showing
23972,https://github.com/PrestaShop/PrestaShop/issues/23972,https://github.com/PrestaShop/PrestaShop/pull/23995,c8327d01bcf7aba291d1b6c1d54bdb65db213f20,115e6ea4ac73b96b305ec8b998ae3acf886d0e6a,2021-04-12,src/Core/Grid/Definition/Factory/CurrencyGridDefinitionFactory.php,BO,bo,facile,23995,develop,CurrencyGridDefinitionFactory::getColumns,1,2,BO - Currencies page - The filter currency in not well displayed,Rename currency column into name
23344,https://github.com/PrestaShop/PrestaShop/issues/23344,https://github.com/PrestaShop/PrestaShop/pull/23857,3da09e67ed81262cb3fb9d2dcde2512271be2bd5,9a769d1d19f0b98ad164119c606347d0f7609336,2021-04-12,src/PrestaShopBundle/Translation/Provider/TranslationFinder.php|tests/Integration/PrestaShopBundle/Translation/Provider/TranslationFinderTest.php,BO,fo+bo,difficile,23857,develop,TranslationFinder::removeTrailingLocaleFromDomains|TranslationFinder::getTranslationFilesFromPath|(nouveau fichier),3,100,Error on translation when adding a new theme,Change signature of TranslationFinder::getTranslationFilesFromPath to accept null pattern
23733,https://github.com/PrestaShop/PrestaShop/issues/23733,https://github.com/PrestaShop/PrestaShop/pull/24017,28e499bd219f92c623335a74bd78be9551171399,f5f38994697e34486f14879898275f6ba99ddb49,2021-04-14,src/Core/Shop/LogoUploader.php|tests/Integration/Behaviour/Features/Context/Domain/ShopFeatureContext.php|tests/Integration/Behaviour/Features/Scenario/Shop/shop.feature|tests/Integration/Behaviour/behat.yml|tests/Resources/assets/new_logo.jpg,BO,fo,difficile,24017,1.7.7.x,LogoUploader::updateHeader|(nouveau fichier)|(feature)|(yml),4,108,Shop logo width and height are not updated,Update SHOP_LOGO_* configuration when changing shop logo
23989,https://github.com/PrestaShop/PrestaShop/issues/23989,https://github.com/PrestaShop/PrestaShop/pull/24012,0cb551621544ac3cf0fda1453d84bc42c58525bc,fd12600c5a5a91abfa4d391236e0293bae800906,2021-04-15,themes/classic/_dev/js/cart.js|themes/classic/_dev/js/listing.js|themes/classic/_dev/js/product.js|themes/classic/_dev/js/selectors.js,FO,fo,moyen,24012,develop,createSpin|productConfig|createProductSpin|(hors fonction),4,7,Accidentally change product order quantity when swipe on touchspin,Remove touchstart even on TouchSpin on FO
23379,https://github.com/PrestaShop/PrestaShop/issues/23379,https://github.com/PrestaShop/PrestaShop/pull/24094,d7478a4e71887f0876554fcfe1af2f6515365540,e96010d4655e7a3b5ba85dd65eca69c665248cba,2021-04-19,controllers/admin/AdminStatusesController.php,BO,bo,facile,24094,1.7.7.x,AdminStatusesControllerCore::postProcess,1,12,BO - Order statuses - An error is displayed when deleting an order status with French language,Fix OrderState deletion when not in default language context
23847,https://github.com/PrestaShop/PrestaShop/issues/23847,https://github.com/PrestaShop/PrestaShop/pull/24072,e96010d4655e7a3b5ba85dd65eca69c665248cba,4c7a01dbb05a41768bac2cd666c2df00ff97d58d,2021-04-19,src/PrestaShopBundle/Controller/Admin/ProductController.php,BO,bo,facile,24072,1.7.7.x,ProductController::catalogAction,1,2,[BO] Filter by Category - the chosen category is not selected after filtering the products,Fix category filter not checked
23751,https://github.com/PrestaShop/PrestaShop/issues/23751,https://github.com/PrestaShop/PrestaShop/pull/24015,4c7a01dbb05a41768bac2cd666c2df00ff97d58d,5392d12fe8c1b89d3663be97e2bb5ba6cf1eabe9,2021-04-20,admin-dev/themes/new-theme/js/pages/order/create/create-order-page.js|admin-dev/themes/new-theme/public/order_create.bundle.js|classes/CartRule.php|tests/Integration/Behaviour/Features/Scenario/Order/order_cart_rules.feature|tests/Integration/Behaviour/behat.yml,BO,fo+bo,difficile,24015,1.7.7.x,_onDeliveryOptionChanged|(hors fonction)|CartRuleCore::checkValidity|(feature)|(yml),5,27,"BO - Add new Order page - The gift block is not updated when changing the Address - A cart rule ""Discount for a carrier selection"" is applied",Fix gift not added when changing carrier in Create order page
24036,https://github.com/PrestaShop/PrestaShop/issues/24036,https://github.com/PrestaShop/PrestaShop/pull/24161,4e0d57b00ea36af5b3db14a9aab4d5d29c8b090f,723e1c911b5711a144cbd90ae91589dfd30a38d5,2021-04-23,src/PrestaShopBundle/Resources/config/routing/admin/sell/orders/orders.yml,BO,bo,facile,24161,1.7.7.x,(yml),1,4,Product customization file can’t be downloaded if the customization label field contains a dot,"Allow all characters when using combination, not only \w"
24186,https://github.com/PrestaShop/PrestaShop/issues/24186,https://github.com/PrestaShop/PrestaShop/pull/24187,34dca3770ab264b8b6c680022812db00f0b39b7b,8ad8b4095803a6a885e4cd7192ae8efaad62a6cb,2021-04-27,app/Resources/translations/default/AdminNavigationMenu.xlf|classes/lang/KeysReference/TabLang.php,BO,bo,moyen,24187,1.7.8.x,(xlf)|(hors fonction),2,6,"Cannot translate menu item ""Experimental Features""",Add hardcoded translation entry for Experimental Features Navbar link
20441,https://github.com/PrestaShop/PrestaShop/issues/20441,https://github.com/PrestaShop/PrestaShop/pull/24184,ae82c77eda29e96df34dcffa44bdc584e22945a6,7c2cb4d15a95552ff566b4eb6765ee3836dfd621,2021-04-27,src/PrestaShopBundle/Form/Admin/Configure/ShopParameters/OrderReturnStates/OrderReturnStateType.php|src/PrestaShopBundle/Form/Admin/Configure/ShopParameters/OrderStates/OrderStateType.php,BO,bo,facile,24184,develop,OrderReturnStateType::buildForm|OrderStateType::buildForm,2,4,Create a new Order State or Create a new Order Return State cannot work with empty color,Make color required for order state forms
24182,https://github.com/PrestaShop/PrestaShop/issues/24182,https://github.com/PrestaShop/PrestaShop/pull/24183,7c2cb4d15a95552ff566b4eb6765ee3836dfd621,2beeb86d5cd7473c32b00e8c9e270a004a497d23,2021-04-27,src/PrestaShopBundle/Resources/views/Admin/layout.html.twig,BO,bo,facile,24183,develop,(twig),1,3,Flash messages of type 'info' are not displayed in PrestaShop migrated pages,Handle info flash messages in Twig layout
24092,https://github.com/PrestaShop/PrestaShop/issues/24092,https://github.com/PrestaShop/PrestaShop/pull/24124,2beeb86d5cd7473c32b00e8c9e270a004a497d23,e0b12d8cbbb40f4eb8d3aa4a1db5035f84207584,2021-04-27,img/.htaccess,CO,?,facile,24124,develop,(htaccess),1,4,Webp images are blocked by .htaccess,Allow .webp image format in /img/.htaccess.
21775,https://github.com/PrestaShop/PrestaShop/issues/21775,https://github.com/PrestaShop/PrestaShop/pull/24248,6db5c3874ec4bcb81bb51f0ff601f6c0a21bcc77,d3c087d83b4326e034cefb22e13becd53f3d8cd5,2021-04-30,themes/classic/templates/checkout/_partials/cart-detailed-product-line.tpl,FO,fo,moyen,24248,1.7.8.x,(tpl),1,50,FO - Product with combinations - Incorrect image displayed ,Use combination image instead of the cover image in cart
24130,https://github.com/PrestaShop/PrestaShop/issues/24130,https://github.com/PrestaShop/PrestaShop/pull/24247,f7ea3f7405dd87dd580b8f845c39804f7f4da35b,108355a3fa5c05969dd666506b853fff746dc5f2,2021-04-30,admin-dev/themes/default/js/bundle/product/default-category.js|admin-dev/themes/default/js/bundle/product/product-category-tags.js,BO,bo,facile,24247,1.7.8.x,reset|select,2,4,BO - Products page - cannot change the default category ,Add missing window assignments in javascript default theme
13872,https://github.com/PrestaShop/PrestaShop/issues/13872,https://github.com/PrestaShop/PrestaShop/pull/24155,03c44bac67bec0cbd5ea385b5353252edb21018b,5d615aa6e4fca8a80929223aade271237d98c62a,2021-04-30,classes/assets/JavascriptManager.php|classes/assets/StylesheetManager.php,FO,fo,facile,24155,develop,JavascriptManagerCore::addInlinedJavascriptContent|StylesheetManagerCore::addInlinedStyleContent,2,4,Inline flag in theme.yml does not work,Making the inline tag working for js and css
24033,https://github.com/PrestaShop/PrestaShop/issues/24033,https://github.com/PrestaShop/PrestaShop/pull/24266,d3c087d83b4326e034cefb22e13becd53f3d8cd5,2cf3b617b35bebea921df3fc9f43e693bcbd9796,2021-05-03,admin-dev/themes/new-theme/scss/pages/orders/_orders_view.scss,BO,fo+bo,facile,24266,1.7.8.x,(scss),1,4,BO - Order / Impossible to make partial refund if the product has more than 9 unit,Increase minimum size of the Quantity field in Partial Refund
24284,https://github.com/PrestaShop/PrestaShop/issues/24284,https://github.com/PrestaShop/PrestaShop/pull/24325,345feab88da856ab4284ad418b299451e8bac276,9e73c8017650b4b6416360dc2ee3567539b7a153,2021-05-04,themes/classic/templates/layouts/layout-both-columns.tpl,FO,fo+bo,facile,24325,1.7.8.x,(tpl),1,8,FO - the error alert is not well displayed,Move notifications inside content wrapper to fix a regression
24306,https://github.com/PrestaShop/PrestaShop/issues/24306,https://github.com/PrestaShop/PrestaShop/pull/24315,9e73c8017650b4b6416360dc2ee3567539b7a153,c43d28dafd011f38cbcd40984f463bd3dca1d47b,2021-05-04,themes/classic/_dev/css/components/quickview.scss,FO,fo,facile,24315,1.7.8.x,(scss),1,4,FO - Quick view - The product image is displayed incorrectly,Fix quickview image size on FO
21825,https://github.com/PrestaShop/PrestaShop/issues/21825,https://github.com/PrestaShop/PrestaShop/pull/24286,2094a4424bef25568c092fe9d369c4b70a567e19,2de74ca13d0c8f05f6eaa50e6b47b9d990d047be,2021-05-04,classes/module/Module.php,BO,bo,facile,24286,1.7.8.x,ModuleCore::install,1,1,Configuration button no longer appears after installation,Clear Module::getModuleIdByName_ when installing a module
23434,https://github.com/PrestaShop/PrestaShop/issues/23434,https://github.com/PrestaShop/PrestaShop/pull/24274,24b0cb3b58a71e80b166397eb187f27c1a22fea4,345feab88da856ab4284ad418b299451e8bac276,2021-05-04,src/Core/Localization/CLDR/Currency.php,BO,bo,facile,24274,1.7.8.x,Currency::getDisplayName|Currency::getSymbol,2,4,[BO] Error when creating new currencies,Fix getting CLDR data when creating a new currency
24090,https://github.com/PrestaShop/PrestaShop/issues/24090,https://github.com/PrestaShop/PrestaShop/pull/24268,c43d28dafd011f38cbcd40984f463bd3dca1d47b,95565f681ffeb6ccdc36d02a0ef1564e3d717fd9,2021-05-04,admin-dev/themes/new-theme/js/pages/translation-settings/ExportFormFieldToggle.js|admin-dev/themes/new-theme/js/pages/translation-settings/TranslationSettingsMap.js|src/PrestaShopBundle/Form/Admin/Improve/International/Translations/ExportCataloguesType.php|src/PrestaShopBundle/Form/Admin/Type/RadioWithChoiceChildrenType.php,BO,fo+bo,difficile,24268,1.7.8.x,(hors fonction)|constructor|coreTypeChanged|themesTypeChanged|modulesTypeChanged|(hors fonction)|ExportCataloguesType::buildForm|RadioWithChoiceChildrenType::buildForm,8,36,BO - Translations page - Theme translations select is empty when we we have only Classic theme,Enable translation export button only when export choices are made
24145,https://github.com/PrestaShop/PrestaShop/issues/24145,https://github.com/PrestaShop/PrestaShop/pull/24270,1797de9dbc72d60cbd358bb36706294850908afd,7cf68b9f4a2ad28fc524807bb64e03eeed2da69f,2021-05-05,controllers/front/listing/CategoryController.php,FO,fo,facile,24270,1.7.8.x,CategoryControllerCore::getCanonicalURL|CategoryControllerCore::initContent,2,9,FO - Missing 404 for category page that does not exist,Fix exception thrown in FO when category not active or doesn't exists
24147,https://github.com/PrestaShop/PrestaShop/issues/24147,https://github.com/PrestaShop/PrestaShop/pull/24269,2888cced30efd665a40da6f9b467017bf171f528,0d5a2c3fe91946c0a5de3a9546d49bda653b971e,2021-05-05,admin-dev/themes/default/template/controllers/specific_price_rule/helpers/form/form.tpl,BO,cli,facile,24269,1.7.7.x,(tpl),1,10,[Safari] Catalog price rule selects wrong brand,Fix already selected condition group on safari inside catalog price rules
23920,https://github.com/PrestaShop/PrestaShop/issues/23920,https://github.com/PrestaShop/PrestaShop/pull/24119,1e71fcad69da64a2692902e8f7167b079a0e2e11,747e90f678d0737cb66dff177f41ea688de04bdb,2021-05-05,classes/ImageManager.php,BO,fo+bo,facile,24119,develop,ImageManagerCore::resize,1,4,"Using `png_all` option in BO, all images should have transparent background in FO","When saving an image as a square png, add always a transparent border"
24354,https://github.com/PrestaShop/PrestaShop/issues/24354,https://github.com/PrestaShop/PrestaShop/pull/24353,4bb953669c9ea5085c4084476b49c9524f67d6d7,f35e8d395c00bea4ddc82d6d9c1685108639f262,2021-05-07,admin-dev/themes/default/template/controllers/modules/configuration_bar.tpl,BO,bo,facile,24353,1.7.7.x,(tpl),1,2,"In module configuration pages, the ""Activate module for this shop context"" checkbox does not work",Fix module activation checkbox in module configuration pages
18769,https://github.com/PrestaShop/PrestaShop/issues/18769,https://github.com/PrestaShop/PrestaShop/pull/24116,1fbb2b8d486eccec5a991643fad199a4e6ff7ae0,32742483dba196af69e589b878cdf3c534a737f1,2021-05-07,src/Adapter/Image/ImageRetriever.php,BO,?,facile,24116,develop,ImageRetriever::getImage,1,3,"PNG thumbnails are not regenerated automatically, if missing",Fix thumbnail regeneration for files other than jpg
21950,https://github.com/PrestaShop/PrestaShop/issues/21950,https://github.com/PrestaShop/PrestaShop/pull/24379,73822ef0e33dae42573f1854fef62588acec18d9,cc6db00151c0c673e3bbc8540c1ac766356d86c2,2021-05-10,classes/Product.php,FO,fo,facile,24379,1.7.8.x,ProductCore::getProductProperties,1,8,FO - An exception is displayed in the guest-tracking controller (when logged out) and in order details when logged in,Fix smarty product lazy load exception
24276,https://github.com/PrestaShop/PrestaShop/issues/24276,https://github.com/PrestaShop/PrestaShop/pull/24356,f2fdced4e1a138c8ac09502b42c6a64992372241,5120a259778d53324102f0a46007cfdab35daa43,2021-05-10,admin-dev/themes/default/js/tree.js,BO,bo,facile,24356,1.7.8.x,(hors fonction)|function,2,5,JS error thrown when create a new store,Fix javascript error in console in multistore `create shop` page
24314,https://github.com/PrestaShop/PrestaShop/issues/24314,https://github.com/PrestaShop/PrestaShop/pull/24461,50257bdfa2a1b48811203547f3d98e1f3b1ffa5c,e8cfbd9cdd1c7bff68bf6cf4cfe7b07234ce5c4d,2021-05-12,admin-dev/themes/default/js/bundle/module/module_card.js,BO,bo,facile,24461,1.7.8.x,(hors fonction),1,20,Plain json shown after payment module install/disable,Fix missing _this replacement with that
23429,https://github.com/PrestaShop/PrestaShop/issues/23429,https://github.com/PrestaShop/PrestaShop/pull/24457,73b5c3a76e7a75eab73267ac53ced66f8409aa20,daad00f251b7ae40e15d9b2f51d9d42c9cdedab9,2021-05-12,themes/classic/templates/checkout/_partials/order-confirmation-table.tpl,FO,fo+bo,facile,24457,1.7.8.x,(tpl),1,4,[FO - checkout page] Error on payment step ,Fix final summary exception
21775,https://github.com/PrestaShop/PrestaShop/issues/21775,https://github.com/PrestaShop/PrestaShop/pull/24430,ee6ee51dcd4bd3c67a2ca2da8a29a27134e4e06c,73b5c3a76e7a75eab73267ac53ced66f8409aa20,2021-05-12,src/Adapter/Presenter/Cart/CartPresenter.php|src/Adapter/Presenter/Order/OrderLazyArray.php|themes/classic/templates/checkout/_partials/cart-summary-product-line.tpl|themes/classic/templates/checkout/_partials/order-confirmation-table.tpl,FO,fo,difficile,24430,1.7.8.x,(hors fonction)|CartPresenter|CartPresenter::includeTaxes|CartPresenter::presentProduct|CartPresenter::getAttributesArrayFromString|OrderLazyArray::getProducts|(tpl)|(tpl),8,68,FO - Product with combinations - Incorrect image displayed ,"Improve CartPresenter performance, and allow Order to retrieve default_image"
23430,https://github.com/PrestaShop/PrestaShop/issues/23430,https://github.com/PrestaShop/PrestaShop/pull/24479,33dc00ad163e133206547958ab2a9f0e753c8774,9066067f3e787dfc538b924feb0b42d491c5d106,2021-05-14,controllers/admin/AdminStoresController.php,BO,bo,facile,24479,1.7.8.x,AdminStoresControllerCore::adaptHoursFormat,1,2,[BO] Warning display after creating Store (or view it),Fix php7.4 incompability warning
24057,https://github.com/PrestaShop/PrestaShop/issues/24057,https://github.com/PrestaShop/PrestaShop/pull/24456,f673f6b52994275fa350142a477cac12d74cccf0,5e75173a29c2b42e2d33be7d210ce18283e5497b,2021-05-17,admin-dev/themes/new-theme/js/components/multistore-dropdown.js,BO,bo,facile,24456,1.7.8.x,initMultistoreDropdown,1,4,JavaScript error in console using multistore,Fix js error in console in multistore mode
24371,https://github.com/PrestaShop/PrestaShop/issues/24371,https://github.com/PrestaShop/PrestaShop/pull/24428,2561e7e71fa8c51f5ddedfa0d72d6a41100b3aff,3a7273056731bd5ab6b04140fbdd8e61c8a0c081,2021-05-17,themes/classic/_dev/css/components/header.scss,FO,fo+bo,facile,24428,1.7.8.x,(scss),1,6,FO - Header logo is displayed squeezed,Correct logo size of classic theme
23973,https://github.com/PrestaShop/PrestaShop/issues/23973,https://github.com/PrestaShop/PrestaShop/pull/24089,5e75173a29c2b42e2d33be7d210ce18283e5497b,f50e50d42d7197156a08551b266dc4205d75f7d1,2021-05-17,classes/Product.php,BO,bo,facile,24089,1.7.8.x,ProductCore::getAttributesResume,1,6,BO - Products page - Specific prices - MySQL 8 - The Combination applied to specific price is NOK,Improve Product getAttributesResume function for MySQL 8
24508,https://github.com/PrestaShop/PrestaShop/issues/24508,https://github.com/PrestaShop/PrestaShop/pull/24525,cbbd7305295cd56e8c31e2d689dec3002b194c7b,cc57e667c92b49da6667dc7410ef3a920a8e64d0,2021-05-19,src/Adapter/EntityTranslation/EntityTranslator.php,FO,fo,facile,24525,1.7.8.x,EntityTranslator|EntityTranslator::translate,2,8,FO - Several pages URL and names are not translated,Wrong usage of shopId property during installation process
24197,https://github.com/PrestaShop/PrestaShop/issues/24197,https://github.com/PrestaShop/PrestaShop/pull/24427,8c2185850fddcc302fb24bcefa3a657d1478bc8b,22f5a0a0b84e0b20bdff2991271f1d2d0f540296,2021-05-19,src/Adapter/Order/QueryHandler/GetOrderForViewingHandler.php|tests/Integration/Behaviour/Features/Context/Domain/OrderFeatureContext.php|tests/Integration/Behaviour/Features/Scenario/Order/order_documents.feature,BO,bo,difficile,24427,1.7.7.x,GetOrderForViewingHandler::getOrderDocuments|OrderFeatureContext::previewOrderCheckAddress|(feature),3,128,Wrong price in the document list for the delivery slip in the admin order page,Fixed wrong price of the delivery slip of the document list
24483,https://github.com/PrestaShop/PrestaShop/issues/24483,https://github.com/PrestaShop/PrestaShop/pull/24568,73c4ab1ef89072cf203765f48cc36e13aa8b6020,9e58d1b588c089609f803de0ebb08567c2d20754,2021-05-20,src/Adapter/Order/QueryHandler/GetOrderForViewingHandler.php|src/Adapter/Order/QueryHandler/GetOrderPreviewHandler.php|tests/Integration/Behaviour/Features/Scenario/Order/order_address.feature,BO,bo,difficile,24568,1.7.7.x,GetOrderForViewingHandler::getOrderShipping|GetOrderPreviewHandler::getShippingDetails|(feature),3,20,BO - Orders list - The tracking URL is NOK in the preview order,BO - Order Preview - Use the tracking number in tracking url
23538,https://github.com/PrestaShop/PrestaShop/issues/23538,https://github.com/PrestaShop/PrestaShop/pull/24527,7cd84c43507f4df09772e6d4533d2b7ab8908f4c,ad1c34cf76f68e527514227ba784ad66d741262b,2021-05-20,controllers/admin/AdminLegacyLayoutController.php,BO,bo,facile,24527,1.7.8.x,AdminLegacyLayoutControllerCore::__construct,1,10,Wrong Multistore context displayed in migrated page Shop Parameters > Order Settings > Order Status,Restricted to all shop context for Order Status controller
24615,https://github.com/PrestaShop/PrestaShop/issues/24615,https://github.com/PrestaShop/PrestaShop/pull/24632,fd6b94d5b213fe09c47566f37f714337b2e0f4c9,fb93ab7d644d3cef7ed51c568e1acb4de600819a,2021-05-25,src/PrestaShopBundle/Form/Admin/Configure/AdvancedParameters/Employee/EmployeeOptionsFormDataProvider.php,BO,bo,facile,24632,1.7.8.x,EmployeeOptionsFormDataProvider::getData|EmployeeOptionsFormDataProvider::setData,2,6,BO -  Employee options are NOK,Wrong get and set data for employee options configuration
24557,https://github.com/PrestaShop/PrestaShop/issues/24557,https://github.com/PrestaShop/PrestaShop/pull/24611,bfcdfdcac288a894d4b2913ca80080b735914f8a,7a6807001c96becd9cd8fce7cda6e21c704d7540,2021-05-25,classes/DateRange.php|classes/ProductSupplier.php,BO,fo+bo,facile,24611,1.7.8.x,DateRangeCore::getCurrentRange|ProductSupplierCore::getProductPrice,2,6,BO - Add new Order page - An error is displayed when creating an order with a pack & total =0 (order total =0 or a cart rule - PHP7.4),Make sure array keys exist before using it for PHP7.4 compatibility
24574,https://github.com/PrestaShop/PrestaShop/issues/24574,https://github.com/PrestaShop/PrestaShop/pull/24610,7a6807001c96becd9cd8fce7cda6e21c704d7540,c2461be131535d8e11c63ff5e29d93eee512922b,2021-05-25,themes/classic/templates/catalog/_partials/subcategories.tpl,FO,fo+bo,facile,24610,1.7.8.x,(tpl),1,2,FO - An exception is displayed in the category page when creating new category - PHP7.4,Fixed check on array in template Smarty
24548,https://github.com/PrestaShop/PrestaShop/issues/24548,https://github.com/PrestaShop/PrestaShop/pull/24573,fd0cdaa5e1d517624291fd6d29af5188291a8138,18d2388084314c069de1e9d7163613e1c6c3824f,2021-05-25,src/PrestaShopBundle/Resources/views/Admin/Sell/Order/Order/Blocks/View/header.html.twig,BO,bo,moyen,24573,1.7.8.x,(twig),1,40,BO - View Order - Design of the Header NOK,Fix title layout on order view page
24537,https://github.com/PrestaShop/PrestaShop/issues/24537,https://github.com/PrestaShop/PrestaShop/pull/24565,81ea79220babd7a30bc79ec4a9598201f827f5f7,e81c0deae555bd617ead47c6aa2e04237f32bac5,2021-05-25,admin-dev/themes/new-theme/js/pages/order/OrderViewPageMap.js|admin-dev/themes/new-theme/js/pages/order/view.js|src/PrestaShopBundle/Resources/views/Admin/Sell/Order/Order/Blocks/View/Modal/add_order_discount_modal.html.twig,BO,bo,difficile,24565,1.7.7.x,(hors fonction)|initAddCartRuleFormHandler|(twig),3,15,BO - Orders - An exception is displayed when we add a discount with space in the name ,Order View - Discount Modal - Disable submit until name is filled
24477,https://github.com/PrestaShop/PrestaShop/issues/24477,https://github.com/PrestaShop/PrestaShop/pull/24539,92df30d5fdac49974089babbb3428198fd08a300,bfcdfdcac288a894d4b2913ca80080b735914f8a,2021-05-25,themes/classic/_dev/css/error.scss|themes/classic/_dev/webpack.config.js,FO,fo+bo,difficile,24539,1.7.8.x,(scss)|(hors fonction),2,67,Bad display on FO when maintenance mode & restricted-country mode is activated,Added style for maintenance page
24481,https://github.com/PrestaShop/PrestaShop/issues/24481,https://github.com/PrestaShop/PrestaShop/pull/24485,32505e16387139a27ee12d368831d928f31839ac,92df30d5fdac49974089babbb3428198fd08a300,2021-05-25,admin-dev/themes/new-theme/js/components/grid/extension/choice-extension.js,BO,bo,facile,24485,1.7.8.x,constructor|isLocked|lock,3,6,BO - Orders list page - An error is displayed in the console when changing the order status,Fixed an error displayed in the console when changing the order status -  Orders list page 
24501,https://github.com/PrestaShop/PrestaShop/issues/24501,https://github.com/PrestaShop/PrestaShop/pull/24596,273e16585441f7db5c56aacc5c8239b2c457790b,a59ce35d566137184abedb3fb0c50ce6f7344f57,2021-05-26,admin-dev/themes/default/scss/controllers/_themes.scss|admin-dev/themes/default/scss/partials/_buttons.scss,BO,fo+bo,moyen,24596,1.7.8.x,(scss)|(scss),2,16,BO - bad display on Theme & Logo > Pages configuration,Fix primary buttons not being inline on Theme & Logo > Pages configurations
24562,https://github.com/PrestaShop/PrestaShop/issues/24562,https://github.com/PrestaShop/PrestaShop/pull/24576,e81c0deae555bd617ead47c6aa2e04237f32bac5,948ecce8461176c507512c977633731bc3550a24,2021-05-26,src/PrestaShopBundle/Controller/Admin/Sell/Order/CartController.php,BO,bo,facile,24576,1.7.7.x,CartController::updateDeliverySettingsAction,1,2,BO - Add new Order page - Gift message cannot be removed,BO - New Order - Empty gift message is not a null value
24334,https://github.com/PrestaShop/PrestaShop/issues/24334,https://github.com/PrestaShop/PrestaShop/pull/24355,1edc65ec320ff896e8b6f47ee3662df94917facf,273e16585441f7db5c56aacc5c8239b2c457790b,2021-05-26,src/PrestaShopBundle/Controller/Admin/MultistoreController.php,BO,bo,moyen,24355,1.7.8.x,(hors fonction)|MultistoreController::configurationDropdown,2,124,"Multistore dropdown - In Group Context, display only the shops of the group",Fix Multistore dropdown in current group context
24505,https://github.com/PrestaShop/PrestaShop/issues/24505,https://github.com/PrestaShop/PrestaShop/pull/24555,19a53e0f463ca768473f44eee3e0da9f9da66ebb,756b3a11f2d982fa3d9215566b86a93be1708950,2021-05-27,src/PrestaShopBundle/Model/Product/AdminModelAdapter.php,BO,bo,facile,24555,develop,AdminModelAdapter::getModelData,1,3,Product quantity changes to zero after modifying a product which has combination ,Fix for product combination quantity change in RTL panel 
23734,https://github.com/PrestaShop/PrestaShop/issues/23734,https://github.com/PrestaShop/PrestaShop/pull/24253,4ccae11cb0cbedef03ebe90509319415bfa4829c,316fd48b693510ce44ddb5fb5841233e1bc2885e,2021-05-27,admin-dev/themes/new-theme/js/pages/order/view/order-prices-refresher.js|admin-dev/themes/new-theme/js/pages/order/view/order-product-add.js|admin-dev/themes/new-theme/js/pages/order/view/order-product-edit.js|src/PrestaShopBundle/Resources/views/Admin/Sell/Order/Order/Blocks/View/edit_product_row.html.twig,BO,fo+bo,difficile,24253,1.7.8.x,refreshProductPrices|checkOtherProductPricesMatch|confirmNewPrice|handleEditProductWithConfirmationModal|(twig),5,41,BO - Orders page  - Multi-invoice issue - Customized product cannot be added to multi-invoice,Backport #23902 with new modal content
24694,https://github.com/PrestaShop/PrestaShop/issues/24694,https://github.com/PrestaShop/PrestaShop/pull/24697,71897bda526ae2e9f71c2dcf0d47619e2e7b09c4,936546014006fa704b36ec43db594b15abd5b37a,2021-05-28,src/PrestaShopBundle/Resources/views/Admin/Sell/Order/Order/Blocks/View/products.html.twig,BO,bo,facile,24697,1.7.8.x,(twig),1,2,BO - Orders - The total block is not well displayed,Fix product stats alignment on order view page
24598,https://github.com/PrestaShop/PrestaShop/issues/24598,https://github.com/PrestaShop/PrestaShop/pull/24679,948ecce8461176c507512c977633731bc3550a24,1d395db2e3a856353b3a428bf33f5cb88605b79e,2021-05-31,src/Adapter/Order/OrderAmountUpdater.php|tests/Integration/Behaviour/Features/Scenario/Order/order_shipping.feature,BO,fo+bo,difficile,24679,1.7.7.x,OrderAmountUpdater::updateOrderTotals|OrderAmountUpdater::updateOrderCartRules|OrderAmountUpdater::updateOrderInvoices|(feature),4,110,BO - Orders -Prices are not well calculated when Recalculate shipping costs option is set to NO,Fix free shipping cart rule should not be recalculate when PS_ORDER_RECALCULATE_SHIPPING is false
24533,https://github.com/PrestaShop/PrestaShop/issues/24533,https://github.com/PrestaShop/PrestaShop/pull/24718,9e734cbfa4fd4ba7a82af03c952265330c9a3926,7c38acf464b46eecc847882f8e58cbdfac3696fe,2021-06-01,admin-dev/themes/new-theme/js/pages/order/view/order-product-renderer.js,BO,bo,facile,24718,1.7.8.x,toggleProductAddNewInvoiceInfo,1,2,BO - Orders - Multi-invoices - The addProductNewInvoiceInfo is not displayed when creating new invoice,The addProductNewInvoiceInfo is not displayed when creating new invoice
24142,https://github.com/PrestaShop/PrestaShop/issues/24142,https://github.com/PrestaShop/PrestaShop/pull/24696,90f747e138f84bcc944156a4f5108fe5ea642416,e19fd2460b8dd15a45441226c14094e357947fb0,2021-06-01,src/PrestaShopBundle/Resources/views/Admin/TwigTemplateForm/typeahead.html.twig,BO,bo,facile,24696,1.7.8.x,(twig),1,4,BO - Simple Product -Specific price - Warning is empty when we try to remove a customer from a specific price and when we try to remove a product from a pack,Fix delete modal translation
24554,https://github.com/PrestaShop/PrestaShop/issues/24554,https://github.com/PrestaShop/PrestaShop/pull/24594,7c38acf464b46eecc847882f8e58cbdfac3696fe,90f747e138f84bcc944156a4f5108fe5ea642416,2021-06-01,admin-dev/themes/new-theme/js/pages/order/create/product-manager.js,BO,bo,facile,24594,1.7.8.x,enableQtyInputs,1,6,BO - Add new Order page - Changing the Product quantity freeze the page,Fix order create page on product qty update
24547,https://github.com/PrestaShop/PrestaShop/issues/24547,https://github.com/PrestaShop/PrestaShop/pull/24736,c863c05adf61fc383c26e1240ceeac797302864d,b948794186df2918fa01779759ca952f10269c62,2021-06-02,src/PrestaShopBundle/Install/Install.php|tests-legacy/PrestaShopBundle/Utils/DatabaseCreator.php,BO,cli,difficile,24736,1.7.8.x,Install::installDatabase|Install::generateSf2ProductionEnv|(hors fonction)|DatabaseCreator::createTestDB,4,11,Unable to run `composer create-test-db`,Fix create-test-db
24781,https://github.com/PrestaShop/PrestaShop/issues/24781,https://github.com/PrestaShop/PrestaShop/pull/24782,9a8b6b7b43800299268990c87b7acb98f14b3ef8,5b3957a7c6853c3ad2f8f1e45cc0b99493c1b4e4,2021-06-03,classes/Cookie.php,CO,?,facile,24782,develop,CookieCore::getSession,1,2,cookie.php getSession not checking that $session is defined before using it,Check that $session is set before using it
24537,https://github.com/PrestaShop/PrestaShop/issues/24537,https://github.com/PrestaShop/PrestaShop/pull/24771,ef3c3ef19829993592d90704d4896e92e4351a95,c274eeedaa2286e7b1da69e4d6ddb2a8a8bb01de,2021-06-03,admin-dev/themes/new-theme/public/currency_form.bundle.js|admin-dev/themes/new-theme/public/main.bundle.js|admin-dev/themes/new-theme/public/order_view.bundle.js,BO,bo,moyen,24771,1.7.7.x,r|function|(hors fonction)|y,4,14,BO - Orders - An exception is displayed when we add a discount with space in the name ,Build assets
24687,https://github.com/PrestaShop/PrestaShop/issues/24687,https://github.com/PrestaShop/PrestaShop/pull/24688,c25ec48e6d81780271c826e60a568116fa819fd3,32bc9501897ce1ba96d0bc892087a43b0c5ab028,2021-06-04,src/PrestaShopBundle/Form/Admin/Product/ProductCombination.php|src/PrestaShopBundle/Form/Admin/Product/ProductShipping.php|src/PrestaShopBundle/Form/Admin/Type/CommonAbstractType.php,BO,bo,moyen,24688,develop,ProductCombination::buildForm|ProductShipping::buildForm|CommonAbstractType,3,3,Precise product weight is not correctly displayed in back-office,Correctly displayed precise product weight
24800,https://github.com/PrestaShop/PrestaShop/issues/24800,https://github.com/PrestaShop/PrestaShop/pull/24849,373e17eec6f8d93cfccf6bd970e5aa4dd314e98a,fd7b663395482a7e0d0d4742f8f538b79d9d64e9,2021-06-08,themes/classic/_dev/js/product.js|themes/classic/_dev/js/selectors.js,FO,fo,moyen,24849,1.7.8.x,(hors fonction)|createProductSpin|(hors fonction),3,20,Wrong tab showed after changing combination on product page in the FO,Fix wrong tab selected after changing a product combination on the FO
24804,https://github.com/PrestaShop/PrestaShop/issues/24804,https://github.com/PrestaShop/PrestaShop/pull/24813,e5dd16069b93808e31490da79e960307d429474d,373e17eec6f8d93cfccf6bd970e5aa4dd314e98a,2021-06-08,admin-dev/themes/default/scss/partials/_toolbar.scss,BO,bo,facile,24813,1.7.8.x,(scss),1,4,[BO - reponsive] - the fixed height in `.page-head.with-tabs` hide the `panel-heading`,Fix header toolbar getting over content on mobile and table
24664,https://github.com/PrestaShop/PrestaShop/issues/24664,https://github.com/PrestaShop/PrestaShop/pull/24665,9481181be5c25f73f3a624480dbc32bd33288266,e5dd16069b93808e31490da79e960307d429474d,2021-06-08,admin-dev/themes/new-theme/js/pages/product/components/dropzone/Dropzone.vue,BO,fo+bo,facile,24665,1.7.8.x,toggleGallery,1,6,Product page v2 image dropzone have some design issues,Fix dropzone component design on product page v2
24597,https://github.com/PrestaShop/PrestaShop/issues/24597,https://github.com/PrestaShop/PrestaShop/pull/24595,4de4587a49b4cb311062fe285fa3912b79d4b95b,16a47832badf28bea6f2652388ea0a3a6d4b289b,2021-06-08,admin-dev/filemanager/config/config.php,BO,bo,facile,24595,develop,(hors fonction),1,2,Mimetype for svg is wrong in the filemanager configuration. It doesn't allow to upload svg files,Wrong mimetype for svg file
24534,https://github.com/PrestaShop/PrestaShop/issues/24534,https://github.com/PrestaShop/PrestaShop/pull/24867,c1acae069a63fcc53f069355e61d7393eddbadab,139bc25421edf289596d23fb6bf3b11e16df8f75,2021-06-09,classes/order/Order.php,BO,bo,facile,24867,1.7.8.x,OrderCore,1,2,BO - Orders - Order note with invalid data,Fix order notes not being saved 
21961,https://github.com/PrestaShop/PrestaShop/issues/21961,https://github.com/PrestaShop/PrestaShop/pull/24795,031a6c7a9fce48845d88ac5674b2fcfd3c7f7a48,ab07cc2db76b0378e2cd667fccec6b240eb8eae7,2021-06-09,themes/_core/js/selectors.js|themes/classic/templates/checkout/_partials/cart-summary-totals.tpl,FO,fo+bo,moyen,24795,1.7.8.x,(hors fonction)|(tpl),2,4,"FO - Checkout page - the ""cart-summary-products"" is removed after adding a cart rule or removing it",Fix checkout page details removed and wrong price when adding/removing voucher
24556,https://github.com/PrestaShop/PrestaShop/issues/24556,https://github.com/PrestaShop/PrestaShop/pull/24794,ab07cc2db76b0378e2cd667fccec6b240eb8eae7,0538e15045901dbb3d3a62e5fe4f9bccea323a18,2021-06-09,admin-dev/themes/default/template/controllers/cart_rules/form.js|admin-dev/themes/default/template/form_submit_ajax.tpl|classes/controller/AdminController.php,BO,bo,difficile,24794,1.7.8.x,updateProductRuleShortDescription|displayCartRuleTab|callback|(tpl)|AdminControllerCore::copyFromPost,5,16,BO - Add new Order page - an error is displayed in the console when adding a voucher,Fix js error when adding voucher in create order
24468,https://github.com/PrestaShop/PrestaShop/issues/24468,https://github.com/PrestaShop/PrestaShop/pull/24728,139bc25421edf289596d23fb6bf3b11e16df8f75,031a6c7a9fce48845d88ac5674b2fcfd3c7f7a48,2021-06-09,admin-dev/themes/new-theme/.webpack/common.js|src/PrestaShopBundle/Resources/views/Admin/Improve/Design/Theme/import.html.twig,BO,fo+bo,difficile,24728,1.7.8.x,(hors fonction)|(twig),2,32,BO - Add new theme - an error 404 is displayed in the console,Remove unwanted bundle.js call
24370,https://github.com/PrestaShop/PrestaShop/issues/24370,https://github.com/PrestaShop/PrestaShop/pull/24852,3d2b31c7de464e5027652348330e649b2baceccc,7ff29b0483070306c9f2adbfb4ef8d38d2fc9493,2021-06-10,controllers/front/listing/CategoryController.php|themes/classic/_dev/css/components/errors.scss,FO,fo,difficile,24852,1.7.8.x,CategoryControllerCore|CategoryControllerCore::init|CategoryControllerCore::getLayout|CategoryControllerCore::getTemplateVarPage|(scss),5,22,FO - confusing error message when we access to disabled category or a category page that does not exist,Fix 404 layout for wrong category
24826,https://github.com/PrestaShop/PrestaShop/issues/24826,https://github.com/PrestaShop/PrestaShop/pull/24837,88bee0314d7e39482a733d91c7bae2ecada74a58,5cbaa1e83f3e1242be10d0f6e7f35466a3ab27e4,2021-06-10,admin-dev/themes/default/scss/partials/_tables.scss|admin-dev/themes/new-theme/scss/components/_grid.scss,BO,fo+bo,moyen,24837,1.7.8.x,(scss)|(scss),2,23,[BO - desktop] - Email themes loops are misplaced & `.dropdown-menu>li a` width is not 100%,Fix zoom on theme email grid and legacy dropdowns
24023,https://github.com/PrestaShop/PrestaShop/issues/24023,https://github.com/PrestaShop/PrestaShop/pull/24821,5cbaa1e83f3e1242be10d0f6e7f35466a3ab27e4,3d2b31c7de464e5027652348330e649b2baceccc,2021-06-10,src/Core/Grid/Definition/Factory/CustomerAddressGridDefinitionFactory.php|src/PrestaShopBundle/Resources/config/services/core/grid/grid_definition_factory.yml,CO,cli,moyen,24821,1.7.8.x,(hors fonction)|CustomerAddressGridDefinitionFactory::__construct|(yml),3,7,Commands prestashop:update:sql-upgrade-file-hooks-listing and prestashop:update:configuration-file-hooks-listing broken on develop,Handle CustomerAddressGridDefinitionFactory in CLI context
23753,https://github.com/PrestaShop/PrestaShop/issues/23753,https://github.com/PrestaShop/PrestaShop/pull/24796,4620a74fea5556594220377ab799a59e7aecdefb,bee6b8a42eb7b82eff2ec8d723cb1c04d7ffa52d,2021-06-10,controllers/admin/AdminShopGroupController.php,BO,fo+bo,facile,24796,develop,AdminShopGroupControllerCore::postProcess,1,7,"As a user, I shouldn't be able to select a shop as default if it doesn't have an URL configured.",Checking for url existence in possible new default shop
15783,https://github.com/PrestaShop/PrestaShop/issues/15783,https://github.com/PrestaShop/PrestaShop/pull/24792,8e682ac1d72e4aafda849960a5238661fd2f3aa5,4620a74fea5556594220377ab799a59e7aecdefb,2021-06-10,classes/controller/AdminController.php|src/Adapter/Presenter/Product/ProductLazyArray.php,FO,fo,difficile,24792,develop,AdminControllerCore::initProcess|ProductLazyArray::getMainVariants|ProductLazyArray::getSpecificReferences,3,60,"ISBN, EAN13, UPC and MPN are not displayed in FO for standard products without combinations",If the product has no combinations then the `specific_references` must be filled in
24068,https://github.com/PrestaShop/PrestaShop/issues/24068,https://github.com/PrestaShop/PrestaShop/pull/24892,368b3a952fce7d9ce25d3e04a641593dd1bca58a,6e5a62770fc465104b247e65da1bc3a4eb26dcd7,2021-06-11,src/PrestaShopBundle/Controller/Admin/ProductController.php|src/PrestaShopBundle/Resources/views/Admin/Product/ProductPage/Blocks/footer.html.twig|src/PrestaShopBundle/Resources/views/Admin/Product/ProductPage/product.html.twig,BO,fo+bo,moyen,24892,1.7.8.x,ProductController::formAction|(twig)|(twig),3,14,Wrong button name for Experimental Product page button on Standard Add page,Fix experimental product page creation link
24809,https://github.com/PrestaShop/PrestaShop/issues/24809,https://github.com/PrestaShop/PrestaShop/pull/24848,3b532446bda3a307a38c30054d69dd01f0b3f0c6,6852ebad28d8a71304b310eeb51b94bfc1e3a848,2021-06-11,admin-dev/themes/default/js/bundle/product/form.js|admin-dev/themes/new-theme/scss/pages/product/product_page.scss,BO,fo+bo,moyen,24848,1.7.8.x,shouldDisplayExpander|(scss),2,16,The element height which contains Product images is not calculated when you access to product edit by clicking on price or qty in the Products list,Avoid setting height to 0 if height isn't defined on product dropzone
23808,https://github.com/PrestaShop/PrestaShop/issues/23808,https://github.com/PrestaShop/PrestaShop/pull/24920,415667ce988738b91771bb6ec56e41369c3c0750,9ca17056375090807f7051696cd48f54bd57b617,2021-06-14,themes/classic/templates/checkout/_partials/steps/addresses.tpl,FO,fo+bo,facile,24920,develop,(tpl),1,1,Duplicate address in checkout Address step on address edition,Fixed duplicate address in checkout
24914,https://github.com/PrestaShop/PrestaShop/issues/24914,https://github.com/PrestaShop/PrestaShop/pull/24918,80a9b3ba746f1c6e4a1ddd9dde2cb7f835f974f4,66c11c977b7935376182063b46a39439dd0817f9,2021-06-14,admin-dev/themes/default/scss/partials/_multistore.scss,BO,bo,facile,24918,1.7.8.x,(scss),1,17,[BO] - Multistore page is not responsive,Fix table responsive of multistore page
23878,https://github.com/PrestaShop/PrestaShop/issues/23878,https://github.com/PrestaShop/PrestaShop/pull/24899,27d967015ba436b9b878a218b587143e7637cadc,00b7731fa06b4fe3d72a511dd91f6b6681ea21a2,2021-06-14,controllers/admin/AdminTranslationsController.php,BO,fo+bo,facile,24899,1.7.8.x,AdminTranslationsControllerCore::getSubjectMailContent,1,2,Translatations - Error in Email - Body Translations,Avoid errors display when Emails translations lang.php does not exist
24686,https://github.com/PrestaShop/PrestaShop/issues/24686,https://github.com/PrestaShop/PrestaShop/pull/24897,bbabc04e4f6e378e3fa0da83a1e24a4ce6a47f13,b34596f117c1d1a3a1bc1e4b2ffe4a4a81ccbc3e,2021-06-14,admin-dev/themes/default/template/header.tpl|admin-dev/themes/new-theme/template/layout.tpl,BO,bo,moyen,24897,develop,(tpl)|(tpl),2,98,Maintenance information translation at BO header is not escaped properly,Fix translations escaping for BO header
23876,https://github.com/PrestaShop/PrestaShop/issues/23876,https://github.com/PrestaShop/PrestaShop/pull/24882,00b7731fa06b4fe3d72a511dd91f6b6681ea21a2,80a9b3ba746f1c6e4a1ddd9dde2cb7f835f974f4,2021-06-14,admin-dev/themes/new-theme/scss/pages/_translation_page.scss,BO,bo,facile,24882,1.7.8.x,(scss),1,8,Translation - Search in Translations Tree without result not disabled,Restore ability to disable translations tree item
24482,https://github.com/PrestaShop/PrestaShop/issues/24482,https://github.com/PrestaShop/PrestaShop/pull/24773,cce9bc2b7f98af6c377ec128a732c97fbfe2dfcc,ad57b1894620d34fdfd71214c4249a665b311376,2021-06-14,src/PrestaShopBundle/Resources/views/Admin/Sell/Order/Order/preview.html.twig,BO,bo,facile,24773,1.7.7.x,(twig),1,14,BO - Orders list - Preview order - Invoice details is missing the address mail of the customer,BO - Order Preview : Added email
24692,https://github.com/PrestaShop/PrestaShop/issues/24692,https://github.com/PrestaShop/PrestaShop/pull/24770,ad57b1894620d34fdfd71214c4249a665b311376,4b3cd52d5b1a9b30a0db48514bdc2b547228849d,2021-06-14,localization/CLDR/core/common/supplemental/supplementalData.xml,BO,bo,facile,24770,1.7.7.x,(xml),1,3,BO - Currencies - It is not possible to create a BYN currency,Added currency BYN TO CLDR dataset
24691,https://github.com/PrestaShop/PrestaShop/issues/24691,https://github.com/PrestaShop/PrestaShop/pull/24765,4b3cd52d5b1a9b30a0db48514bdc2b547228849d,c4470fb58a4a4c243bae24018c046213a6a62c79,2021-06-14,admin-dev/themes/new-theme/js/pages/order/view/order-product-add.js|admin-dev/themes/new-theme/public/order_view.bundle.js,BO,bo,facile,24765,1.7.7.x,confirmNewInvoice|(hors fonction),2,5,[Multi-invoices] BO - Orders - A modal should'nt be displayed when we add the same product to a specific invoice with updating price,Fix edit price modal showed when adding same product in multi-invoices
24753,https://github.com/PrestaShop/PrestaShop/issues/24753,https://github.com/PrestaShop/PrestaShop/pull/24762,c4470fb58a4a4c243bae24018c046213a6a62c79,75935779d93ecd66e2644a9a88f96a36a6b37c66,2021-06-14,src/Adapter/Order/CommandHandler/AddCartRuleToOrderHandler.php|tests/Integration/Behaviour/Features/Scenario/Order/order_cart_rules.feature,BO,bo,difficile,24762,1.7.7.x,AddCartRuleToOrderHandler::assertFreeShippingCartRule|(feature),2,90,BO - Orders page - Cannot add free shipping discount when Total products = 0,Fixed adding a free shipping cart rule on a 0.00 order
22737,https://github.com/PrestaShop/PrestaShop/issues/22737,https://github.com/PrestaShop/PrestaShop/pull/24823,b1f8be6169e273ceeaf165b58f018431727a4c17,16c02117e446b8d67063e3384460cb782ed6308a,2021-06-15,src/Adapter/Image/Uploader/AbstractImageUploader.php|src/Core/Form/IdentifiableObject/DataHandler/ManufacturerFormDataHandler.php,BO,bo,moyen,24823,develop,AbstractImageUploader::checkImageIsAllowedForUpload|(hors fonction)|ManufacturerFormDataHandler|ManufacturerFormDataHandler::__construct|ManufacturerFormDataHandler::create,5,20,BO - Brands page - A brand is created despite having an error during the creation,Validate image if needed first when adding new brand
24859,https://github.com/PrestaShop/PrestaShop/issues/24859,https://github.com/PrestaShop/PrestaShop/pull/24909,5c4eec5b21480523e1186a99149eac4eb7fd76ab,1ec854bd62e6ec9896c4f87a406476754a3d6102,2021-06-16,admin-dev/themes/default/template/controllers/carrier_wizard/summary.tpl|js/jquery/plugins/smartWizard/jquery.smartWizard.js,BO,bo,moyen,24909,develop,(tpl)|SmartWizard,2,28,[BO - Responsive] - Bad Display of Carriers page,Fix steps height on carrier page on mobile
24956,https://github.com/PrestaShop/PrestaShop/issues/24956,https://github.com/PrestaShop/PrestaShop/pull/24958,a1348bbc33b6d24796ecdfb12bbe57a7af848b6e,2fcad2bef637d2d17c6005901d52a63d71f5f870,2021-06-17,pdf/delivery-slip.tpl|pdf/invoice-b2b.tpl|pdf/invoice.tpl|pdf/order-return.tpl|pdf/order-slip.tpl,BO,bo,moyen,24958,develop,(tpl)|(tpl)|(tpl)|(tpl)|(tpl),5,15,HOOK_DISPLAY_PDF content cannot start from left side of the document,Allow HOOK_DISPLAY_PDF to fill the whole page area
23632,https://github.com/PrestaShop/PrestaShop/issues/23632,https://github.com/PrestaShop/PrestaShop/pull/24509,1ec854bd62e6ec9896c4f87a406476754a3d6102,a1348bbc33b6d24796ecdfb12bbe57a7af848b6e,2021-06-17,classes/Dispatcher.php|classes/Link.php,FO,fo,moyen,24509,develop,DispatcherCore|LinkCore::getCategoryLink,2,23,Wrong rewrite url on category page,Remove old selected_filters route 
23996,https://github.com/PrestaShop/PrestaShop/issues/23996,https://github.com/PrestaShop/PrestaShop/pull/25004,9280212f2962f17486a6568f7f8c87d841b89efe,ca70877482512627dd7666856c6515b72718bc4c,2021-06-19,controllers/admin/AdminLegacyLayoutController.php|src/PrestaShopBundle/Controller/Admin/Configure/AdvancedParameters/FeatureFlagController.php,BO,bo,moyen,25004,1.7.8.x,AdminLegacyLayoutControllerCore|FeatureFlagController::indexAction,2,18,BO - Experimental Feature - The help modal cannot be opened,Fix help sidebar on Experimental Features BO Page
24732,https://github.com/PrestaShop/PrestaShop/issues/24732,https://github.com/PrestaShop/PrestaShop/pull/24890,ebacd32543eed8905441e81b800bc4a415ebbd01,9280212f2962f17486a6568f7f8c87d841b89efe,2021-06-19,admin-dev/themes/new-theme/scss/pages/orders/_orders_view.scss|src/PrestaShopBundle/Resources/views/Admin/Sell/Order/Order/Blocks/View/documents.html.twig,BO,fo+bo,difficile,24890,1.7.8.x,(scss)|(twig),2,103,[BO - Mobile] some Frontend regressions in View Order Page,Fix top buttons on order view on mobile
25081,https://github.com/PrestaShop/PrestaShop/issues/25081,https://github.com/PrestaShop/PrestaShop/pull/25082,75208719eca0ddefe7977d4ef0c9f0a68ae76d8e,d3155e7d74d1718f078bfa7b195fc13edad3e3f3,2021-06-22,src/Core/Domain/Product/Command/AssignProductToCategoryCommand.php|src/PrestaShopBundle/Controller/Admin/CategoryController.php,BO,fo+bo,facile,25082,1.7.8.x,(hors fonction)|CategoryController::addSimpleCategoryFormAction,2,4,Product page category creation fails,Fix category create in product page
24463,https://github.com/PrestaShop/PrestaShop/issues/24463,https://github.com/PrestaShop/PrestaShop/pull/24869,a995e549d3999d501bee0127af563de9e6b5473e,75208719eca0ddefe7977d4ef0c9f0a68ae76d8e,2021-06-22,src/Adapter/Module/Presenter/PaymentModulesPresenter.php|src/Adapter/Module/TabModuleListProvider.php|src/Adapter/Presenter/Module/PaymentModulesPresenter.php|src/PrestaShopBundle/Controller/Admin/Improve/Payment/PaymentMethodsController.php|src/PrestaShopBundle/Resources/config/services/adapter/module.yml,BO,bo,difficile,24869,1.7.8.x,(hors fonction)|(hors fonction)|(nouveau fichier)|PaymentMethodsController::indexAction|(yml),5,108,"BO - Welcome module - Th pop up onboarding is not displayed in the step3/6 ""step1"" &  step4/6 ""step2""",Fix no active payment module displayed in Payment Methods
24926,https://github.com/PrestaShop/PrestaShop/issues/24926,https://github.com/PrestaShop/PrestaShop/pull/25035,344821ade2a775d0fe25b60268357e78beb0b8a5,e48d039d80a52046fc4ff08886dd57e203f6e0cd,2021-06-23,admin-dev/themes/new-theme/public/theme.rtlfix,BO,bo,moyen,25035,1.7.8.x,(rtlfix),1,52,[BO] Invalid product footer position in RTL,Fix product footer direction using RTL language
25112,https://github.com/PrestaShop/PrestaShop/issues/25112,https://github.com/PrestaShop/PrestaShop/pull/25111,12eb0487104ccee403380427c4fe694e7e4604e8,08f4461cf7e226f44cc8ea6185aef7785ed2c6f8,2021-06-24,classes/container/LegacyCompilerPass.php|src/Adapter/ContainerBuilder.php,CO,fo,difficile,25111,1.7.8.x,LegacyCompilerPass::process|LegacyCompilerPass::buildSyntheticDefinitions|ContainerBuilder::buildContainer,3,42,Services in front container are not available once the container is cached,Fix compiled legacy container
24925,https://github.com/PrestaShop/PrestaShop/issues/24925,https://github.com/PrestaShop/PrestaShop/pull/25034,d313d6de13fc1d3e11b2de4cf5580c9398f49b48,dd3a16f55b8c3d06ad9cddfc61e676167bde9e1e,2021-06-24,admin-dev/themes/new-theme/public/theme.rtlfix,BO,bo,facile,25034,1.7.8.x,(rtlfix),1,7,[BO] Invalid direction of checkbox marker in RTL,Fix checkbox direction on RTL
25013,https://github.com/PrestaShop/PrestaShop/issues/25013,https://github.com/PrestaShop/PrestaShop/pull/25012,b0e75a4c70741e195d3b0be8375431aa38e9969a,57894f9e9acb1f75088ec4ae63aaf6c468eac4b5,2021-06-24,js/jquery/plugins/jquery.colorpicker.js,BO,bo,facile,25012,develop,(hors fonction),1,16,Same background for multiple colorpickers,Fix color picker bug
24635,https://github.com/PrestaShop/PrestaShop/issues/24635,https://github.com/PrestaShop/PrestaShop/pull/24754,1e43cd25598871cd4f959ad8c3b04e83a54d216c,7c26ddb0f117518189837d75d12adb280a48ea21,2021-06-25,classes/CartRule.php|tests/Integration/Behaviour/Features/Scenario/Cart/Calculation/CartRule/percent_multiple.feature,FO,fo+bo,difficile,24754,1.7.7.x,CartRuleCore::getContextualValue|(feature),2,34,FO - Discounts - The discount detail is NOK,Removed free shipping from cumulative reduction
25097,https://github.com/PrestaShop/PrestaShop/issues/25097,https://github.com/PrestaShop/PrestaShop/pull/25101,33c9f2207a9a187ef6bdbd1adb2a7df83709e302,280a23401e292aeeff2be6ae2aa16568c35d254d,2021-06-28,themes/classic/_dev/css/components/featuredproducts.scss|themes/classic/_dev/css/components/imageslider.scss,FO,fo,moyen,25101,1.7.8.x,(scss)|(scss),2,13,[FO -RTL] - the arrows direction are wrong (in the opposite way),Fix RTL issues on material icons on FO
25071,https://github.com/PrestaShop/PrestaShop/issues/25071,https://github.com/PrestaShop/PrestaShop/pull/25072,57894f9e9acb1f75088ec4ae63aaf6c468eac4b5,1275ff4d1b95969bac8c96f6b90f875941510e62,2021-06-28,admin-dev/themes/new-theme/js/pages/product/components/categories/index.js|src/Adapter/Category/QueryHandler/GetCategoriesTreeHandler.php|src/Core/Domain/Category/QueryResult/CategoryForTree.php|src/PrestaShopBundle/Controller/Admin/Sell/Catalog/CategoryController.php,BO,bo,difficile,25072,develop,generateTreeElement|GetCategoriesTreeHandler::handle|GetCategoriesTreeHandler::buildCategoriesTree|CategoryForTree|CategoryForTree::__construct|CategoryForTree::getCategoryId|CategoryController::formatCategoriesTreeForPresentation,7,26,BO: product form V2 : Show inactive category in the category tree,BO: Product Form V2 : Show inactive categories in the category tree
24964,https://github.com/PrestaShop/PrestaShop/issues/24964,https://github.com/PrestaShop/PrestaShop/pull/24982,fbcacad178aca15b8bab7c96ac03d47b3e949b3b,4e19144b9fd42d0b52fb7bae433126bc933cd619,2021-06-29,src/Core/Grid/Query/CategoryQueryBuilder.php,BO,bo,facile,24982,develop,CategoryQueryBuilder::getSearchQueryBuilder|CategoryQueryBuilder::getQueryBuilder,2,19,BO - Categories - A new category created is not displayed in the list,Fix getting products count on category list
24388,https://github.com/PrestaShop/PrestaShop/issues/24388,https://github.com/PrestaShop/PrestaShop/pull/25151,4e19144b9fd42d0b52fb7bae433126bc933cd619,560dc3b41b33236ff54ef045fd9492f3211babe4,2021-06-30,themes/classic/templates/errors/static/500.html|themes/classic/templates/errors/static/503.html,FO,fo,facile,25151,develop,,0,0,Error 500 page - 500.html is not used,Remove useless 50x.html pages in classic
25194,https://github.com/PrestaShop/PrestaShop/issues/25194,https://github.com/PrestaShop/PrestaShop/pull/25200,3663025a2e0d0792c3af78bad5bc8a8f73109876,1a5b46276e03bfc1b828ce30ac4d5b564902f8ba,2021-07-08,pdf/invoice.product-tab.tpl,BO,bo,facile,25200,1.7.7.x,(tpl),1,2,BO - Add new Order - An exception is displayed when ordering a product with text customization - the label contains special expression,"In Invoice PDF, escape customization name"
25078,https://github.com/PrestaShop/PrestaShop/issues/25078,https://github.com/PrestaShop/PrestaShop/pull/25107,1a5b46276e03bfc1b828ce30ac4d5b564902f8ba,7106b885c83cb53a335f093438fbda450b11b943,2021-07-08,src/PrestaShopBundle/Controller/Admin/Sell/Order/OrderController.php,BO,bo,facile,25107,1.7.7.x,OrderController::viewAction,1,17,Migrated Order page does not contain order reference,Fixed meta title in BO - Order View
25011,https://github.com/PrestaShop/PrestaShop/issues/25011,https://github.com/PrestaShop/PrestaShop/pull/25106,d4ae22100312e4a4a89c31a7aa9c2c9d3dde94a2,f11441121fba064f368d1f7cc2855f11c8fbe009,2021-07-08,classes/RequestSql.php|tests/Integration/Adapter/SqlManager/SqlQueryValidatorTest.php,BO,bo,difficile,25106,1.7.7.x,RequestSqlCore::getRequestSqlById|RequestSqlCore::getAttributesByTable|RequestSqlCore::returnNameTable|RequestSqlCore::testedUnauthorized|RequestSqlCore::checkedFrom|RequestSqlCore::checkedOrder|RequestSqlCore::checkedGroupBy|(nouveau fichier),8,128,SQL Manager SQL Form throws FatalThrowableError - Type Error on JOIN SQL query (but works with simple SELECT),Fixed management of INNER JOIN & GROUP BY in SqlQueryValidator
25203,https://github.com/PrestaShop/PrestaShop/issues/25203,https://github.com/PrestaShop/PrestaShop/pull/25286,b9614f54931a3abe4cc8460400421307cb8c69ae,179014a8932b79942c30c43fff616d23db633f32,2021-07-13,classes/CartRule.php|tests/Integration/Behaviour/Features/Context/CartRuleFeatureContext.php|tests/Integration/Behaviour/Features/Context/Domain/CartFeatureContext.php|tests/Integration/Behaviour/Features/Scenario/Cart/Adding/CartRule/usage_limit_per_user.feature|tests/Integration/Behaviour/behat.yml,FO,fo+bo,difficile,25286,1.7.7.x,CartRuleCore::checkValidity|(hors fonction)|CartRuleFeatureContext::createCartRule|CartRuleFeatureContext::cartRuleNamedHasACode|CartRuleFeatureContext::checkCartRuleContextualValue|CartFeatureContext::totalCartWithTaxShouldBe|(feature)|(yml),8,112,FO - 'Total available for each user' in cart rule not considered if the customer is signed in from the checkout page,Fix cart rule that can be used more than once per user when it shouldn't
18137,https://github.com/PrestaShop/PrestaShop/issues/18137,https://github.com/PrestaShop/PrestaShop/pull/23698,62206a604f2557d5e067d6b8d81f68528e254d47,9680e2cd24222a213e94a75f572a1a5b1d6a6531,2021-07-15,themes/classic/templates/layouts/layout-both-columns.tpl,FO,fo,facile,23698,develop,(tpl),1,2,Can't show module on the Left Column,Can't show module on the Left Column
25362,https://github.com/PrestaShop/PrestaShop/issues/25362,https://github.com/PrestaShop/PrestaShop/pull/25375,340eaa09e5ea3ae74143c2c6c78a1087cc2600f5,928ceefe0f43a0344a01e596d4e214d624650169,2021-07-21,src/Adapter/Order/QueryHandler/GetOrderForViewingHandler.php,BO,fo+bo,facile,25375,1.7.7.x,GetOrderForViewingHandler::getOrderCustomer,1,2,BO - Order message not in order language,"In Order view, set the lang of the order for order messages"
25347,https://github.com/PrestaShop/PrestaShop/issues/25347,https://github.com/PrestaShop/PrestaShop/pull/25364,55fc4e103609bf0f451a2b1ec16ba217a57c8639,609c70123673c65f5523c1aa883d25f3b8c5c538,2021-07-21,admin-dev/themes/new-theme/js/pages/order/view/order-product-add.js|src/PrestaShopBundle/Resources/views/Admin/Sell/Order/Order/Blocks/View/discount_list.html.twig|src/PrestaShopBundle/Resources/views/Admin/Sell/Order/Order/Blocks/View/products.html.twig,BO,bo,difficile,25364,1.7.8.x,setupListener|(twig)|(twig),3,74,BO - Orders - Cannot add a product  with combinations to an old order,Fix inputs prefilling bug when a combination is added to an order
25221,https://github.com/PrestaShop/PrestaShop/issues/25221,https://github.com/PrestaShop/PrestaShop/pull/25316,609c70123673c65f5523c1aa883d25f3b8c5c538,a6769fe31b665f02d2831a8465af1bfd438fabc5,2021-07-21,themes/_core/js/cart.js,FO,fo,facile,25316,1.7.8.x,(hors fonction)|onInvalidQuantity,2,10,The product-list on the checkout does not work with custom themes,Fix blocking add to cart button
21847,https://github.com/PrestaShop/PrestaShop/issues/21847,https://github.com/PrestaShop/PrestaShop/pull/25295,cd773f0d0c0ff6c85a827f2afcf48040dc6087d5,376f0a4e218c0b893e3e813dbc23a187bd711479,2021-07-22,controllers/admin/AdminGroupsController.php,BO,bo,facile,25295,develop,AdminGroupsControllerCore::initProcess|AdminGroupsControllerCore::renderCustomersList,2,28,BO - Customer Groups - Enable/Disable selection do not work,Allow enable/disable selection for customers in Customer Groups
24235,https://github.com/PrestaShop/PrestaShop/issues/24235,https://github.com/PrestaShop/PrestaShop/pull/25413,48b8442c1339da5ff8482b2614a5b66be881a86c,fac2219a0d2cdd566fa757dd64cb2259df1aaf9f,2021-07-26,classes/module/Module.php,FO,fo,moyen,25413,1.7.7.x,ModuleCore::display|ModuleCore::fetch|ModuleCore::getCurrentSubTemplate|ModuleCore::isCached|ModuleCore::_clearCache|ModuleCore::saveDashConfig,6,25,Smarty template caching Module::isCached() faulty causes performance loss,Fix performance issue on Smarty template caching
25418,https://github.com/PrestaShop/PrestaShop/issues/25418,https://github.com/PrestaShop/PrestaShop/pull/25428,f99ca4ca3ff26a02ea3bc5efec365ed96d281ba3,cd845125d3eaa35ba35b72172ea1cf5c1a64add4,2021-07-28,src/Adapter/Order/OrderAmountUpdater.php|src/Core/Cart/Calculator.php|src/Core/Cart/Fees.php|tests/Integration/Behaviour/Features/Scenario/Order/order_shipping_recalculate.feature,BO,bo,difficile,25428,1.7.7.x,OrderAmountUpdater::updateOrderTotals|Calculator|Fees::__construct|(feature),4,116,issue on total when change courier on admin,Don't recalculate total when PS_ORDER_RECALCULATE_SHIPPING is 0 and editing a carrier
16695,https://github.com/PrestaShop/PrestaShop/issues/16695,https://github.com/PrestaShop/PrestaShop/pull/25139,7fced2990fbdea703235495a9507936d61cee6b6,2223c89bc107901d0ab5cb948f4d485218dca385,2021-07-28,templates/bundles/PrestaShopBundle/Admin/Product/ProductPage/Forms/form_shipping.html.twig,BO,bo,facile,25139,develop,(twig),1,2,Error in form_shipping.html.twig ,"Fix the path of the ""form_warehouse_combination"""
18841,https://github.com/PrestaShop/PrestaShop/issues/18841,https://github.com/PrestaShop/PrestaShop/pull/25439,d82af23817da9393485a96536c6989b671e23371,8d0531c9550dc331c647d94a71a625aab022c483,2021-07-30,controllers/admin/AdminCartRulesController.php|src/PrestaShopBundle/Controller/Admin/Sell/Customer/CustomerController.php,BO,fo+bo,moyen,25439,develop,AdminCartRulesControllerCore::processDelete|CustomerController::manageLegacyFlashes,2,2,BO - Customer View page - there is no green alert after deleting a voucher,BO - Customer View page - Added alert when removing a voucher
21183,https://github.com/PrestaShop/PrestaShop/issues/21183,https://github.com/PrestaShop/PrestaShop/pull/25305,170e8d66a633d8fa16ce330f0b44ee0550550d1b,d82af23817da9393485a96536c6989b671e23371,2021-07-30,controllers/admin/AdminStatesController.php,BO,bo,facile,25305,develop,AdminStatesControllerCore::initPageHeaderToolbar,1,2,BO - States page - Add new states button is not displayed after incorrect Save,States : Added add button only on listing pages
25483,https://github.com/PrestaShop/PrestaShop/issues/25483,https://github.com/PrestaShop/PrestaShop/pull/25495,f5ad806cdce424bf3aafae832609ab0827cf10a5,bcb466eea9252c0df486ccf8419f175bdbcd50f8,2021-08-03,classes/Cookie.php,FO,fo+bo,facile,25495,1.7.7.x,CookieCore::getSession,1,2,FO - An exception is displayed when we click on sign out two times,Check variable before using it
25479,https://github.com/PrestaShop/PrestaShop/issues/25479,https://github.com/PrestaShop/PrestaShop/pull/25489,bcb466eea9252c0df486ccf8419f175bdbcd50f8,6d0575c9d400abbe5e3249c82c1e4d76e3989d30,2021-08-03,admin-dev/themes/new-theme/js/pages/order/view/order-product-add.js|admin-dev/themes/new-theme/public/order_view.bundle.js,BO,fo+bo,facile,25489,1.7.7.x,constructor|(hors fonction),2,4,"BO - Ordr View page - Product Block - when we try to add a product, the total displayed is tax exlcluded and not included",Fixed selector for fetching if the tax is included 
25437,https://github.com/PrestaShop/PrestaShop/issues/25437,https://github.com/PrestaShop/PrestaShop/pull/25465,24f049967718a318ec89c8f3b742476f748c8ccc,259222999174f34ada6125793cf26b84c8a4af0e,2021-08-07,admin-dev/themes/new-theme/js/pages/order/create/addresses-renderer.ts,BO,bo,facile,25465,develop,constructor,1,8,"[BO] Create Order - switch the address Delivery/Invoice, it display the wrong Invoice/Delivery address ",Fix option selection issue in order creation page
25570,https://github.com/PrestaShop/PrestaShop/issues/25570,https://github.com/PrestaShop/PrestaShop/pull/25572,9e836e7a2b39e29ae161ffc7f6d88418ed82b281,3ec7b630c3b5c6862e3f50c8f748a434ae8cb6c2,2021-08-16,.github/workflows/integration.yml|composer.json|composer.lock|src/Core/Addon/Module/ModuleManager.php,CO,?,difficile,25572,develop,(yml)|(json)|(lock)|ModuleManager::install,4,13,CI is failing - integration tests - php8 Required parameter $id_shop follows optional parameter $id_linksmenutop,Do not upgrade module on module installation process
25340,https://github.com/PrestaShop/PrestaShop/issues/25340,https://github.com/PrestaShop/PrestaShop/pull/25442,6e2a4b0176d5f42fbc6b9a8ddd47e87d881d1296,9e836e7a2b39e29ae161ffc7f6d88418ed82b281,2021-08-16,admin-dev/themes/new-theme/js/components/module-card.ts|src/Core/Addon/Module/ModuleRepository.php|src/PrestaShopBundle/Controller/Admin/Improve/ModuleController.php,BO,bo,difficile,25442,develop,function|ModuleRepository::clearCache|ModuleRepository::getAddonsCatalogModules|ModuleRepository::getModule|ModuleController::moduleAction,5,14,"BO - Actions (Install - Uninstall - Disable - Enable - Reset) are NOK - You have requested a non-existent service ""templating",Fix module uninstallation from the Module Manager
25617,https://github.com/PrestaShop/PrestaShop/issues/25617,https://github.com/PrestaShop/PrestaShop/pull/25629,ad11020ca52f10c1fd413da47045542aeb895572,0982558d0e3bb0ca0825fc86c2030bd67b5ec8af,2021-08-17,classes/CartRule.php,FO,fo,facile,25629,1.7.7.x,CartRuleCore::checkValidity,1,6,FO - Using a limited cart rule crashes checkout at shipping step if the database prefix is not ps_,Use _DB_PREFIX_ constant instead of ps_ in SQL queries
25614,https://github.com/PrestaShop/PrestaShop/issues/25614,https://github.com/PrestaShop/PrestaShop/pull/25613,26d3f50b7f80a3b9e5dfa5c616daac3b847aff95,100acc953067da88f2077d09ce153cac9eff2457,2021-08-17,classes/Hook.php,FO,fo,facile,25613,1.7.8.0-build,HookCore::exec,1,2,FO - Cannot create customer after upgrade from 1.6.1.24 to 1.7.8,Fix missing hook behavior when we want an array return
25264,https://github.com/PrestaShop/PrestaShop/issues/25264,https://github.com/PrestaShop/PrestaShop/pull/25386,7d2ac226cf988b3706ecb3b9a5154e41612aae89,5e7b8755c3d1b87cee344239da2b1d488c99b310,2021-08-17,admin-dev/themes/new-theme/js/pages/localization/LocalizationPageMap.js|admin-dev/themes/new-theme/js/pages/localization/index.js,BO,bo,moyen,25386,1.7.8.x,(nouveau fichier)|(hors fonction),2,35,BO - Localization Page - There is no confirmation modal when changing the currency by default,Fixed selector call for enabling back the confirmation modal when changing the currency by default
25174,https://github.com/PrestaShop/PrestaShop/issues/25174,https://github.com/PrestaShop/PrestaShop/pull/25205,5e7b8755c3d1b87cee344239da2b1d488c99b310,1c8358987467660ae10a37eb1b7fce77d1bc3211,2021-08-17,src/PrestaShopBundle/Resources/views/Admin/Sell/Customer/view.html.twig,BO,bo,facile,25205,1.7.8.x,(twig),1,5,Incorrect display on address block in BO > Customers > View customer,BO : Moved addresses block in Customer Page
25133,https://github.com/PrestaShop/PrestaShop/issues/25133,https://github.com/PrestaShop/PrestaShop/pull/25192,26d3f50b7f80a3b9e5dfa5c616daac3b847aff95,7d2ac226cf988b3706ecb3b9a5154e41612aae89,2021-08-17,themes/classic/_dev/css/components/search-widget.scss,FO,fo,facile,25192,1.7.8.x,(scss),1,17,Header's Search Field -- Front Office,Make searchbar full width on md and xs
25631,https://github.com/PrestaShop/PrestaShop/issues/25631,https://github.com/PrestaShop/PrestaShop/pull/25634,bf7e063b592d9cfedb768a47ea6f820dd71f3633,3694205d696baf0817ba5b03dc99f5221a3cf63f,2021-08-18,src/PrestaShopBundle/Controller/Admin/Sell/Order/OrderController.php|src/PrestaShopBundle/Resources/config/routing/admin/sell/orders/orders.yml|src/PrestaShopBundle/Resources/views/Admin/Sell/Order/Order/Blocks/View/product.html.twig,BO,fo+bo,moyen,25634,1.7.7.x,OrderController::configureProductPaginationAction|OrderController::displayCustomizationImageAction|(yml)|(twig),4,10,BO - Order page - Debug mode enabled - an exception is displayed when ordering a product with a file customization - The label is empty in the employee language,Do not use name in admin_orders_display_customization_image_route
25538,https://github.com/PrestaShop/PrestaShop/issues/25538,https://github.com/PrestaShop/PrestaShop/pull/25548,9e7a4af659f77848efe466feed7ebca00eeb2759,f8499d74b1e7db512b1d75eee6a71f8548e4c601,2021-08-18,templates/bundles/PrestaShopBundle/Admin/Sell/Order/Order/Blocks/Create/cart.html.twig,BO,fo+bo,facile,25548,develop,(twig),1,10,BO - Add new Order page - Cannot Add a product with required customization,Set template for customization in div
25663,https://github.com/PrestaShop/PrestaShop/issues/25663,https://github.com/PrestaShop/PrestaShop/pull/25665,100acc953067da88f2077d09ce153cac9eff2457,0b717e6c14cb0feea61ff4784842406776a0ef85,2021-08-20,themes/classic/_dev/js/product.js,FO,fo,facile,25665,1.7.8.0-build,swipe,1,2,FO: Classic Theme: Wrong product image size loaded when clicking on thumbnail,"Load medium size thumbnail on click on FO product page, instead of large"
25042,https://github.com/PrestaShop/PrestaShop/issues/25042,https://github.com/PrestaShop/PrestaShop/pull/25635,0b717e6c14cb0feea61ff4784842406776a0ef85,e9fb8e4f21f3ac006188a0b3ce1549b335a447f0,2021-08-20,themes/classic/templates/layouts/layout-both-columns.tpl,FO,fo,facile,25635,1.7.8.0-build,(tpl),1,2,Incorrect html lang,Fix html lang attribute to use the locale instead of ISO code
25490,https://github.com/PrestaShop/PrestaShop/issues/25490,https://github.com/PrestaShop/PrestaShop/pull/25491,fb8aac7ef4bfd3e4fca6b7adbd4440d66fec24a7,9eaf14dfe16c7cb2ddeebc61021fa2ecafee5f1d,2021-08-20,install-dev/data/xml/hook.xml|install-dev/upgrade/sql/1.7.9.0.sql|src/Adapter/Order/CommandHandler/UpdateOrderShippingDetailsHandler.php,BO,bo,difficile,25491,develop,(xml)|(sql)|UpdateOrderShippingDetailsHandler::handle,3,16,hook actionAdminOrdersTrackingNumberUpdate not working correctly,Fix actionAdminOrdersTrackingNumberUpdate call location
25610,https://github.com/PrestaShop/PrestaShop/issues/25610,https://github.com/PrestaShop/PrestaShop/pull/25612,500049250f7c197915a772b1fe6eb4bb97f3f8f4,aeeb27acc6414246e5c286211467b25f2078e710,2021-08-23,src/PrestaShopBundle/Resources/views/Admin/Product/ProductPage/Panels/combinations.html.twig,BO,bo,moyen,25612,1.7.8.x,(twig),1,48,[BO] - Bad display of help-box in Virtual product tab,Fix helpbox outside form label on product page
25459,https://github.com/PrestaShop/PrestaShop/issues/25459,https://github.com/PrestaShop/PrestaShop/pull/25569,aeeb27acc6414246e5c286211467b25f2078e710,1dd8a48c1854ad1edb63e69eb99fb16abb7669d2,2021-08-23,themes/classic/_dev/css/components/imageslider.scss,FO,fo,facile,25569,1.7.8.x,(scss),1,10,Firefox - horizontal scrollbar on homepage under 991px,Fix next icon going outside imageslider on classic theme
25422,https://github.com/PrestaShop/PrestaShop/issues/25422,https://github.com/PrestaShop/PrestaShop/pull/25427,804ceb60dc1bdb56b2339797a7ec9c1fefd9c6ee,b10cae388f5a76d85eac4a0693ced65f335e620c,2021-08-23,admin-dev/themes/default/scss/partials/_buttons.scss|admin-dev/themes/new-theme/scss/components/_button.scss,BO,bo,facile,25427,1.7.8.x,(scss)|(scss),2,3,BO responsivity - button text should not overflow,Fix overflowing buttons
18215,https://github.com/PrestaShop/PrestaShop/issues/18215,https://github.com/PrestaShop/PrestaShop/pull/25564,c1f8dd460d0e3b79f89c8ce7c0a1d25282ce932b,0a5431f63b7e9f4c28a2fb86c121936f6818abb0,2021-08-25,classes/Cart.php,FO,fo+bo,facile,25564,develop,CartCore::hasRealProducts,1,27,Shipping method choice is displayed when a cart contains a pack of virtuals products,"In checkout, shipping method is not displayed if cart is only virtual"
23606,https://github.com/PrestaShop/PrestaShop/issues/23606,https://github.com/PrestaShop/PrestaShop/pull/25558,643df036aa53744b9a5e409cb363e5c7e94559b2,79fffcaed9f991495446ee2aa5cdc944b294a9f4,2021-08-25,src/PrestaShopBundle/Form/Admin/Sell/CustomerService/MerchandiseReturn/MerchandiseReturnOptionsFormDataProvider.php|tests/Unit/PrestaShopBundle/Form/Admin/Sell/CustomerService/MerchandiseReturn/MerchandiseReturnOptionsFormDataProviderTest.php,BO,bo,difficile,25558,develop,MerchandiseReturnOptionsFormDataProvider::getData|MerchandiseReturnOptionsFormDataProvider::setData|(nouveau fichier),3,82,BO - Merchandise Returns - Cannot save Merchandise return (RMA) options,Fixed save in Symfony Form Merchandise Return Options
24490,https://github.com/PrestaShop/PrestaShop/issues/24490,https://github.com/PrestaShop/PrestaShop/pull/24491,436e99948186c3973b1d3182a272ee41a256ae0f,c1f8dd460d0e3b79f89c8ce7c0a1d25282ce932b,2021-08-25,classes/SpecificPriceRule.php,BO,bo,facile,24491,develop,SpecificPriceRuleCore::getAffectedProducts,1,6,Catalog Price Rule not working with multi shop when on a specific category,BO SpecificPriceRule - Fix Multi Shop filter on conditions
21640,https://github.com/PrestaShop/PrestaShop/issues/21640,https://github.com/PrestaShop/PrestaShop/pull/25302,0931ad29d30dc54fa5429583967fd77cd6eebe40,4d09e859c595ded636d5f1ae3952afb97343e1bb,2021-09-01,controllers/admin/AdminCarriersController.php,BO,bo,facile,25302,develop,AdminCarriersControllerCore::getList,1,15,BO - Carriers page - The sort by Name is not working correctly,Fixed sort for naming in Admin > Carriers list
25718,https://github.com/PrestaShop/PrestaShop/issues/25718,https://github.com/PrestaShop/PrestaShop/pull/25749,ff400b75292459ae17d1c943b59cab7dfc09bf9c,5c86a98de9cd037555b6f48ec2046641de52d00c,2021-09-02,admin-dev/themes/default/js/bundle/product/form.js,BO,bo,moyen,25749,1.7.7.x,formatCurrencyCldr|computePriceTaxIncluded|computePriceTaxExcluded|impactFinalPriceTaxExcluded|impactFinalPriceTaxIncluded|getCombinationFinalPriceTaxExcludedById,6,12,BO combination price editor problem - Number comma formatter,Product combination price edit : Use blur instead of onkeyup to avoid price flip
25272,https://github.com/PrestaShop/PrestaShop/issues/25272,https://github.com/PrestaShop/PrestaShop/pull/25387,8a16ad149c5af4b72d7d183fce3a85fd091a65f9,a075bfd4f06aa5ecd9301bab26561afd8c9282e5,2021-09-03,themes/classic/_dev/css/components/products.scss,FO,fo+bo,facile,25387,1.7.8.x,(scss),1,2,FO - the product-flags must be on the same row but with spaces,Product flags: Fixed spacing with multiples flags on frontoffice
25782,https://github.com/PrestaShop/PrestaShop/issues/25782,https://github.com/PrestaShop/PrestaShop/pull/25784,5c86a98de9cd037555b6f48ec2046641de52d00c,3b093ccbffc435259b9fd74443c695bd0dac7bf5,2021-09-08,classes/Product.php,BO,bo,facile,25784,1.7.7.x,ProductCore::priceCalculation,1,4,BO - Products page - an exception is displayed when combination feature is disabled,Use null coalescing operator to fix notice
25674,https://github.com/PrestaShop/PrestaShop/issues/25674,https://github.com/PrestaShop/PrestaShop/pull/25833,ae58b02565d3472b93f6434141339ba37c40479d,df544fce841dc2587e633ecdb1f211d819190706,2021-09-10,src/PrestaShopBundle/Controller/Admin/Configure/AdvancedParameters/WebserviceController.php|src/PrestaShopBundle/Controller/Admin/Configure/ShopParameters/MetaController.php|src/PrestaShopBundle/Controller/Admin/Sell/CustomerService/MerchandiseReturnController.php,BO,bo,difficile,25833,1.7.8.x,WebserviceController::toggleStatusAction|WebserviceController::saveSettingsAction|MetaController::deleteBulkAction|MetaController::processSetUpUrlsFormAction|MetaController::processShopUrlsFormAction|MetaController::processUrlSchemaFormAction|MetaController::processSeoOptionsFormAction|MetaController::renderForm|MetaController::processForm|(hors fonction)|MerchandiseReturnController|MerchandiseReturnController::indexAction,12,72,BO - Multistore - SEO & URLs page & Webservice page & new marchandise return page - an exception is displayed when changing Shop links,Fix exception when switching shop context after pushing a form on some configuration pages
25705,https://github.com/PrestaShop/PrestaShop/issues/25705,https://github.com/PrestaShop/PrestaShop/pull/25725,6380c0f03dd2ee24b0abdb0d1f3c02ee364aa66d,ae58b02565d3472b93f6434141339ba37c40479d,2021-09-10,src/Core/Form/IdentifiableObject/DataHandler/SupplierFormDataHandler.php,BO,bo,facile,25725,1.7.8.x,SupplierFormDataHandler::fillCommandWithData,1,3,"BO - Unable to save ""meta_keywords"" field on suppliers","Fix the save ""meta_keywords"" field on suppliers"
25644,https://github.com/PrestaShop/PrestaShop/issues/25644,https://github.com/PrestaShop/PrestaShop/pull/25704,df544fce841dc2587e633ecdb1f211d819190706,4854478940b5e8b20336b9b6384576458650b640,2021-09-13,src/Adapter/Order/QueryHandler/GetOrderProductsForViewingHandler.php|tests/Integration/Behaviour/Features/Context/Domain/OrderFeatureContext.php|tests/Integration/Behaviour/Features/Scenario/Order/order_product.feature|tests/Integration/Behaviour/behat.yml,BO,fo+bo,difficile,25704,1.7.8.x,GetOrderProductsForViewingHandler::handle|OrderFeatureContext::orderHasFollowingDocuments|(feature)|(yml),4,146,BO - Order page - Debug mode enabled - an exception is displayed when ordering a deleted product with a file customization,Fixed error on View Order when contains a customized product which has been deleted
25371,https://github.com/PrestaShop/PrestaShop/issues/25371,https://github.com/PrestaShop/PrestaShop/pull/25524,dd6d065d654f71df4c977c849da03d32946197d6,17d503c2a5030ecebf4d7d476461c847c640f867,2021-09-13,themes/classic/templates/_partials/microdata/head-jsonld.tpl|themes/classic/templates/_partials/microdata/product-jsonld.tpl|themes/classic/templates/_partials/microdata/product-list-jsonld.tpl,FO,fo+bo,difficile,25524,1.7.8.x,(tpl)|(tpl)|(tpl),3,132,Product structured data json-ld problem when price is not displayed,Fixed comma in conditional variable for JSON-LD
25510,https://github.com/PrestaShop/PrestaShop/issues/25510,https://github.com/PrestaShop/PrestaShop/pull/25523,4854478940b5e8b20336b9b6384576458650b640,ccea8d2bc6d72fe0f4f525434368e963a73faeb2,2021-09-13,src/Adapter/Order/QueryHandler/GetOrderForViewingHandler.php,BO,fo+bo,facile,25523,1.7.8.x,GetOrderForViewingHandler::getOrderReturns,1,2,"BO - Order details page - an exception is displayed when status of the ""merchandise return"" is deleted",Fixed empty translation for OrderReturn
25493,https://github.com/PrestaShop/PrestaShop/issues/25493,https://github.com/PrestaShop/PrestaShop/pull/25497,ccea8d2bc6d72fe0f4f525434368e963a73faeb2,dd6d065d654f71df4c977c849da03d32946197d6,2021-09-13,classes/pdf/HTMLTemplateInvoice.php|classes/pdf/HTMLTemplateOrderSlip.php|pdf/invoice.tax-tab.tpl,BO,bo,difficile,25497,1.7.8.x,HTMLTemplateInvoiceCore::getTaxTabContent|HTMLTemplateInvoiceCore::getTaxBreakdown|HTMLTemplateOrderSlipCore|HTMLTemplateOrderSlipCore::getTaxTabContent|HTMLTemplateOrderSlipCore::getTaxBreakdown|(tpl),6,59,Credit Slip - Ecotax is displayed in the Credit slip  - Tax details,Removed ecotax in invoice/orderslip PDF if ecotax is disabled
25674,https://github.com/PrestaShop/PrestaShop/issues/25674,https://github.com/PrestaShop/PrestaShop/pull/25874,8eace600c90d4c752fdfc539866b28aa9429cbec,982ccfde49decad835eb5558659e703080a3516f,2021-09-14,src/PrestaShopBundle/Controller/Admin/Configure/AdvancedParameters/WebserviceController.php|src/PrestaShopBundle/Controller/Admin/Configure/ShopParameters/MetaController.php|src/PrestaShopBundle/Controller/Admin/Sell/CustomerService/MerchandiseReturnController.php,BO,bo,difficile,25874,1.7.8.0-build,WebserviceController::toggleStatusAction|WebserviceController::saveSettingsAction|MetaController::deleteBulkAction|MetaController::processSetUpUrlsFormAction|MetaController::processShopUrlsFormAction|MetaController::processUrlSchemaFormAction|MetaController::processSeoOptionsFormAction|MetaController::renderForm|MetaController::processForm|(hors fonction)|MerchandiseReturnController|MerchandiseReturnController::indexAction,12,72,BO - Multistore - SEO & URLs page & Webservice page & new marchandise return page - an exception is displayed when changing Shop links,Apply PR #25833 into 1.7.8.0-build
25627,https://github.com/PrestaShop/PrestaShop/issues/25627,https://github.com/PrestaShop/PrestaShop/pull/25692,02e1dcedc5b588568078bade6e503031713d7b69,dcfb31ae08acd8d25a2ba4961cc9d0342d57b50a,2021-09-14,admin-dev/themes/new-theme/js/pages/order/view.ts,BO,bo,facile,25692,develop,initAddCartRuleFormHandler,1,16,BO - Orders page - Cannot add a voucher - the Add button is disabled,In BO > Orders: Fix disabled add voucher button
25740,https://github.com/PrestaShop/PrestaShop/issues/25740,https://github.com/PrestaShop/PrestaShop/pull/25741,7256b1f10f1bfe48ae373b505fd2ad1c4c4038be,6c9ff6ef355c20096cdc1b0f9aafe5813daf7b8f,2021-09-16,admin-dev/themes/default/scss/vendor/bootstrap-sass/_input-groups.scss|admin-dev/themes/new-theme/scss/pages/orders/_orders_main.scss,BO,bo,facile,25741,1.7.8.x,(scss)|(scss),2,10,[BO] - Buttons are not well displayed,Some buttons should not be allowed to wrap
25892,https://github.com/PrestaShop/PrestaShop/issues/25892,https://github.com/PrestaShop/PrestaShop/pull/25898,bc7066a61b39ec438b79ecbc4754143880a6bfac,b053af1a9c7e1000ccbb6c44ae3fc06caab92b92,2021-09-17,admin-dev/themes/default/js/bundle/product/form.js,BO,bo,facile,25898,1.7.8.0-build,computePriceTaxIncluded,1,2,BO - The Impact price tax included is nok - the Final retail price (tax incl.) of combination is NOK,Fixed selector in computePriceTaxIncluded
25254,https://github.com/PrestaShop/PrestaShop/issues/25254,https://github.com/PrestaShop/PrestaShop/pull/25388,2370d6c67c9d9ac284f8127c34409076fb8b597b,bc7066a61b39ec438b79ecbc4754143880a6bfac,2021-09-17,themes/classic/templates/catalog/_partials/product-prices.tpl,FO,fo+bo,facile,25388,1.7.8.0-build,(tpl),1,2,FO - Product details page - the ecotax is not updated while changing the currency with different exchange rate,FrontOffice : Use formatted ecotax price
23837,https://github.com/PrestaShop/PrestaShop/issues/23837,https://github.com/PrestaShop/PrestaShop/pull/25858,9d897ad92c55d0b1c174cd857800eb9732e272fa,f5a8601c19b66b8d2f67c1e89086e57eef8d32fb,2021-09-20,controllers/admin/AdminCustomerThreadsController.php,BO,bo,facile,25858,develop,AdminCustomerThreadsControllerCore::syncImap,1,2,Warning on line 1021 in file /prestashop/controllers/admin/AdminCustomerThreadsController.php [2] count(): Parameter must be an array or an object that implements Countable,Fix warning on the Customer Threads page
25878,https://github.com/PrestaShop/PrestaShop/issues/25878,https://github.com/PrestaShop/PrestaShop/pull/25900,8229c5e82a08b3ab7748961436d55fa6e4194883,0ac5f3117c71a26675285a0ed707e6c33fb6e511,2021-09-21,admin-dev/themes/new-theme/js/components/form/multistore-config-field.ts,BO,bo,facile,25900,develop,constructor,1,2,Can't select a field / toggle in a specific shop context,Fix broken multistore config forms's javascript
25114,https://github.com/PrestaShop/PrestaShop/issues/25114,https://github.com/PrestaShop/PrestaShop/pull/25115,a07a579cc23b476f04bfdbd378e739b42c3958ce,4a419214851a6256d7ff7b7dd4a5ee7ae1253900,2021-09-22,admin-dev/themes/new-theme/js/pages/customer/index.ts|src/PrestaShopBundle/Controller/Admin/Sell/Customer/CustomerController.php,BO,bo,difficile,25115,develop,(hors fonction)|CustomerController::getCustomerInformationAction|CustomerController::toggleStatusAction|CustomerController::toggleNewsletterSubscriptionAction|CustomerController::togglePartnerOfferSubscriptionAction,5,55,"When using toggle in Customers listing, whole page is refreshed although only row could be refreshed",Use AsyncToggleColumnExtension for Customers list
25901,https://github.com/PrestaShop/PrestaShop/issues/25901,https://github.com/PrestaShop/PrestaShop/pull/25904,294b7060dde791b64f0ba46421e365b913ad05f2,9da71bd5bb16aed675e93026386764c49fcb65ff,2021-09-24,src/PrestaShopBundle/Resources/views/Admin/Product/ProductPage/product.html.twig,BO,bo,facile,25904,1.7.8.x,(twig),1,1,BO - Warning is empty when we try to delete all combinations,Fixed modal content when bulk delete combinations
25711,https://github.com/PrestaShop/PrestaShop/issues/25711,https://github.com/PrestaShop/PrestaShop/pull/25776,82fb35f08151c57c3dd69af695ab4b3642f70602,fd7a186b4820a340a63a540f6226d16b08f1c0d1,2021-09-27,src/Core/Form/ChoiceProvider/ThemeByNameWithEmailsChoiceProvider.php|src/PrestaShopBundle/Controller/Admin/Improve/Design/MailThemeController.php|tests/Integration/Behaviour/Features/Context/Domain/ThemeMailTemplatesFeatureContext.php|tests/Integration/Behaviour/Features/Scenario/Misc/theme_mail_templates.feature|tests/Unit/Core/Form/ChoiceProvider/ThemeByNameWithEmailsChoiceProviderTest.php,BO,fo+bo,difficile,25776,develop,ThemeByNameWithEmailsChoiceProvider::getChoices|MailThemeController::generateMailsAction|(hors fonction)|ThemeMailTemplatesFeatureContext::generateEmailsWithTheFollowingDetails|ThemeMailTemplatesFeatureContext::mapGenerateThemeMailTemplatesData|(feature)|(nouveau fichier),7,126,[BO] - Generate Emails throws an exception missing `parameter_bag`,Removed use of service parameter in controller
25684,https://github.com/PrestaShop/PrestaShop/issues/25684,https://github.com/PrestaShop/PrestaShop/pull/25760,9da71bd5bb16aed675e93026386764c49fcb65ff,d58046e56f4c41a2ef243e9eabb16d922b140528,2021-09-27,classes/RequestSql.php|src/Adapter/SqlManager/SqlQueryValidator.php|tests/Integration/Adapter/SqlManager/SqlQueryValidatorTest.php,BO,bo,difficile,25760,1.7.8.x,RequestSqlCore::cutJoin|SqlQueryValidator::getLimitKeywordError|SqlQueryValidator::getReferenceError|SqlQueryValidatorTest::dataProviderValidate,4,46,BO - SQL Manager - SQL query return exception,Fixed error in SqlQueryValidator with multiple conditions in ON clause
25870,https://github.com/PrestaShop/PrestaShop/issues/25870,https://github.com/PrestaShop/PrestaShop/pull/25995,74d1878c8ca0566033d99621ad760f57f1dbee5a,afde3c2a4e149eedd3f990cab6ac1072f3c58a49,2021-09-28,classes/Category.php,BO,bo,facile,25995,develop,CategoryCore::update|CategoryCore::toggleStatus,2,13,Hook actionCategoryUpdate is fired twice when toggling category display status,Remove duplicate actionCategoryUpdate call on toggling category display status
25983,https://github.com/PrestaShop/PrestaShop/issues/25983,https://github.com/PrestaShop/PrestaShop/pull/25987,3588fcc4145e950d98d01803175c2f228632a3e2,74d1878c8ca0566033d99621ad760f57f1dbee5a,2021-09-28,themes/classic/modules/ps_customersignin/ps_customersignin.tpl,FO,fo+bo,facile,25987,develop,(tpl),1,2,FO - sign in - Exception when login with disabled friendly URL ,Fixed URL encoding when Friendly URL is disabled
25959,https://github.com/PrestaShop/PrestaShop/issues/25959,https://github.com/PrestaShop/PrestaShop/pull/25982,0e8e9e59ce0ce837448d754acbdbc0396dd5757f,3ba642bd83c6036eb83e2ea6737e08e69a9d1e4d,2021-09-28,classes/shop/Shop.php|install-dev/controllers/console/process.php,CO,fo,moyen,25982,1.7.8.0-build,ShopCore::getContextType|ShopCore::getContextualShopId|InstallControllerConsoleProcess::initializeContext,3,5,Install of PrestaShop 1.7.8-rc.1 is not possible in CLI mode,Fix CLI install
25942,https://github.com/PrestaShop/PrestaShop/issues/25942,https://github.com/PrestaShop/PrestaShop/pull/25961,dd56dd035160263d9d16fbd8ed7b884b4484999a,c98090b050c27c5247e6aa31ca2e1dc106dc48dc,2021-09-29,classes/Cart.php,FO,fo+bo,moyen,25961,1.7.8.x,CartCore|CartCore::applyProductCalculations|CartCore::cacheSomeAttributesLists,3,11,FO - Shopping cart page - An exception is displayed when a product added to cart transformed from simple product to a product with combinations ,Fixed display of attributes in cart on Frontoffice
25372,https://github.com/PrestaShop/PrestaShop/issues/25372,https://github.com/PrestaShop/PrestaShop/pull/25551,c98090b050c27c5247e6aa31ca2e1dc106dc48dc,07455e15f2463d3f3cdcf3f535d304dacf7ab2dd,2021-09-29,themes/classic/templates/_partials/microdata/product-jsonld.tpl,FO,fo+bo,facile,25551,1.7.8.x,(tpl),1,15,[FO - Product] Product comment structured data AggregateRating isn't working,Fixed JSON-LD with productcomments module data
26036,https://github.com/PrestaShop/PrestaShop/issues/26036,https://github.com/PrestaShop/PrestaShop/pull/26047,3231a4a86fe5d3b21b1219407b836cc4dac44371,cc1b045f965c53f86e575a299332d6caae306bcf,2021-10-01,classes/module/Module.php|src/Adapter/Presenter/Module/ModulePresenter.php,BO,bo,moyen,26047,develop,ModuleCore::getCacheId|ModulePresenter::present,2,12,Module Manage page ContextErrorException Critical on 1.7.7.8 when debug ON,Fix bugs that occur in CI because of non-resilient code
25980,https://github.com/PrestaShop/PrestaShop/issues/25980,https://github.com/PrestaShop/PrestaShop/pull/26026,07455e15f2463d3f3cdcf3f535d304dacf7ab2dd,af24c55e37484a5be5b635237c02fc1e8aef2593,2021-10-01,admin-dev/themes/new-theme/scss/components/_grid.scss,BO,bo,facile,26026,1.7.8.x,(scss),1,1,[BO] Buttons are not well displayed (part 2),BO: Fix the search button wrap
25853,https://github.com/PrestaShop/PrestaShop/issues/25853,https://github.com/PrestaShop/PrestaShop/pull/25857,af24c55e37484a5be5b635237c02fc1e8aef2593,a8046311418a319c3bb43e45c3e7a3a030bbbb65,2021-10-04,classes/controller/FrontController.php|themes/classic/templates/_partials/header.tpl|themes/classic/templates/_partials/microdata/head-jsonld.tpl|themes/classic/templates/checkout/_partials/header.tpl,FO,fo+bo,difficile,25857,1.7.8.x,FrontControllerCore::getTemplateVarCustomer|FrontControllerCore::getTemplateVarShop|(tpl)|(tpl)|(tpl),5,79,Width and Height values are fixed for Header shop logo,Fetch and set logo image size inside template
9577,https://github.com/PrestaShop/PrestaShop/issues/9577,https://github.com/PrestaShop/PrestaShop/pull/25834,6f95f94dcc41858629c43f0f099f4beede68ac67,55fa3f69ce68a6e226ff400e4586918e67b32732,2021-10-04,controllers/front/StoresController.php,BO,fo+bo,moyen,25834,develop,StoresControllerCore|StoresControllerCore::init|StoresControllerCore::processStoreAddress|StoresControllerCore::getStoresForXml|StoresControllerCore::displayAjax,5,35,[BOOM-6046] Controller problem after moving stores fields in store_lang,Fix the StoreController and add missing data
25891,https://github.com/PrestaShop/PrestaShop/issues/25891,https://github.com/PrestaShop/PrestaShop/pull/25903,19a1910560bb6f8343b3024a64041a7a207e7248,24905e21cc0edddb2a2cab6178f48f94786a9ff5,2021-10-06,controllers/front/ProductController.php,FO,fo+bo,facile,25903,1.7.8.x,ProductControllerCore::init,1,2,FO - Product disabled - an exception is displayed when changing combination or increasing / decreasing a quantity,Fixed preview of product in frontoffice
25298,https://github.com/PrestaShop/PrestaShop/issues/25298,https://github.com/PrestaShop/PrestaShop/pull/25291,24905e21cc0edddb2a2cab6178f48f94786a9ff5,8a9ca36f849b169fccec98638321ebdea76188a5,2021-10-08,admin-dev/themes/new-theme/js/pages/order/view/order-product-manager.js,BO,bo,facile,25291,1.7.8.x,deleteProduct,1,4,Show error delete product on order page admin,Show error delete product on order page admin
25588,https://github.com/PrestaShop/PrestaShop/issues/25588,https://github.com/PrestaShop/PrestaShop/pull/25822,8a9ca36f849b169fccec98638321ebdea76188a5,0abc20c068a865cc3d468f5f3dd0065f7d2580ba,2021-10-12,src/Core/Grid/Data/Factory/CustomerDiscountGridDataFactory.php|src/PrestaShopBundle/Controller/Admin/Sell/Customer/CustomerController.php,BO,bo,moyen,25822,1.7.8.x,CustomerDiscountGridDataFactory::getData|CustomerController::editAction|CustomerController::viewAction,3,24,BO - Customer View page - Pagination of the block voucher is NOK,Fixed pagination in Customer - View Page
21484,https://github.com/PrestaShop/PrestaShop/issues/21484,https://github.com/PrestaShop/PrestaShop/pull/25882,4f7abb316338750597928fb803baf1c5854f37ef,194bacc9a10b225015f493931f21975a3dd0e2ce,2021-10-13,classes/checkout/DeliveryOptionsFinder.php|themes/classic/templates/checkout/_partials/cart-summary-totals.tpl|themes/classic/templates/checkout/_partials/order-confirmation-table.tpl,FO,fo,moyen,25882,develop,DeliveryOptionsFinderCore::getDeliveryOptions|(tpl)|(tpl),3,6,"FO - ""No tax"" label is displayed in the FO despite of disabling the ""Display tax label"" in the Countries page","Respect country setting ""Display tax label (e.g. ""Tax incl."")"" in cart and order confirmation page"
26058,https://github.com/PrestaShop/PrestaShop/issues/26058,https://github.com/PrestaShop/PrestaShop/pull/26089,0abc20c068a865cc3d468f5f3dd0065f7d2580ba,56cc3c3092684bb87c2fe8ad01452d42b1f235a0,2021-10-14,controllers/admin/AdminLegacyLayoutController.php|src/PrestaShopBundle/Controller/Admin/Configure/AdvancedParameters/PerformanceController.php|src/PrestaShopBundle/Resources/views/Admin/Configure/AdvancedParameters/performance.html.twig,BO,bo,moyen,26089,1.7.8.x,AdminLegacyLayoutControllerCore::__construct|PerformanceController::indexAction|(twig),3,7,Cannot change the settings in the Performance section for the context of single-store,Allow multi-store changes on the Performance page
25850,https://github.com/PrestaShop/PrestaShop/issues/25850,https://github.com/PrestaShop/PrestaShop/pull/25856,0288c083ea6159d0aac33268ad1b100f31e714a1,c087e5cb79f8c73da7104c7bbf6ccd195be1f3f2,2021-10-14,themes/classic/templates/catalog/_partials/subcategories.tpl,FO,fo+bo,facile,25856,develop,(tpl),1,22,Subcategory template problems,Subcategories template refacto
26252,https://github.com/PrestaShop/PrestaShop/issues/26252,https://github.com/PrestaShop/PrestaShop/pull/26328,7207005c67452f82876a756df7cabd4a6ca58cab,b041a9831c6bcada56428a256394c2a9d40c9cef,2021-10-20,admin-dev/themes/default/scss/partials/_forms.scss,BO,bo,facile,26328,1.7.8.x,(scss),1,1,BO - the language dropdown is not well displayed when resizing the window ,Fix language dropdown when resizing window  in attribute creation page
21437,https://github.com/PrestaShop/PrestaShop/issues/21437,https://github.com/PrestaShop/PrestaShop/pull/26201,80e83fb4c8bc5b210fd3cd03845d614881d5e882,8730304790eb3a121eb724e74e183ac9ef1d927c,2021-10-20,classes/Customer.php,FO,fo,facile,26201,develop,CustomerCore::getSimpleAddressSql,1,3,Address selectors reversed after edition in FO's checkout process,Order addresses by alias on checkout
25448,https://github.com/PrestaShop/PrestaShop/issues/25448,https://github.com/PrestaShop/PrestaShop/pull/25787,a82454343934ee1b6b6a340653331bafeeeed3d9,cead068f678598ad0a5df4f12013c2d95cdaa234,2021-10-21,src/Adapter/Product/AdminProductDataUpdater.php,BO,bo,facile,25787,develop,(hors fonction)|AdminProductDataUpdater::duplicateProduct,2,2,"When duplicating product, out of stock ordering behavior is not copied","Fix when duplicating product, out of stock ordering behavior is not copied"
26348,https://github.com/PrestaShop/PrestaShop/issues/26348,https://github.com/PrestaShop/PrestaShop/pull/26358,b041a9831c6bcada56428a256394c2a9d40c9cef,75906b6c6c0ac17e9ecedbb664e4e9594ce23039,2021-10-22,admin-dev/themes/default/template/controllers/groups/helpers/form/form.tpl,BO,bo,facile,26358,1.7.8.x,(tpl),1,2,Add category discount and category discount listing misaligned when editing customer group,Fix display of Category discount page
26374,https://github.com/PrestaShop/PrestaShop/issues/26374,https://github.com/PrestaShop/PrestaShop/pull/26394,4a7834905cadb2ba39e5ee56742bc56df591c266,40f5e393c65009338d14d25ae1f95339fee002a0,2021-10-25,themes/classic/_dev/css/components/products.scss|themes/classic/templates/catalog/_partials/product-customization.tpl,FO,fo,moyen,26394,develop,(scss)|(tpl),2,7,FO- Bad display when entering a long text for product customization,Customization product text fix display
26326,https://github.com/PrestaShop/PrestaShop/issues/26326,https://github.com/PrestaShop/PrestaShop/pull/26380,9b7042522b8432e25ac66ed28d26a42b093b0f27,2fae0d099dc55769086595543047cf06419d54a1,2021-10-25,themes/classic/_dev/js/listing.js,FO,fo,facile,26380,develop,move,1,10,Simple anchors do not work,Fix Simple anchors do not work
26149,https://github.com/PrestaShop/PrestaShop/issues/26149,https://github.com/PrestaShop/PrestaShop/pull/26241,6daaad4034bd5ba4f29bbc8a39050acb846bbe74,4a7834905cadb2ba39e5ee56742bc56df591c266,2021-10-25,src/Core/Grid/Definition/Factory/CustomerDiscountGridDefinitionFactory.php,BO,bo,facile,26241,develop,CustomerDiscountGridDefinitionFactory::getColumns,1,5,BO - Customer View page - Sort in the block voucher & the block addresses are NOK,Disable sorting on customer discount vouchers
26406,https://github.com/PrestaShop/PrestaShop/issues/26406,https://github.com/PrestaShop/PrestaShop/pull/26414,30616c7f294062e1f257b82a38b33c6d675451c3,cee0db0f0b9b9f68a7b2145c982a496c5bf7c177,2021-10-26,controllers/front/listing/CategoryController.php,FO,fo,facile,26414,develop,CategoryControllerCore::getBreadcrumbLinks,1,2,Category breadcrumb error,Use proper variable for checking category active
26326,https://github.com/PrestaShop/PrestaShop/issues/26326,https://github.com/PrestaShop/PrestaShop/pull/26410,11af225011a8d072755a59e9bc51571118e930da,36cdc6b3fa468789bf6eec9931da32803ee3803b,2021-10-26,themes/classic/_dev/js/listing.js,FO,fo,facile,26410,1.7.8.x,move,1,10,Simple anchors do not work,Backport Fix Simple anchors do not work #26380
26274,https://github.com/PrestaShop/PrestaShop/issues/26274,https://github.com/PrestaShop/PrestaShop/pull/26289,75906b6c6c0ac17e9ecedbb664e4e9594ce23039,11af225011a8d072755a59e9bc51571118e930da,2021-10-26,themes/_core/js/checkout-payment.js,FO,fo,facile,26289,1.7.8.x,toggleOrderButton,1,2,"After upgrade, theme must be updated to be able to pay into the final step on PrestaShop 1.7.8",Fix disabled attribute on checkout on classic
24911,https://github.com/PrestaShop/PrestaShop/issues/24911,https://github.com/PrestaShop/PrestaShop/pull/26221,36cdc6b3fa468789bf6eec9931da32803ee3803b,5ab5b35a7c5e189f8c826e44cef21587c787557b,2021-10-26,src/Core/Grid/Query/OrderQueryBuilder.php,BO,bo,moyen,26221,1.7.8.x,OrderQueryBuilder::getCountQueryBuilder|OrderQueryBuilder::getBaseQueryBuilder|OrderQueryBuilder::addNewCustomerField|OrderQueryBuilder::applyNewCustomerFilter,4,33,BO - Orders - impossible to extend order grid query from module,Fix SQL query in OrderQueryBuilder
26433,https://github.com/PrestaShop/PrestaShop/issues/26433,https://github.com/PrestaShop/PrestaShop/pull/26434,58ebf03585839958d386776f1db9074473a04063,e53f8bded2bf49bf82483deb07f98eef7746231f,2021-10-27,themes/_core/js/cart.js,FO,fo,facile,26434,1.7.8.x,(hors fonction),1,4,[FO] Add to cart not working when clicking on icon cart,Fix adding to cart with the click on the icon
26044,https://github.com/PrestaShop/PrestaShop/issues/26044,https://github.com/PrestaShop/PrestaShop/pull/26392,95ea27292fd176c3e47a2681e5514616b946d621,3274b78607db66364933bbd70e0a047cd3b4ecbd,2021-10-27,themes/classic/_dev/js/checkout.js,FO,fo,facile,26392,develop,setUpCheckout,1,2,Gift message bug if clicking fast,Fix Gift message bug if clicking fast
26342,https://github.com/PrestaShop/PrestaShop/issues/26342,https://github.com/PrestaShop/PrestaShop/pull/26365,5ab5b35a7c5e189f8c826e44cef21587c787557b,5c6530e8f775ef82b984a92ca1ad403b9e8207fb,2021-10-27,admin-dev/themes/default/template/controllers/countries/helpers/form/form.tpl,BO,bo,facile,26365,1.7.8.x,(tpl),1,2,BO - Address format in Countries page is badly displayed,Fix display of address format in Countries page
9579,https://github.com/PrestaShop/PrestaShop/issues/9579,https://github.com/PrestaShop/PrestaShop/pull/26347,c84d0964ce08f0eb473273784a3b37f56db5e242,b1ee2d131fe8a5f6c5be9b6e5c3e9323488c21a0,2021-10-27,classes/order/OrderReturn.php|themes/classic/templates/customer/_partials/order-detail-return.tpl,FO,fo,difficile,26347,develop,OrderReturnCore::addReturnDetail|(tpl),2,56,[BOOM-6042] You can return more customizable products than you ordered,Fix for issue with customizable products returns
25966,https://github.com/PrestaShop/PrestaShop/issues/25966,https://github.com/PrestaShop/PrestaShop/pull/26145,cfd2345200c89ce281708c73b8ffc3e0a79301cb,58ebf03585839958d386776f1db9074473a04063,2021-10-27,admin-dev/themes/default/js/calendar.js,BO,bo,facile,26145,1.7.8.x,setPreviousYear,1,13,[BO] Dashboard time-val selection doesn't change the calendar,Fix time-val input buttons to change calendar date-range
26067,https://github.com/PrestaShop/PrestaShop/issues/26067,https://github.com/PrestaShop/PrestaShop/pull/26068,d0adcffe3de7358b8ec7421cd77052eb6c90c03a,319c3a8aa74d647823b0302eff458cc9a6092781,2021-10-27,classes/pdf/PDF.php,BO,bo,facile,26068,develop,PDFCore::render,1,5,Footer from next invoice shown on invoice when exporting multiple invoices (i.e. invoices by date range),Footer from next invoice shown on invoice when exporting multiple invoices (i.e. invoices by date range)
23365,https://github.com/PrestaShop/PrestaShop/issues/23365,https://github.com/PrestaShop/PrestaShop/pull/25046,5c6530e8f775ef82b984a92ca1ad403b9e8207fb,f94e356d131e66631228ac24226ede6bf1ca88fc,2021-10-27,admin-dev/themes/default/js/tree.js|classes/Category.php|classes/helper/HelperTreeCategories.php|src/PrestaShopBundle/Controller/Admin/Sell/Catalog/CategoryController.php,BO,bo,difficile,25046,1.7.8.x,function|CategoryCore::getRootCategory|HelperTreeCategoriesCore::getRootCategory|(hors fonction)|CategoryController::indexAction|CategoryController::formatCategoriesTreeForPresentation|CategoryController::getCategoryToolbarButtons,7,64,BO - The browser is unable to show the error message on an hidden element.,"In MultiShop, In new Category, display the top category if there are more one root category"
15878,https://github.com/PrestaShop/PrestaShop/issues/15878,https://github.com/PrestaShop/PrestaShop/pull/25972,b4c8e139a6998a6e0346f13c30d22496630d9534,313eeae8ab0373ddce1805c605921abda8eaad51,2021-10-28,classes/Connection.php|controllers/front/CartController.php,FO,fo,moyen,25972,develop,ConnectionCore::setPageConnection|ConnectionCore::setNewConnection|CartControllerCore::updateCart,3,22,Bug add to cart without cookie session ,"Do not reject cart creation if no cookie, only exclude bots"
24706,https://github.com/PrestaShop/PrestaShop/issues/24706,https://github.com/PrestaShop/PrestaShop/pull/24707,d95d637a1bc801749209a0f216923bc5d58932a1,a2cbf5cf42006fbb6766ac15a5e5c8f6af3d01c3,2021-10-28,classes/Mail.php|classes/PrestaShopLogger.php,BO,fo+bo,moyen,24707,develop,MailCore::send|PrestaShopLoggerCore::addLog,2,14,"PrestashopLogger should save object type, even if object id is not set.","PrestashopLogger should save object type, even if object id is not set."
26429,https://github.com/PrestaShop/PrestaShop/issues/26429,https://github.com/PrestaShop/PrestaShop/pull/26447,e53f8bded2bf49bf82483deb07f98eef7746231f,dd277d289b77b32b7b493cbe9f14bc0f4b949c25,2021-10-29,admin-dev/themes/new-theme/js/app/pages/stock/components/movements/movement-line.vue|admin-dev/themes/new-theme/js/app/pages/stock/components/overview/product-line.vue|admin-dev/themes/new-theme/js/app/pages/stock/mixins/product-desc.js,BO,bo,moyen,26447,1.7.8.x,(hors fonction)|(hors fonction)|combinationName,3,15,Attributes with comma not displayed in Stock management,Fix Attributes with comma not displayed in Stock management
26491,https://github.com/PrestaShop/PrestaShop/issues/26491,https://github.com/PrestaShop/PrestaShop/pull/26492,8d63d3a3323d18c7535c8b0f9d4455958cfbe07a,b9f3d3d31ec49d5afb3d7541c03a80aea73a4027,2021-11-02,admin-dev/themes/default/template/controllers/tax_rules/helpers/form/form.tpl,BO,bo,facile,26492,1.7.8.x,(tpl),1,4,BO - New tax rule page - the State field and the Zip/Postal are not aligned,Fix the display of the State field and the Zip/Postal in the add new Tax rule page
23922,https://github.com/PrestaShop/PrestaShop/issues/23922,https://github.com/PrestaShop/PrestaShop/pull/26188,37c482d2abb349550287e6124f041f2658482422,fe8bc55b5dcb46ad47d9f6886a30b7f183e1a69d,2021-11-03,src/PrestaShopBundle/Model/Product/AdminModelAdapter.php|tests/Integration/PrestaShopBundle/Model/Product/AdminModelAdapterTest.php,BO,bo,moyen,26188,develop,AdminModelAdapter::getModelData|AdminModelAdapterTest::fakeCombination|AdminModelAdapterTest::testGetFormCombination,3,7,The decimal of wholesale prices on attributes is lost when editing the product,Add a float parser for the wholesale price of attributes
26463,https://github.com/PrestaShop/PrestaShop/issues/26463,https://github.com/PrestaShop/PrestaShop/pull/26512,18acc6afde5f0b6ec706deeb70b157da1ddccdfa,a3aaa044494f1ff4ca7876bae6ee540b88e27a4e,2021-11-04,src/PrestaShopBundle/Resources/config/routing/admin/configure/advanced_parameters/profiles.yml,BO,bo,facile,26512,develop,(yml),1,4,BO - Profiles - Filters are NOK,Fixed search on Profile Grid in BackOffice
18086,https://github.com/PrestaShop/PrestaShop/issues/18086,https://github.com/PrestaShop/PrestaShop/pull/26415,0dfad6881da6c0beb6c3f804612bbb087fbe9189,7cd436c0e55d7aae0e4f515eea4e9a81f64e09d2,2021-11-05,classes/Product.php,BO,fo+bo,facile,26415,develop,ProductCore::_getCustomizationFieldsNLabels,1,1,An old deleted customization field is copied after duplicating a product,Fix old deleted customization fields copied after duplicating a product
22336,https://github.com/PrestaShop/PrestaShop/issues/22336,https://github.com/PrestaShop/PrestaShop/pull/24780,57398c473a610e52121bc418bb3ead2384ced38f,0184986284197e108937da4ff212599ab949d034,2021-11-09,controllers/admin/AdminImportController.php,BO,fo+bo,facile,24780,develop,AdminImportControllerCore::productImportOne,1,6,Product Import - Main category deleted after the import,Fix to keep the main product category after importing a product update
26519,https://github.com/PrestaShop/PrestaShop/issues/26519,https://github.com/PrestaShop/PrestaShop/pull/26538,673f808470b524408bbe7022a7331eb5df5cff09,c4a7512c222202d17e94d6e6a3f8476fbad2dd6f,2021-11-12,admin-dev/filemanager/js/bootbox.min.js|admin-dev/filemanager/js/include.js|admin-dev/filemanager/js/include.min.js|admin-dev/filemanager/lang/fr.php,BO,bo,moyen,26538,develop,(hors fonction)|setTimeout|fix_colums|(hors fonction),4,8,BO - The field text of a new folder is not consider as a placeholder,Fixed filemanager new folder
26149,https://github.com/PrestaShop/PrestaShop/issues/26149,https://github.com/PrestaShop/PrestaShop/pull/26220,c5ac7baaec3b913ed2ff64195938ef05bd21169c,673f808470b524408bbe7022a7331eb5df5cff09,2021-11-12,admin-dev/themes/new-theme/js/pages/customer/index.ts|src/Core/Grid/Data/Factory/CustomerAddressGridDataFactoryDecorator.php|src/Core/Grid/Definition/Factory/CustomerAddressGridDefinitionFactory.php|src/Core/Grid/Query/CustomerAddressQueryBuilder.php,BO,bo,difficile,26220,develop,(hors fonction)|(hors fonction)|CustomerAddressGridDataFactoryDecorator::getData|CustomerAddressGridDataFactoryDecorator::applyModifications|CustomerAddressGridDefinitionFactory::getColumns|CustomerAddressQueryBuilder::getSearchQueryBuilder,6,63,BO - Customer View page - Sort in the block voucher & the block addresses are NOK,Repair sorting on block address in customer view
25502,https://github.com/PrestaShop/PrestaShop/issues/25502,https://github.com/PrestaShop/PrestaShop/pull/25501,c4a7512c222202d17e94d6e6a3f8476fbad2dd6f,8429bcf184490e39059bc08e3c0b90c834b8d902,2021-11-12,config/smarty.config.inc.php,FO,fo,facile,25501,develop,smartyClassname,1,4,Smarty Modifier Classname - compatibility with CSS BEM method,Smarty Modifier Classname - compatibility with CSS BEM method
26508,https://github.com/PrestaShop/PrestaShop/issues/26508,https://github.com/PrestaShop/PrestaShop/pull/26586,46cd45e36f15fe15313551459b65cd46f90417dc,faa994c172acd7f94b585c561bb3bf5ab58a1aa2,2021-11-15,themes/classic/config/theme.yml,BO,fo+bo,facile,26586,develop,(yml),1,3,"[Modules - DisplayHome hook] The modules New products block, Specials block, Top-sellers block are not transplanted to the DisplayHome hook",Added modules to hook DisplayHome in classic theme
26424,https://github.com/PrestaShop/PrestaShop/issues/26424,https://github.com/PrestaShop/PrestaShop/pull/26425,adf04e5912233fc5aa75cb7775a8e30f2f6fed73,b612796c46c58e1004549a6f2b2ebc576837568c,2021-11-15,classes/Product.php|classes/SpecificPrice.php|tests/Integration/Behaviour/Features/Scenario/Product/duplicate_product.feature,BO,bo,difficile,26425,develop,ProductCore|ProductCore::duplicateAttributes|ProductCore::duplicateSpecificPrices|SpecificPriceCore::getIdsByProductId|SpecificPriceCore::deleteByProductId|SpecificPriceCore::duplicate|(feature),7,66,Specific prices are not properly duplicated when duplicating a product,Fix duplication of specific prices that apply to a single combination
26327,https://github.com/PrestaShop/PrestaShop/issues/26327,https://github.com/PrestaShop/PrestaShop/pull/26526,9d00d14044a5a4790d817a49d6fc5903c4a9e63f,bec9a5c58705074de3aab2adbd4ca59a8bcaefe8,2021-11-16,themes/classic/templates/catalog/listing/product-list.tpl,FO,fo,facile,26526,1.7.8.x,(tpl),1,26,Wishlist button disappears while using Faceted Search,Fixed wishlist button disappear when products are filtered
25738,https://github.com/PrestaShop/PrestaShop/issues/25738,https://github.com/PrestaShop/PrestaShop/pull/25818,cdbbf89c4fdddbfa01fc795e2d410d3889872ea3,eadd5c8e35b4337a71d63b4266d19f05366ae455,2021-11-16,classes/controller/FrontController.php,FO,fo+bo,facile,25818,develop,FrontControllerCore::addJqueryUI,1,2,jQuery UI overrides bootstrap tooltip component,Change jQuery-ui position before theme.js to avoid overriding bootstrap ones
26535,https://github.com/PrestaShop/PrestaShop/issues/26535,https://github.com/PrestaShop/PrestaShop/pull/26607,6c9c2f1c1bc5471b280359f0f0bc3c11e4c9e9fb,3e34b00c6ff12be9ec41758d50dac1947b246cf2,2021-11-22,admin-dev/themes/new-theme/scss/pages/orders/_orders_create.scss,BO,bo,facile,26607,1.7.8.x,(scss),1,2,BO - Add new Order page - Incorrect scroll is displayed when we try to add a customized product,Fix unnecessary scrollbar
26644,https://github.com/PrestaShop/PrestaShop/issues/26644,https://github.com/PrestaShop/PrestaShop/pull/26673,789b2356f0c5d20e7e24e95c2b91585dd821fa73,c2b88f9ad4f6e76349b25f1a503c744ea7a17601,2021-11-23,themes/classic/_dev/css/partials/_commons.scss,FO,fo,facile,26673,develop,(scss),1,10,[FO] Form elements are misaligned in 1.7.x.x and inconsistent on different browsers,Fix button alignment inside input-group
26666,https://github.com/PrestaShop/PrestaShop/issues/26666,https://github.com/PrestaShop/PrestaShop/pull/26658,3e34b00c6ff12be9ec41758d50dac1947b246cf2,3af0e80c3c85df3392dc59d9427870a1951ea096,2021-11-23,themes/classic/templates/_partials/helpers.tpl,FO,fo,facile,26658,1.7.8.x,(tpl),1,1,Logo should not be lazyloaded,Remove lazy load for logo
26635,https://github.com/PrestaShop/PrestaShop/issues/26635,https://github.com/PrestaShop/PrestaShop/pull/26691,d154df4366ecb661fa76db9eac74d8a826c8549a,07e3587b001176fc581364b0015db46af8bfcfe2,2021-11-24,admin-dev/themes/new-theme/scss/components/layout/_main_header.scss,BO,fo+bo,facile,26691,1.7.8.x,(scss),1,1,[BO] Bad display of the header search box in new theme for RTL languages,"In BackOffice, fixed the header search box oversized height"
16840,https://github.com/PrestaShop/PrestaShop/issues/16840,https://github.com/PrestaShop/PrestaShop/pull/26075,3a9c5619daf68a1daff88e5b27f36d8ed490b295,630ebcc8c3e9369b24d4326e7e091a2294cfcf58,2021-11-26,classes/order/OrderDetail.php,CO,?,facile,26075,develop,OrderDetailCore::create,1,10,OrderDetail->product_quantity_in_stock is wrong,Do not use virtual cart for saving quantity in stock
26471,https://github.com/PrestaShop/PrestaShop/issues/26471,https://github.com/PrestaShop/PrestaShop/pull/26699,bb4d4313eb4a6812c8168c8368eaf20ae7359757,d6be3c0d66fc8102c1b53590241ba65ce7febd00,2021-11-29,src/Adapter/Hook/HookDispatcher.php,CO,bo,moyen,26699,1.7.8.x,HookDispatcher::dispatch|HookDispatcher::dispatchMultiple|HookDispatcher::dispatchForParameters|HookDispatcher::renderForParameters|HookDispatcher::dispatchRenderingWithParameters|HookDispatcher::createHookEventWithContextParameters,6,20,Using display hooks in order view produces error,Add missing parameter in RenderingHookEvent
26550,https://github.com/PrestaShop/PrestaShop/issues/26550,https://github.com/PrestaShop/PrestaShop/pull/26561,27f29f9db48d34261e401a501f42d1f76097bff4,586dbdbb3c60899f9f07b1eb41864b9e4333175a,2021-12-01,src/PrestaShopBundle/Entity/AdminFilter.php|tests/Unit/PrestaShopBundle/Entity/AdminFilterTest.php,BO,bo,difficile,26561,develop,AdminFilter::sanitizeFilterParameters|(nouveau fichier),2,80,[BO] Product listing - Unable to search for a product with an apostrophe (if using the apostrophe),Don't encode quotes in column name filter value
26820,https://github.com/PrestaShop/PrestaShop/issues/26820,https://github.com/PrestaShop/PrestaShop/pull/26823,d6be3c0d66fc8102c1b53590241ba65ce7febd00,855b4a38a2c4801caf7d2be265ad86ad638ec863,2021-12-03,themes/classic/_dev/js/listing.js|themes/classic/_dev/js/selectors.js|themes/classic/templates/catalog/_partials/miniatures/product.tpl,FO,fo,difficile,26823,1.7.8.x,updateProductListDOM|(hors fonction)|(tpl),3,14,Category listing is using the wrong template when filtering with facetedsearch on Classic,Fix listing classes when using facetedsearch
26604,https://github.com/PrestaShop/PrestaShop/issues/26604,https://github.com/PrestaShop/PrestaShop/pull/26714,8e0cea1765259d460d449a692cb05ee28ecdd142,f1bdc900b1e041d51467e056dce9fd85fbaacf4e,2021-12-08,admin-dev/themes/new-theme/scss/components/_grid.scss,BO,fo+bo,facile,26714,1.7.8.x,(scss),1,2,[BO] - Email themes - the dropdown-menu items are not aligned,Fix dropdown align on email theme page
26718,https://github.com/PrestaShop/PrestaShop/issues/26718,https://github.com/PrestaShop/PrestaShop/pull/26731,33aef789a77327c5c5342752925804cc12172cca,ab8f416abfc6c604040af9eef1faf1956f0bb7ed,2021-12-09,tools/profiling/Db.php|tools/profiling/Hook.php|tools/profiling/Profiler.php|tools/profiling/templates/functions/load-time.tpl|tools/profiling/templates/stopwatch.tpl,BO,?,difficile,26731,develop,Db::query|Hook::coreRenderWidget|Profiler::processData|(tpl)|(tpl),5,31,Errors in output of Profiling mode,Fix display bugs in profiling
26137,https://github.com/PrestaShop/PrestaShop/issues/26137,https://github.com/PrestaShop/PrestaShop/pull/24120,9bfb1ed63a59f705616d1ca664aa4b4660bec54e,fea2d996e6d6463f456a0fe1afb475b20a8c94a9,2021-12-09,src/PrestaShopBundle/Entity/Repository/OrderInvoiceRepository.php,BO,bo,facile,24120,develop,OrderInvoiceRepository::countByOrderState,1,15,"BO invoice counters are wrongly displayed in ""All shops"" context",Fix wrong multishop detection in AdminInvoiceController
26597,https://github.com/PrestaShop/PrestaShop/issues/26597,https://github.com/PrestaShop/PrestaShop/pull/26703,9d50aab7877e9c237bf01bfbbc7bb01a4a384e49,1835e852cf160720390647f8aa1bf67ea439ba33,2021-12-13,themes/classic/_dev/js/product.js,FO,fo,facile,26703,1.7.8.x,swipe,1,1,Scroll down doesn't work on the main product image in the product page,Allow vertical scroll on product images
26846,https://github.com/PrestaShop/PrestaShop/issues/26846,https://github.com/PrestaShop/PrestaShop/pull/26887,1835e852cf160720390647f8aa1bf67ea439ba33,924235c696ca7dc993dbb71c753a57d75a025e15,2021-12-14,themes/classic/_dev/css/components/newsletter.scss,FO,fo+bo,facile,26887,1.7.8.x,(scss),1,1,Customer reassurance module doesn't show before footer in front-office classical theme,Fixed the Newsletter block overlap on Customer Reassurance block
26786,https://github.com/PrestaShop/PrestaShop/issues/26786,https://github.com/PrestaShop/PrestaShop/pull/26987,6b114d30a2cee624d0a549601ceb5c23e3297a9a,560358766a2b169e19f91c62b689894c7d767931,2021-12-16,src/PrestaShopBundle/Resources/views/Admin/macros.html.twig|tests/UI/campaigns/sanity/01_installShop/01_installShop.js,BO,bo?,moyen,26987,1.7.8.x,(twig)|it,2,4,Error with dynamical form rendering in 1.7.8.1,Fix label_attr check in form_rest macro
27010,https://github.com/PrestaShop/PrestaShop/issues/27010,https://github.com/PrestaShop/PrestaShop/pull/27014,9ffe1e6a1224daaa4f45aa96ff225f8070fa2f8a,e5f3bf6517799448a385fdffcf96f3df5e698d21,2021-12-17,js/admin.js,BO,bo,facile,27014,develop,setTimeout,1,2,BO - Errors are displayed in the console,Remove addons call
20454,https://github.com/PrestaShop/PrestaShop/issues/20454,https://github.com/PrestaShop/PrestaShop/pull/26475,75297a4bff3150739005e3137ab1b689a2c5d2e1,c7f4dbecd03906f120e58d8aecf59bad47b53a84,2021-12-20,classes/Combination.php,BO,bo,facile,26475,develop,CombinationCore::getIdByReference,1,2,"If ID_product is not defined, we can't find combination by reference",Fix Combination::getIdByReference returns wrong id
27028,https://github.com/PrestaShop/PrestaShop/issues/27028,https://github.com/PrestaShop/PrestaShop/pull/27057,9154d024709e161d07b3d7bd9a381925e983860d,0ec5886e9a0849fb21e16b70f383fd5d5b5951f9,2021-12-22,classes/module/Module.php,BO,bo,facile,27057,develop,ModuleCore::display,1,1,BO - Dashboard - errors are displayed when debug mode is enabled,Add missing smarty variable
26924,https://github.com/PrestaShop/PrestaShop/issues/26924,https://github.com/PrestaShop/PrestaShop/pull/27035,4f305210d71c44ecc5f3ad123cde342983debee3,d8980ba577028f17b5af1f3511c820973af095c6,2021-12-22,src/Adapter/Cache/Clearer/SymfonyCacheClearer.php,CO,fo+bo,facile,27035,1.7.8.x,SymfonyCacheClearer::clear,1,7,Cache folders are duplicated,Let Symfony handle kernel reboot
26967,https://github.com/PrestaShop/PrestaShop/issues/26967,https://github.com/PrestaShop/PrestaShop/pull/26994,254d22b83fdb22567427b7be6974b8ed0c5223a8,ce70dd0cbe2f2a5dad5480abd0d41cebe8b9fd0d,2021-12-22,classes/Configuration.php|tests/Integration/Core/Configuration/AbstractMultistoreConfigurationTest.php,BO,bo,moyen,26994,develop,ConfigurationCore::updateValue|AbstractMultistoreConfigurationTest::updateDataProvider,2,25,BO - Multistore - Save settings for a specific shop is not working correctly in maintenance page.,Multistore: fix configuration value not saved for current context
27065,https://github.com/PrestaShop/PrestaShop/issues/27065,https://github.com/PrestaShop/PrestaShop/pull/27066,8427a8091cff4a46d47890bd7103cfac1d3c5729,ec5fa543126292832eeab3a008b154293d613c36,2021-12-24,src/Adapter/Shop/MaintenanceConfiguration.php,BO,bo,facile,27066,develop,MaintenanceConfiguration::buildResolver,1,4,BO Multistore: Exception when sending empty maintenance ip value in maintenance configuration form ,Allow null for ip maintenance and maintenance message fields
27086,https://github.com/PrestaShop/PrestaShop/issues/27086,https://github.com/PrestaShop/PrestaShop/pull/27091,361f7b6f90102805fa01190d0019bc6879347bdb,f6fca28408ccb82607835742d2de0093940559e5,2021-12-25,controllers/admin/AdminStatsTabController.php,BO,bo,facile,27091,develop,AdminStatsTabControllerCore::checkModulesNames,1,4,[BO] An unknown error in Stats page at Debug mode,Return integer instead of bool into checkModulesNames()
27078,https://github.com/PrestaShop/PrestaShop/issues/27078,https://github.com/PrestaShop/PrestaShop/pull/27079,010cd4767c735989db7640684e5d6165cad527bd,ca0a5b8557de2ee51be02e07ad99d689d1402291,2021-12-27,themes/classic/_dev/css/components/cart.scss,FO,fo,facile,27079,develop,(scss),1,1,Display issue for the polish language and the checkout button,Fix the checkout button for the longer text
26804,https://github.com/PrestaShop/PrestaShop/issues/26804,https://github.com/PrestaShop/PrestaShop/pull/26791,b103297cc296cd327134bc2de5fea198662d7fde,010cd4767c735989db7640684e5d6165cad527bd,2021-12-27,controllers/front/OrderController.php,FO,fo,facile,26791,develop,OrderControllerCore::initContent,1,4,[RE-order] No notification when an error occurs,Add redirect with notifications
26643,https://github.com/PrestaShop/PrestaShop/issues/26643,https://github.com/PrestaShop/PrestaShop/pull/26706,39088dad221668631937c227a0f134c5d9e070ce,f8c447178ea254162ecbed317cef4725f3f8a805,2021-12-27,themes/classic/_dev/css/components/header.scss|themes/classic/_dev/css/components/mainmenu.scss|themes/classic/_dev/css/components/search-widget.scss,FO,fo,difficile,26706,1.7.8.x,(scss)|(scss)|(scss),3,35,[FO] Header's searchbox on tablets is too big and off to the right,Fix menu and searchbar on tablet on classic
26953,https://github.com/PrestaShop/PrestaShop/issues/26953,https://github.com/PrestaShop/PrestaShop/pull/26954,9d02e9fe3c1a700878dd8c57e1cc2d729ddc9f0f,742222b82ba6a4af2df17a5a74fd6f0eb31a218f,2021-12-28,controllers/front/OrderDetailController.php,FO,fo,facile,26954,develop,OrderDetailControllerCore::initContent,1,7,Customer is able to see order detail page via link even order share is disabled in multishop,Customer is able to see order detail page via link even order share is disabled in multishop
25013,https://github.com/PrestaShop/PrestaShop/issues/25013,https://github.com/PrestaShop/PrestaShop/pull/27114,f8c447178ea254162ecbed317cef4725f3f8a805,8f26e670ee3c7fb083cc53424e5092494bec1064,2021-12-29,js/jquery/plugins/jquery.colorpicker.js,BO,bo,facile,27114,1.7.8.x,(hors fonction),1,16,Same background for multiple colorpickers,Fix color picker bug when multiple colorpickers are present
27094,https://github.com/PrestaShop/PrestaShop/issues/27094,https://github.com/PrestaShop/PrestaShop/pull/27095,d6626ff2d7579b769237fb054114feaa4b21f340,d4f786e158233bb54152ed33c49b6b7af3675609,2022-01-05,classes/controller/FrontController.php|themes/classic/templates/errors/forbidden.tpl,FO,fo,difficile,27095,develop,FrontControllerCore::initCursedPage|(tpl),2,37,Error in Front controller when checkAccess() returns false,Fix forbidden access page in Front Office
27316,https://github.com/PrestaShop/PrestaShop/issues/27316,https://github.com/PrestaShop/PrestaShop/pull/27317,89dea1df678471f457ac18645e707f1d77868b44,8322602199461dfdf26ccaae1d4e54d36a11a63c,2022-01-12,admin-dev/themes/new-theme/js/components/form/form-object-mapper.ts,BO,fo+bo,facile,27317,develop,(hors fonction),1,7,BO - Product V2  - Some features are NOK,Fix form mapper to handle mapping with only one selector
27243,https://github.com/PrestaShop/PrestaShop/issues/27243,https://github.com/PrestaShop/PrestaShop/pull/27259,85bf9b029936477ff6bac13c7eef0b65afa23ceb,ed8eb7ce8242e91d7acf85d7157277aad6bcac21,2022-01-12,admin-dev/themes/new-theme/scss/components/layout/_content_div.scss|admin-dev/themes/new-theme/scss/components/layout/_header_toolbar.scss,BO,bo,facile,27259,1.7.8.x,(scss)|(scss),2,8,"BO - When the menu is resized, the header of migrated pages is not well displayed",Fix left padding of header when sidebar menu is closed
26916,https://github.com/PrestaShop/PrestaShop/issues/26916,https://github.com/PrestaShop/PrestaShop/pull/27339,1828a390c02428a43c80a4a4c16bc4e716a4267b,db334ee2069e946be7703cbca4b1168681d5a86b,2022-01-14,src/PrestaShopBundle/Resources/views/Admin/TwigTemplateForm/prestashop_ui_kit.html.twig,BO,bo?,facile,27339,develop,(twig),1,2,Configuration Forms: labels not disabled for disabled field on page load,Set disabled class for label if the input is disabled
18000,https://github.com/PrestaShop/PrestaShop/issues/18000,https://github.com/PrestaShop/PrestaShop/pull/27329,5e62df4a0b149cb15566a02e525df37955f584d7,211fd879a593ba4a9e3f96f5625f9f572cfae551,2022-01-17,admin-dev/themes/new-theme/js/app/pages/stock/components/app.vue|admin-dev/themes/new-theme/js/app/pages/stock/components/header/filters.vue|admin-dev/themes/new-theme/js/app/pages/stock/components/header/filters/filter-component.vue|admin-dev/themes/new-theme/js/app/pages/stock/components/header/search.vue,BO,bo,difficile,27329,develop,(hors fonction)|(hors fonction)|data|(hors fonction)|data|(hors fonction)|data,7,68,Filter in movements and stock does not reset,Fix filters reset in BO stock movements
27085,https://github.com/PrestaShop/PrestaShop/issues/27085,https://github.com/PrestaShop/PrestaShop/pull/27283,db334ee2069e946be7703cbca4b1168681d5a86b,2e04569ed030348a010e8e7a48b87c06c2478bd7,2022-01-17,admin-dev/themes/new-theme/scss/components/layout/_content_div.scss|admin-dev/themes/new-theme/scss/pages/product/product_page.scss|admin-dev/themes/new-theme/scss/pages/stock/stock_page.scss,BO,fo+bo,moyen,27283,develop,(scss)|(scss)|(scss),3,29,[BO] Bad display of header toolbar in Product page and Stock page,Fix bad display of header toolbar in Product page and Stock page
26792,https://github.com/PrestaShop/PrestaShop/issues/26792,https://github.com/PrestaShop/PrestaShop/pull/27285,9137e46585a9b87813c5a4156d13075313d82953,7e5dc58e86673e30bf9edb854cfea3c5d81736c2,2022-01-21,admin-dev/themes/new-theme/js/nav_bar.ts|admin-dev/themes/new-theme/scss/components/_notifications.scss,BO,bo,moyen,27285,develop,addMobileBodyClickListener|(scss),2,11,[BO] Bad display of the notifications dropdown in medium screen,Fix bad display of the notifications dropdown in medium screen
27451,https://github.com/PrestaShop/PrestaShop/issues/27451,https://github.com/PrestaShop/PrestaShop/pull/27457,cf54f94ec6440e573a1f7b1549ee29ce31e619c3,0a48032cb3d2fab73f81c9e906a63fa878dc575c,2022-01-26,src/PrestaShopBundle/Form/Admin/Sell/Order/CreditSlip/CreditSlipOptionsType.php,BO,bo,facile,27457,develop,(hors fonction)|CreditSlipOptionsType::buildForm,2,6,Credit slip prefix now required in all languages,Remove NotBlank constraint on CreditSlipOptionsType
26779,https://github.com/PrestaShop/PrestaShop/issues/26779,https://github.com/PrestaShop/PrestaShop/pull/27429,deaeb750720f65e63e994417ac4200ebc56bcb97,83965f9315cb58ebb0d799477ee6ca348f9cc0e5,2022-01-27,src/PrestaShopBundle/Resources/views/Admin/Common/Grid/Columns/Content/link.html.twig,BO,bo,facile,27429,1.7.8.x,(twig),1,2,"[BO - Mobile] Button ""Download credit slip"" is not well displayed",Add text nowrap to link btn inside grids
26796,https://github.com/PrestaShop/PrestaShop/issues/26796,https://github.com/PrestaShop/PrestaShop/pull/27257,13a5c52574ecab3c7e3545421523920e685f7867,3651d43afd7cbdfdbc94231a1a79dc41ac3be69b,2022-01-27,admin-dev/themes/new-theme/scss/components/_ps_number.scss,BO,bo,facile,27257,1.7.8.x,(scss),1,11,[BO] Bad display of the Edit quantity field in Stock page,Hide default spin buttons for input number
26633,https://github.com/PrestaShop/PrestaShop/issues/26633,https://github.com/PrestaShop/PrestaShop/pull/27225,ba62df151cac603269c73b2edb6b6c82a7d8c557,deaeb750720f65e63e994417ac4200ebc56bcb97,2022-01-27,src/PrestaShopBundle/Resources/views/Admin/Improve/Design/Cms/Blocks/form.html.twig,BO,bo,moyen,27225,1.7.8.x,(twig),1,43,[Mobile] BO - the save and preview buttons in Design>Pages are bad displayed,Improve CMS edit page footer
26747,https://github.com/PrestaShop/PrestaShop/issues/26747,https://github.com/PrestaShop/PrestaShop/pull/26748,83965f9315cb58ebb0d799477ee6ca348f9cc0e5,13a5c52574ecab3c7e3545421523920e685f7867,2022-01-27,classes/Hook.php|tests-legacy/Unit/Controller/Admin/AdminTabsControllerTest.php,FO,fo,difficile,26748,1.7.8.x,HookCore::add|HookCore::getHookStatusByName|AdminTabsControllerTest::setupDatabaseMock,3,37,Too many queries to test if hook is active,"Instead of testing each hook if it is active, query once and cache."
27249,https://github.com/PrestaShop/PrestaShop/issues/27249,https://github.com/PrestaShop/PrestaShop/pull/27330,3651d43afd7cbdfdbc94231a1a79dc41ac3be69b,00f2e857f6fab92cbad497cd3c072a41e7ea8ddd,2022-01-28,js/jquery/plugins/jquery.colorpicker.js,BO,bo,facile,27330,1.7.8.x,(hors fonction),1,7,BO - The color picker by default is black ,Fix default value for Jquery colorpicker
27266,https://github.com/PrestaShop/PrestaShop/issues/27266,https://github.com/PrestaShop/PrestaShop/pull/27296,00f2e857f6fab92cbad497cd3c072a41e7ea8ddd,a03cf5f23bae630ec91491972352a0e02ed24c40,2022-01-28,admin-dev/themes/new-theme/scss/components/layout/_content_div.scss|admin-dev/themes/new-theme/template/layout.tpl,BO,bo,moyen,27296,1.7.8.x,(scss)|(tpl),2,8,BO - Bad display In some modals,Add class on light display layout and remove padding top
27235,https://github.com/PrestaShop/PrestaShop/issues/27235,https://github.com/PrestaShop/PrestaShop/pull/27236,a03cf5f23bae630ec91491972352a0e02ed24c40,a3611c1163d5deeb98d519e46a9863717e74b994,2022-01-28,src/PrestaShopBundle/Resources/config/services/core/grid/grid_data_factory.yml,BO,bo,facile,27236,1.7.8.x,(yml),1,2,BO - Customer view page - error when using `actionCustomerGridQueryBuilderModifier` hook,Fix customer grid data factory
27386,https://github.com/PrestaShop/PrestaShop/issues/27386,https://github.com/PrestaShop/PrestaShop/pull/27389,3b98fe8358d879b4c3c99dd2b54bf239e45ffac1,74238a74b9d275394c47d3812d726cd858489a81,2022-01-29,src/PrestaShopBundle/Resources/views/Admin/Helpers/bootstrap_popup.html.twig,BO,bo,facile,27389,1.7.8.x,(twig),1,4,[BO] Bad display of progress bar for bulk actions,Fix bad display of progress bar for bulk actions
27146,https://github.com/PrestaShop/PrestaShop/issues/27146,https://github.com/PrestaShop/PrestaShop/pull/27374,74238a74b9d275394c47d3812d726cd858489a81,8e658df5a970a4171449f28a60989aab66fd894f,2022-01-29,classes/Product.php,FO,fo,facile,27374,1.7.8.x,ProductCore::getNewProducts,1,2,FO - New products page - Sort by Price is NOK,Fix wrong array_slice arguments
27325,https://github.com/PrestaShop/PrestaShop/issues/27325,https://github.com/PrestaShop/PrestaShop/pull/27333,a3611c1163d5deeb98d519e46a9863717e74b994,3b98fe8358d879b4c3c99dd2b54bf239e45ffac1,2022-01-29,admin-dev/themes/new-theme/public/theme.rtlfix,BO,bo,facile,27333,1.7.8.x,(rtlfix),1,5,Bad display of scrollbar for sidebar menu in RTL,Fix bad display of scrollbar for sidebar menu in RTL
26833,https://github.com/PrestaShop/PrestaShop/issues/26833,https://github.com/PrestaShop/PrestaShop/pull/27376,8e658df5a970a4171449f28a60989aab66fd894f,f9cee6789e5be89417b27702522cd00823430ddf,2022-01-30,classes/form/AbstractForm.php,FO,fo,facile,27376,1.7.8.x,AbstractFormCore::validate,1,4,FO -  Your account  - Add/Edit Addresses - unclear alert when we have invalid address,Fix an unclear alert
27356,https://github.com/PrestaShop/PrestaShop/issues/27356,https://github.com/PrestaShop/PrestaShop/pull/27372,f9cee6789e5be89417b27702522cd00823430ddf,e3dcc38ae92ba210a1ef1143eeb5b2bc332bc1fa,2022-01-31,admin-dev/themes/new-theme/scss/components/layout/_nav_bar.scss|admin-dev/themes/new-theme/scss/pages/stock/stock_page.scss,BO,bo,facile,27372,1.7.8.x,(scss)|(scss),2,5,The header of the stock page is not well displayed,Fix stock page padding-left
26968,https://github.com/PrestaShop/PrestaShop/issues/26968,https://github.com/PrestaShop/PrestaShop/pull/27355,a17e80db8927cbe68f8b531a97517282c665f120,81dc8bd3c61dadf1764bf5ec769c3b882d8325cc,2022-01-31,classes/module/Module.php,BO,?,facile,27355,develop,ModuleCore::__construct,1,20,The min compliancy could not be set as 8.0.0 for a module,Do not pad ps_versions_compliancy for PrestaShop >= 8
26642,https://github.com/PrestaShop/PrestaShop/issues/26642,https://github.com/PrestaShop/PrestaShop/pull/27502,e3dcc38ae92ba210a1ef1143eeb5b2bc332bc1fa,372100fbbb0011c89a50a44260430d4d26f7173c,2022-02-01,themes/classic/_dev/css/components/products.scss,FO,fo,facile,27502,1.7.8.x,(scss),1,10,[FO] Mobile add-to-cart modal is messed up on 1.7.8.x - regression,Fix responsive CSS in add-to-cart modal
26532,https://github.com/PrestaShop/PrestaShop/issues/26532,https://github.com/PrestaShop/PrestaShop/pull/27446,7cd201c1a75c0fe34fd6664056aeb28da150061a,b7caff01623bae771caa22180577bae1eb607633,2022-02-02,src/Adapter/Presenter/Order/OrderLazyArray.php|themes/classic/templates/customer/_partials/order-messages.tpl,FO,fo,moyen,27446,develop,OrderLazyArray::getMessages|(tpl),2,3,Message in Customer account Orders History,Display Line Breaks in Order messages
27252,https://github.com/PrestaShop/PrestaShop/issues/27252,https://github.com/PrestaShop/PrestaShop/pull/27387,7ed168844822521e2c1ea0dfb449a64bbe5df44c,ebbe192967085805387d6be07e7fb611835b463f,2022-02-02,themes/classic/_dev/css/components/featuredproducts.scss,FO,fo+bo,facile,27387,1.7.8.x,(scss),1,2,FO - Productcomments - Grade is not displayed in the Product list page ,Remove z-index and overflow of product description of product list
27158,https://github.com/PrestaShop/PrestaShop/issues/27158,https://github.com/PrestaShop/PrestaShop/pull/27159,29630dada6f02c62bdabe6ed336ba0a7fc5f44a8,7cd201c1a75c0fe34fd6664056aeb28da150061a,2022-02-02,classes/Carrier.php|classes/Cart.php,FO,fo,moyen,27159,develop,CarrierCore::getDeliveryPriceByWeight|CarrierCore::checkDeliveryPriceByWeight|CarrierCore::getDeliveryPriceByPrice|CarrierCore::checkDeliveryPriceByPrice|CarrierCore::getCarriersForOrder|CartCore::getPackageShippingCost|CartCore::isCarrierInRange,7,28,Wrong usage of `actionDeliveryPriceByPrice` and `actionDeliveryPriceByWeight` in Carrier class,Fix check by delivery price/weight in case of hook usage
26937,https://github.com/PrestaShop/PrestaShop/issues/26937,https://github.com/PrestaShop/PrestaShop/pull/27560,85c899afa9b844480cdf81658c745edd65d7a10d,6f4df61be317f7de8b8f9c74fec6991020aba45f,2022-02-03,src/PrestaShopBundle/Resources/views/Admin/Sell/Catalog/Product/FormTheme/combination_listing.html.twig,BO,fo+bo,facile,27560,develop,(twig),1,8,Experimental page combination table row border styling issue,Fixes Experimental page combination table row border styling issue
27450,https://github.com/PrestaShop/PrestaShop/issues/27450,https://github.com/PrestaShop/PrestaShop/pull/27459,fdaabd423479f868ae23b45f6ea1557bef688232,ba91025cbaad74e20faa37bfab7210898daba6e0,2022-02-08,classes/Guest.php|controllers/admin/AdminCartsController.php,BO,fo+bo,facile,27459,1.7.8.x,GuestCore::mergeWithCustomer|AdminCartsControllerCore::__construct,2,7,BO - Shopping Carts - Some shoppingcarts are duplicated,Remove duplicate by using distinct connection and also make sure carts are linked
27505,https://github.com/PrestaShop/PrestaShop/issues/27505,https://github.com/PrestaShop/PrestaShop/pull/27586,ba91025cbaad74e20faa37bfab7210898daba6e0,acec8724bc8a1abc55a085091420320a211ab0bd,2022-02-09,classes/Cart.php,FO,fo,facile,27586,1.7.8.x,CartCore::updateQty,1,2,Cart check quantity when stock disabled,Fixes error while adding product to cart in quantity check
27411,https://github.com/PrestaShop/PrestaShop/issues/27411,https://github.com/PrestaShop/PrestaShop/pull/27622,903e94e401b1e4496798edfffebb5a9bb9819611,f0eccbe2c4aff817be25aee26d745225e248dcbb,2022-02-14,webservice/dispatcher.php,WS,http,facile,27622,1.7.8.x,(hors fonction),1,16,Webservice API error Undefined offset when enabling multilanguage,Fix Symfony Kernel in WebService dispatcher in 1.7.8.x
26754,https://github.com/PrestaShop/PrestaShop/issues/26754,https://github.com/PrestaShop/PrestaShop/pull/27406,0c933ca16dfea5f455f151fb6b23ee59a53fb0ab,8c290dc849c61080526c1f826a214b1d31d08277,2022-02-16,classes/Address.php,FO,fo,facile,27406,1.7.8.x,AddressCore::addressExists,1,8,Too many queries to test if address_id exists,Don't check if an invalid address exists over and over again
26503,https://github.com/PrestaShop/PrestaShop/issues/26503,https://github.com/PrestaShop/PrestaShop/pull/27276,1d6198d80ecc21b06f8522507f17d20d94c66a16,3f3b979bf60d3e3e62143f7dea3adbcceebf9919,2022-02-16,src/PrestaShopBundle/Command/ConfigCommand.php|src/PrestaShopBundle/Command/DebugCommand.php|src/PrestaShopBundle/Resources/config/services/bundle/command.yml|tests/Unit/PrestaShopBundle/Command/ConfigCommandTest.php|tests/Unit/PrestaShopBundle/Command/DebugCommandTest.php,BO,cli,difficile,27276,develop,(hors fonction)|ConfigCommand::__construct|(hors fonction)|DebugCommand::__construct|(yml)|(hors fonction)|ConfigCommandTest::getCommandTester|ConfigCommandTest::mockLegacyContextLoader|(hors fonction)|DebugCommandTest::testExecute|DebugCommandTest::mockLegacyContextLoader,11,33,Autoupgrade - Error during upgrade to develop,Remove useless legacyContextLoader
21261,https://github.com/PrestaShop/PrestaShop/issues/21261,https://github.com/PrestaShop/PrestaShop/pull/27175,3f3b979bf60d3e3e62143f7dea3adbcceebf9919,7a4e6eab7f5a9bab4f1168eccc66091b4bc504a3,2022-02-16,src/PrestaShopBundle/Controller/Admin/Configure/AdvancedParameters/BackupController.php,BO,bo,moyen,27175,develop,BackupController|BackupController::downloadContentAction|BackupController::saveOptionsAction|BackupController::createAction|BackupController::deleteAction,5,24,[BO][Permissions][Database] An exception is displayed when the user has only READ rights,Avoid exception and display appropriate message in database backup
27540,https://github.com/PrestaShop/PrestaShop/issues/27540,https://github.com/PrestaShop/PrestaShop/pull/27700,0ece755c94bb15be8206dbfd28b18e691e3d39ed,0f494aa3e5997ee968275a789bf5502d54e33bc9,2022-02-17,src/PrestaShopBundle/Form/Admin/Improve/International/Geolocation/GeolocationOptionsFormDataProvider.php|src/PrestaShopBundle/Form/Admin/Improve/International/Geolocation/GeolocationOptionsType.php|src/PrestaShopBundle/Resources/config/services/bundle/form/form_extension.yml|src/PrestaShopBundle/Service/Form/MultistoreCheckboxEnabler.php|tests/Unit/PrestaShopBundle/Service/Form/MultistoreCheckboxEnablerTest.php,BO,bo,difficile,27700,develop,GeolocationOptionsFormDataProvider::getData|GeolocationOptionsFormDataProvider::setData|(hors fonction)|GeolocationOptionsType::buildForm|(yml)|(hors fonction)|MultistoreCheckboxEnabler|MultistoreCheckboxEnabler::__construct|MultistoreCheckboxEnabler::updateCurrentField|(hors fonction)|MultistoreCheckboxEnablerTest::testShouldAddMultistoreElements|MultistoreCheckboxEnablerTest::testAddMultistoreElements,12,51,Multistore  checkbox & drop-down is not compatible with MaterialChoiceTableType::class ,Refactor gelocation configuration form before it can be migrated as multistore compatible
26904,https://github.com/PrestaShop/PrestaShop/issues/26904,https://github.com/PrestaShop/PrestaShop/pull/27430,8c290dc849c61080526c1f826a214b1d31d08277,dec1e3e15e1ebaa32d06a0e56e9ef6876ea55794,2022-02-17,admin-dev/themes/new-theme/scss/components/_form.scss,BO,bo,facile,27430,1.7.8.x,(scss),1,4,BO - Multistore - migrated page with checkboxes,Align checkboxes of multistore widget
26985,https://github.com/PrestaShop/PrestaShop/issues/26985,https://github.com/PrestaShop/PrestaShop/pull/27228,7a4e6eab7f5a9bab4f1168eccc66091b4bc504a3,5838a88f5d0a6c83ba710571525fb54cdb5bc60e,2022-02-17,admin-dev/themes/new-theme/js/components/form-submit-button.ts,BO,bo,facile,27228,develop,constructor,1,2,BO - Brands page - an exception is displayed when deleting a product from the brands page,Fix FormSubmitButton selector
23605,https://github.com/PrestaShop/PrestaShop/issues/23605,https://github.com/PrestaShop/PrestaShop/pull/27698,765b5a983190244e67873040c7a528b116be306d,d95dacf62d2b9c73d6db18dae2af268d25bda12f,2022-02-18,src/PrestaShopBundle/Controller/Admin/Sell/CustomerService/MerchandiseReturnController.php,BO,bo,facile,27698,develop,MerchandiseReturnController::indexAction,1,1,BO - Merchandise Returns - The help button is NOK,Fixed Help Link in Merchandise Returns page
27747,https://github.com/PrestaShop/PrestaShop/issues/27747,https://github.com/PrestaShop/PrestaShop/pull/27748,a8989157f5bd162d0a8bbec5b1efeeac6dcccec8,0b1cb3b39424b49d9e521f45cf38f5540d909d4f,2022-02-21,src/PrestaShopBundle/Resources/views/Admin/Module/Includes/dropdown_categories_catalog.html.twig,BO,fo+bo,facile,27748,1.7.8.x,(twig),1,5,Category filter for recommended modules list,Fix the category dropdown on the module catalog page
27029,https://github.com/PrestaShop/PrestaShop/issues/27029,https://github.com/PrestaShop/PrestaShop/pull/27722,0b1cb3b39424b49d9e521f45cf38f5540d909d4f,c980f1b8a060b7b4e30c831005104e1d1dc3a9d1,2022-02-21,src/Adapter/EntityTranslation/DataLangFactory.php|tests/Unit/Adapter/Translations/DataLangFactoryTest.php,BO,bo,difficile,27722,1.7.8.x,DataLangFactory::removeDbPrefixIfPresent|DataLangFactoryTest|DataLangFactoryTest::testItCreatesClassNamesFromTableNames|DataLangFactoryTest::provideTableNames,4,25,Side menu is in English even if the shop is installed in another language (docker),Fix translations installation broken by prefix
15334,https://github.com/PrestaShop/PrestaShop/issues/15334,https://github.com/PrestaShop/PrestaShop/pull/27697,f7fd3165adba4ab5a6dba0328df5360a0c0e9464,8f0415a2a5f9cdae032cad209bf77d7f2146a765,2022-02-21,src/PrestaShopBundle/Resources/config/services/bundle/form/form_type.yml,BO,bo,facile,27697,develop,(yml),1,4,Disabled languages are not displayed in import page,"In Import Page, allow all languages (active and inactive)"
27411,https://github.com/PrestaShop/PrestaShop/issues/27411,https://github.com/PrestaShop/PrestaShop/pull/27766,7dbf459262e2a3b5d79295ce602f5e3591457b90,df359fd1e767b70f78e0ae33385150cae4233a02,2022-02-23,classes/Context.php|webservice/dispatcher.php,WS,http,difficile,27766,1.7.8.x,(hors fonction)|ContextCore::getTranslatorFromLocale|(hors fonction),3,27,Webservice API error Undefined offset when enabling multilanguage,Fix multilang translator issue
27473,https://github.com/PrestaShop/PrestaShop/issues/27473,https://github.com/PrestaShop/PrestaShop/pull/27475,3ef3a5ff07d7820e60cacf51b9f1737c7984225e,54aaeb6239a536025ab20cab4b398dab51b9984a,2022-02-23,themes/_core/js/theme.js,FO,fo,facile,27475,develop,(hors fonction),1,11,Bug of the events functions on the prestashop variable (in core.js),"Fix: prestashop event functions are overwritten in the ""classic"" theme"
27765,https://github.com/PrestaShop/PrestaShop/issues/27765,https://github.com/PrestaShop/PrestaShop/pull/27767,a5b7946bf57d3724bd7af48282d0ca292b8ed88a,4ffe74dbf8f2da421a9ba2367ef2b4ca194ddd63,2022-03-01,admin-dev/themes/default/template/helpers/form/form.tpl|admin-dev/themes/default/template/helpers/list/list_header.tpl,BO,bo,facile,27767,develop,(tpl)|(tpl),2,6,Disable browser autocomplete for datepicker,"Add autocomplete=""off"" to date picker inputs in helpers"
20600,https://github.com/PrestaShop/PrestaShop/issues/20600,https://github.com/PrestaShop/PrestaShop/pull/27815,2e0bd0e2e548e3ee7b454189efd2c5bfd270a7fd,e0b6bbbb085d6da8907b729fe3802cd5873002d8,2022-03-04,admin-dev/themes/new-theme/js/pages/tax/index.ts|admin-dev/themes/new-theme/js/pages/tax/tax-map.ts|src/PrestaShopBundle/Form/Admin/Improve/International/Tax/TaxOptionsType.php,BO,bo,difficile,27815,develop,(hors fonction)|(nouveau fichier)|TaxOptionsType::buildForm,3,105,[BO] [TAXES] Ecotax list doesnt appear after clicking on the buttons ecotax NO/YES,"Display Ecotax select when ecotax is enabled, without saving"
27277,https://github.com/PrestaShop/PrestaShop/issues/27277,https://github.com/PrestaShop/PrestaShop/pull/27394,166520c2556fbbf1e855e1ca079fb5360b532244,c8d351a53b506457458d00b85f4db41037757a07,2022-03-07,admin-dev/themes/default/scss/admin-theme.scss|admin-dev/themes/default/scss/controllers/_cartrules.scss|admin-dev/themes/default/template/footer_toolbar.tpl,BO,fo+bo,difficile,27394,develop,(scss)|(scss)|(tpl),3,105,[BO - Responsive] - bad footer display on cart rule page,Improve Cart Rule Form Responsive footer
27740,https://github.com/PrestaShop/PrestaShop/issues/27740,https://github.com/PrestaShop/PrestaShop/pull/27822,9f51b5f4bc7508527d1a5b1789b47016c8fa67bb,b459163e66f759da2c9640fd5730f9052ef61007,2022-03-09,classes/Validate.php|tests/Unit/Adapter/ValidateTest.php|tests/Unit/Classes/ValidateCoreTest.php,BO,bo,difficile,27822,develop,(hors fonction)|ValidateCore::isEmail|ValidateTest::isEmailDataProvider|ValidateCoreTest::isEmailDataProvider,4,14,Installation allows an admin email without toplevel-domain but login does not ,Don't allow emails without TLD in the Email Validator
22892,https://github.com/PrestaShop/PrestaShop/issues/22892,https://github.com/PrestaShop/PrestaShop/pull/27813,b51f2d69dd3ad68488243df68624b48d4a37bf55,d65f0ad5626c4d5c664697fd81ace1eb44092d21,2022-03-09,admin-dev/themes/default/scss/partials/_nav.scss|admin-dev/themes/new-theme/scss/components/layout/_nav_bar.scss,BO,bo,moyen,27813,develop,(scss)|(scss),2,56,Bad display on blockreassurance configuration page,Fix css specificity issue in mobile menu
27736,https://github.com/PrestaShop/PrestaShop/issues/27736,https://github.com/PrestaShop/PrestaShop/pull/27776,0fd2d3b6fdfbdf011e02ea70e323a807549870f0,29158650798c1117f1ff5697c1d9b61e1dce5eed,2022-03-09,admin-dev/themes/new-theme/js/app/pages/stock/components/overview/spinner.vue|admin-dev/themes/new-theme/js/app/widgets/ps-number.vue,BO,bo,moyen,27776,1.7.8.x,getQuantity|(hors fonction)|increment,3,6,"Stock moving quantity editing is taking zero, generating human error",Stock field must be empty and still be considered as zero
27040,https://github.com/PrestaShop/PrestaShop/issues/27040,https://github.com/PrestaShop/PrestaShop/pull/27646,8a4370b8c26be838d884d93113fc44cebb01ee24,b51f2d69dd3ad68488243df68624b48d4a37bf55,2022-03-09,composer.json|composer.lock|themes/classic/config/theme.yml,CO,fo?,difficile,27646,develop,(json)|(lock)|(yml),3,55,productcomments is not compatible with PS 8.0,Added module productcomments (now compatible with PS 8.0)
26852,https://github.com/PrestaShop/PrestaShop/issues/26852,https://github.com/PrestaShop/PrestaShop/pull/26854,f3d9d2d2fb634cff268fdbb29c6bfd35c5870cef,e0f583ece0367807d50094e4f962ee69a760ed21,2022-03-09,themes/classic/_dev/js/cart.js|themes/classic/_dev/js/components/debounce.js|themes/classic/_dev/js/selectors.js|themes/classic/templates/checkout/_partials/cart-detailed-product-line.tpl,FO,fo,difficile,26854,develop,(hors fonction)|createSpin|getTouchSpinInput|handleCartAction|beforeSend|sendUpdateQuantityInCartRequest|updateProductQuantityInCart|(nouveau fichier)|(hors fonction)|(tpl),10,72,FO - shopping cart page is freezed ,Prevent customization modal open if qty changed in cart on classic
27844,https://github.com/PrestaShop/PrestaShop/issues/27844,https://github.com/PrestaShop/PrestaShop/pull/27848,1ee44a5708ccb4fe0fc29bdb730f6da399380f09,6105ea288a3787a2236cfaab06f8cff117475dc6,2022-03-10,admin-dev/themes/new-theme/js/components/multistore-header.ts,BO,bo,facile,27848,develop,updateLinkAnchor,1,3,[Multistore Header] - A shop without an URL configured can be selected and refresh the page,Check href exists before replacing it in multistore header
27835,https://github.com/PrestaShop/PrestaShop/issues/27835,https://github.com/PrestaShop/PrestaShop/pull/27843,29158650798c1117f1ff5697c1d9b61e1dce5eed,0ca4dd8cbcf783e99ee3ee4a2837e2cdfae2fcf2,2022-03-10,admin-dev/themes/default/scss/controllers/_login.scss|admin-dev/themes/default/template/controllers/login/content.tpl,BO,bo,moyen,27843,1.7.8.x,(scss)|(tpl),2,18,Problems with the admin login with Chrome around: stay logged in and I forgot my password,Fix: login page float buggy on latest chrome version and long shop name problem
27478,https://github.com/PrestaShop/PrestaShop/issues/27478,https://github.com/PrestaShop/PrestaShop/pull/27860,581431759cf888b2cd9c55e55e2d0aea9c0744bc,90e64a71728f64c21a733c8338143266dcbbf691,2022-03-11,themes/classic/config/theme.yml,FO,fo+bo,facile,27860,develop,(yml),1,9,Blockwishlist doesn't work after changing theme,Added hooks for blockwishlist in classic theme
27784,https://github.com/PrestaShop/PrestaShop/issues/27784,https://github.com/PrestaShop/PrestaShop/pull/27793,6105ea288a3787a2236cfaab06f8cff117475dc6,d442d92733429c410edc3519cf29c9275ef8ef6c,2022-03-11,classes/Validate.php|src/PrestaShopBundle/Form/Admin/Sell/Customer/CustomerType.php,BO,bo,difficile,27793,develop,ValidateCore|ValidateCore::isInt|(hors fonction)|CustomerType::buildForm,4,31,"BO - Customers page - An exception is displayed when ""Maximum number of payment days"" invalid",BO - Customer Page - Allow only positive number for Maximum number of payment days
27870,https://github.com/PrestaShop/PrestaShop/issues/27870,https://github.com/PrestaShop/PrestaShop/pull/27889,f2bc792da429d8e8c39a64df54f7a8648f383b20,10ff9e30e884ccf7af0f95fbb831afa83f0526f2,2022-03-14,admin-dev/themes/new-theme/js/pages/order/create/cart-rules-renderer.ts,BO,fo+bo,facile,27889,develop,constructor,1,5,"[BO - Add new order] the dropdow ""No voucher was found"" is not well displayed",Fixed the display of the dropdown 'No voucher was found'
27840,https://github.com/PrestaShop/PrestaShop/issues/27840,https://github.com/PrestaShop/PrestaShop/pull/27850,10ff9e30e884ccf7af0f95fbb831afa83f0526f2,7f524c929d5a78cd8ca83d32521633eb6605bfab,2022-03-14,admin-dev/themes/new-theme/js/app/pages/stock/components/header/stock-header.vue|admin-dev/themes/new-theme/js/components/components-map.ts|admin-dev/themes/new-theme/scss/pages/stock/stock_page.scss,BO,bo,difficile,27850,develop,(hors fonction)|getOldHeaderToolbarButtons|mounted|(hors fonction)|(scss),5,19,BO- Stock- Wrong position of information message in multistore context,Move notifications divs to the vuejs app
27725,https://github.com/PrestaShop/PrestaShop/issues/27725,https://github.com/PrestaShop/PrestaShop/pull/27814,0ca4dd8cbcf783e99ee3ee4a2837e2cdfae2fcf2,d3f0460489510b4e831fc04831c20d34cbcd522b,2022-03-14,themes/classic/templates/_partials/microdata/product-list-jsonld.tpl,FO,fo,facile,27814,1.7.8.x,(tpl),1,4,SEO error ItemList position product list,Fixed Microdata ItemList position : index starts to 1 and not 0
27854,https://github.com/PrestaShop/PrestaShop/issues/27854,https://github.com/PrestaShop/PrestaShop/pull/27874,d3f0460489510b4e831fc04831c20d34cbcd522b,3609290e4dc12997e9c4c69ccfa2f5e81c7e7b81,2022-03-15,classes/Hook.php,CO,?,facile,27874,1.7.8.x,HookCore::getHookStatusByName,1,4,Hook getHookStatusByName was converted to case sensitive,Hook getHookStatusByName should not be case-sensitive
27867,https://github.com/PrestaShop/PrestaShop/issues/27867,https://github.com/PrestaShop/PrestaShop/pull/27868,d220a2102809e98477ab83d2ec873f194d583a41,17e7e4c9cb4905ea04a6b26fcc451cbfba98a9e8,2022-03-16,classes/pdf/HTMLTemplateDeliverySlip.php,CO,?,facile,27868,develop,HTMLTemplateDeliverySlipCore::__construct,1,4,Delivery template - Wrong date,The delivery slip date in the template must be the delivery date and not the invoice creation date
27930,https://github.com/PrestaShop/PrestaShop/issues/27930,https://github.com/PrestaShop/PrestaShop/pull/27931,63c016fd3d3ce0944aa513d2a19d1ea7e3f39d79,e127cd702611aee918d3ab6b3013d18f7348dfc4,2022-03-21,src/PrestaShopBundle/Install/Install.php,IN,cli,facile,27931,develop,Install::getModulesOnDisk,1,4,"""Disabled"" modules are still displayed during the installation process",Check if the directory name match the module file name
26553,https://github.com/PrestaShop/PrestaShop/issues/26553,https://github.com/PrestaShop/PrestaShop/pull/26824,ac763ef5733e4e1ba786e78c511f1889b772e1de,a6e1caab83141e2a332faf52640e50e9daa0ebb3,2022-03-21,classes/PaymentModule.php,BO,?,facile,26824,1.7.8.x,PaymentModuleCore::validateOrder,1,6, Problem with orders with amounts without decimals,Avoid using _PS_PRICE_COMPUTE_PRECISION_
27995,https://github.com/PrestaShop/PrestaShop/issues/27995,https://github.com/PrestaShop/PrestaShop/pull/27996,cd3ae17a5e3f1ba08abe1d9abd5a8e1690b2f902,acc2709942fcec14e8adcc944199425509de29e4,2022-03-23,src/PrestaShopBundle/Resources/config/routing/admin/improve/international/state.yml,TE,?,facile,27996,develop,(yml),1,2,CI reports indent issue on PRs - [comments-indentation] comment not indented like content,Fix indent on state.yml
27926,https://github.com/PrestaShop/PrestaShop/issues/27926,https://github.com/PrestaShop/PrestaShop/pull/28022,a280f3bae8455e0b5c8fa41670a188913fcd6b34,13fb87171d4cd81d183d009b8a98c04a5ef4b1d8,2022-03-24,src/Core/Tax/TaxOptionsConfiguration.php|src/PrestaShopBundle/Form/Admin/Improve/International/Tax/TaxOptionsType.php,BO,bo,moyen,28022,develop,TaxOptionsConfiguration::buildResolver|TaxOptionsType::buildForm,2,39,BO - An exception is displayed when we disable the tax,Fixed the exception when we disable the tax in the BO > International > Taxes page
27836,https://github.com/PrestaShop/PrestaShop/issues/27836,https://github.com/PrestaShop/PrestaShop/pull/28003,2631cbb843b946fe0983370b5a90c4d034f19d67,673aafb190577ef01de3c07d40f9de9a2c58ae78,2022-03-24,src/PrestaShopBundle/Resources/views/Admin/Helpers/bootstrap_popup.html.twig|src/PrestaShopBundle/Resources/views/Admin/Product/CatalogPage/catalog.html.twig|src/PrestaShopBundle/Resources/views/Admin/Sell/Catalog/Categories/Blocks/delete_categories_modal.html.twig|src/PrestaShopBundle/Resources/views/Admin/Sell/Customer/Blocks/delete_modal.html.twig,BO,bo,moyen,28003,develop,(twig)|(twig)|(twig)|(twig),4,17,Wrong wording on exit button with the bulk delete,Fixed wording and color button on exit button for the bulk delete
24583,https://github.com/PrestaShop/PrestaShop/issues/24583,https://github.com/PrestaShop/PrestaShop/pull/27781,476aa3a8101d671067b3bec265a74e44620712b5,d481b937bda41c809812ab5718b00cf17be3525e,2022-03-25,controllers/admin/AdminImportController.php,BO,fo+bo,facile,27781,develop,AdminImportControllerCore::__construct,1,1,An unexpected error occurred when you try to modify any customer information after the import,Fixes error which occurred when you try to modify any customer information after the import
27774,https://github.com/PrestaShop/PrestaShop/issues/27774,https://github.com/PrestaShop/PrestaShop/pull/27922,1bb21bd70d4eb493527a1ba6f60bd2b20e5939e1,626d435a1a22b586f022b90c10b4149caae9b6a3,2022-03-28,classes/Product.php,FO,fo,facile,27922,1.7.8.x,ProductCore::isDiscounted,1,2,Notice: Trying to access array offset on value of type bool,Avoid Notice: Trying to access array offset on value of type bool
27897,https://github.com/PrestaShop/PrestaShop/issues/27897,https://github.com/PrestaShop/PrestaShop/pull/28076,626d435a1a22b586f022b90c10b4149caae9b6a3,f96555364f057b9a35df22013537b10558ad265d,2022-03-30,src/PrestaShopBundle/Resources/views/Admin/Improve/International/Localization/Blocks/configuration.html.twig,BO,bo,facile,28076,1.7.8.x,(twig),1,2,BO- An unnecessary comma is displayed in the location page,Remove unwanted char
26606,https://github.com/PrestaShop/PrestaShop/issues/26606,https://github.com/PrestaShop/PrestaShop/pull/28052,70ebecacff586b4c0dca28ba2d6efddbd45ee3fe,e6b525707a710cb88a06a58e8a682449d00db673,2022-03-31,classes/pdf/PDF.php,CO,?,facile,28052,1.7.8.x,PDFCore,1,2,Fixed incompatibility of private property in PS 1.7.8.0,Fixed incompatibility of private property in PS 1.7.8.0
27785,https://github.com/PrestaShop/PrestaShop/issues/27785,https://github.com/PrestaShop/PrestaShop/pull/28031,f96555364f057b9a35df22013537b10558ad265d,dfa316c784cc209a7afda4506d06ab54474daea1,2022-03-31,src/Core/Grid/Data/Factory/OutstandingGridDataFactory.php,BO,bo,facile,28031,1.7.8.x,OutstandingGridDataFactory::getData,1,12,[BO - Outstanding ]An exception is displayed in the Oustanding page when the customer with valid orders is deleted,Handle empty outstanding_allow_amount field
27690,https://github.com/PrestaShop/PrestaShop/issues/27690,https://github.com/PrestaShop/PrestaShop/pull/27555,e6b525707a710cb88a06a58e8a682449d00db673,fa6995c32ed14149c00ab39d124df4e44b199733,2022-03-31,classes/webservice/WebserviceSpecificManagementAttachments.php,WS,http,facile,27555,1.7.8.x,WebserviceSpecificManagementAttachmentsCore::executeFileAddAndEdit,1,2,Updating an attachment via the webservice does not delete the old file,Fix update attachment webservice
28097,https://github.com/PrestaShop/PrestaShop/issues/28097,https://github.com/PrestaShop/PrestaShop/pull/28112,45fe33fd92f2304be0d7b1d23266084c9e1cd675,aaa20576cbf77067c0fdb9a4c1c17bf3963e8093,2022-04-04,src/Adapter/Presenter/Product/ProductLazyArray.php,FO,fo,facile,28112,1.7.8.x,ProductLazyArray::shouldShowOutOfStockLabel,1,4,"""out of stock"" label displayed with stock management disabled",Out of stock label displayed even stock management disabled
27684,https://github.com/PrestaShop/PrestaShop/issues/27684,https://github.com/PrestaShop/PrestaShop/pull/27806,a42f25bed42113f601906aff1df479a069c08ea3,f65c3dbc2547c8812aa30d42d883eb1e67bf7459,2022-04-05,src/PrestaShopBundle/Twig/LayoutExtension.php,BO,fo+bo,facile,27806,1.7.8.x,LayoutExtension::getLegacyLayout|LayoutExtension::escapeSmarty,2,17,BO - Module manager- Exception is displayed when profiling is active,Change the way that smarty is escaped to avoid exception when parsing
28062,https://github.com/PrestaShop/PrestaShop/issues/28062,https://github.com/PrestaShop/PrestaShop/pull/28104,fc5f3418643a3edfa5aa0596c9fe4de7a6ae9430,b011b0ef7311666352793a262f53085f224be07e,2022-04-06,classes/SpecificPriceRule.php,BO,bo,facile,28104,develop,SpecificPriceRuleCore::getAffectedProducts,1,5,PHP8.0 - an exception is displayed when creating a catalog price rule with a specific condition,Removed duplicate in SpecificPriceRule::getAffectedProducts
25650,https://github.com/PrestaShop/PrestaShop/issues/25650,https://github.com/PrestaShop/PrestaShop/pull/27795,ab9309a5d45c0dcb56e7885173e283e4a8ad005d,76ff968978b7575159f06fbe7973759f722b47d2,2022-04-06,classes/order/Order.php|src/Core/Cart/CartRuleCalculator.php|tests/Integration/Behaviour/Features/Context/Domain/CartRuleFeatureContext.php|tests/Integration/Behaviour/Features/Scenario/Order/order_cart_rules.feature|tests/Integration/Behaviour/behat.yml,BO,fo+bo,difficile,27795,develop,OrderCore::getProducts|CartRuleCalculator::applyCartRule|CartRuleFeatureContext::createCartRuleWithName|(feature)|(yml),5,113,BO - Order page - Debug mode enabled - an exception is displayed when adding a cheapest product or removing it from the Order with a specific cart rule (Exclude discounted products enabled),Fixed notice 'Undefined index: reduction_applies'
27908,https://github.com/PrestaShop/PrestaShop/issues/27908,https://github.com/PrestaShop/PrestaShop/pull/28118,16fff121423dffae568af7c78d38260f78cdf106,b7ab12e85dd0579b847eb0c98a89a81c7293fbe8,2022-04-07,admin-dev/themes/new-theme/js/components/components-map.ts|admin-dev/themes/new-theme/js/components/contextual-notification.ts|src/PrestaShopBundle/Resources/views/Admin/Sell/Catalog/Product/edit.html.twig,BO,bo,moyen,28118,develop,(hors fonction)|constructor|(twig),3,9,BO - Products - Wrong position of information message in multistore context,Fix contextual notification in Product Page v2 Edit Page
27967,https://github.com/PrestaShop/PrestaShop/issues/27967,https://github.com/PrestaShop/PrestaShop/pull/28117,c353954b152ea6b6cc3fc9587de442699d412fda,4967ac47f09a1f76c1fb15a313aec7a094c82b25,2022-04-07,classes/order/Order.php,FO,fo,facile,28117,1.7.8.x,OrderCore::getCustomerOrders,1,6,Customer Account / Order History ContextErrorException when it crashed during order creation,Update function getCustomerOrders to avoid error
27156,https://github.com/PrestaShop/PrestaShop/issues/27156,https://github.com/PrestaShop/PrestaShop/pull/27162,3845665a08000f64f9fbf744c929429d7ce74057,6f46db3f822bfd334414718503945b8c426db53c,2022-04-08,classes/State.php|controllers/admin/AdminStatesController.php|install-dev/data/db_structure.sql,BO,bo,moyen,27162,1.7.8.x,StateCore|AdminStatesControllerCore::renderForm|(sql),3,6,BO - Unable to import 'United State' at localization.,Increase maximum country state name length from 32 to 80 characters
28124,https://github.com/PrestaShop/PrestaShop/issues/28124,https://github.com/PrestaShop/PrestaShop/pull/28173,2d6f7a11a83ba12cbf59f067d723326eb738ed37,5f18712ffdd737a18d5c2aab274acbd1a8cf64d6,2022-04-11,src/Core/Module/ModuleManager.php|src/Core/Module/ModuleRepository.php|tests/Unit/Core/Module/ModuleManagerTest.php,BO,bo,difficile,28173,develop,ModuleManager::install|ModuleRepository|ModuleRepository::__construct|ModuleRepository::getList|ModuleManagerTest|ModuleManagerTest::testReset|ModuleManagerTest::getModuleMock|ModuleManagerTest::getModuleDataProviderMock,8,38,BO - An error is displayed when upgrading the module using the zip,Upgrade module when already installed
28133,https://github.com/PrestaShop/PrestaShop/issues/28133,https://github.com/PrestaShop/PrestaShop/pull/28132,47642f3dda92426f6a913cca7e86b2110978a798,568e0e8fc5ccf9adea7cf4c6e2d956e1f386836b,2022-04-11,src/PrestaShopBundle/Resources/config/services/adapter/module.yml,BO,bo,facile,28132,develop,(yml),1,7,Remove ModuleZipManager service as class have been removed,Remove ModuleZipManager service as class is missing
27478,https://github.com/PrestaShop/PrestaShop/issues/27478,https://github.com/PrestaShop/PrestaShop/pull/28240,f74fa73f7e84f29c42969a2be9bc7a09abe39b78,0cb6cde7a2e717f656b6817d67d76117843ed223,2022-04-14,themes/classic/config/theme.yml,FO,fo+bo,facile,28240,1.7.8.x,(yml),1,9,Blockwishlist doesn't work after changing theme,Added hooks for blockwishlist in classic theme
28144,https://github.com/PrestaShop/PrestaShop/issues/28144,https://github.com/PrestaShop/PrestaShop/pull/28225,72f6aa18ff978ce39ff3642c22ad6ba72c2afe56,84aea91c6dd33ee81594f7ddcc47a5ceb898e1cb,2022-04-14,src/PrestaShopBundle/Resources/views/Admin/TwigTemplateForm/bootstrap_4_layout.html.twig,BO,bo,facile,28225,develop,(twig),1,4,SEO & URLs frontend bug,Fix dropdown id on translatable group
10405,https://github.com/PrestaShop/PrestaShop/issues/10405,https://github.com/PrestaShop/PrestaShop/pull/28094,a65f4961559eef09b28e0daebceb8f7c06027d74,a24930231e90e50550869980fb954ead22667b2a,2022-04-14,classes/module/Module.php,BO,bo,moyen,28094,develop,ModuleCore::isHookableOn|ModuleCore::getWidgetHooks|ModuleCore::getPossibleHooksList,3,14,displayHeader is not available when transplanting modules/hooks,Fix displayHeader is not available when transplanting modules/hooks
27635,https://github.com/PrestaShop/PrestaShop/issues/27635,https://github.com/PrestaShop/PrestaShop/pull/28267,e84731ecad8e85e3b0063f28e1c4a308bae32578,defa8654e9dbe2dbcd835381093ffde3efa9a477,2022-04-18,src/Core/Addon/Theme/Theme.php,CO,fo,facile,28267,develop,(hors fonction),1,2,"When changing a theme , a ""yaml"" cache folder is created in wrong Prestashop folders",Prevent yaml cache folders creation in wrong filesystem path
27982,https://github.com/PrestaShop/PrestaShop/issues/27982,https://github.com/PrestaShop/PrestaShop/pull/28237,49c70dc3b99dd747550273d2b2363decb2c71851,74fdf2d8d9aff38a526b03c25320f019b107428e,2022-04-19,classes/db/DbPDO.php,CO,fo,facile,28237,develop,DbPDOCore::_query,1,6,"When an Exception is thrown with a string code, there is a fatal error",Wrap PDOException in PrestaShopException to cast the string error code to an int
28283,https://github.com/PrestaShop/PrestaShop/issues/28283,https://github.com/PrestaShop/PrestaShop/pull/28281,70fd9afb2e5405a65bf5ba3903135158c61aae66,116a071edfa09c82df5d760ebd662be7fde8d09a,2022-04-21,admin-dev/themes/new-theme/js/pages/module/controller.js,BO,cli,facile,28281,develop,updateModuleVisibility|isModulesPage,2,6,Unable to close modal after module installation,Fix non closing modal after module install
28242,https://github.com/PrestaShop/PrestaShop/issues/28242,https://github.com/PrestaShop/PrestaShop/pull/28258,533ba0179b5c03f4f3a55c5291f7e3bd7024fe2a,46ac5e9908dd0505c0bd7ccf7fa0a4dac715379c,2022-04-25,install-dev/controllers/console/process.php|install-dev/controllers/http/process.php|src/PrestaShopBundle/Install/Install.php|tests/UI/campaigns/sanity/01_installShop/01_installShop.js,FO,bo,difficile,28258,develop,InstallControllerConsoleProcess::process|InstallControllerHttpProcess::process|InstallControllerHttpProcess::display|Install::executeAction|it,5,30,ps_emailalerts modules are not hooked at all on fresh install,Install theme before modules
9521,https://github.com/PrestaShop/PrestaShop/issues/9521,https://github.com/PrestaShop/PrestaShop/pull/28314,438e5f389b21210f8ab1914a4b0f700ce08be844,8599c722ebdb2c8e5222f9b8cbb802f4d3924849,2022-04-26,admin-dev/themes/new-theme/js/app/pages/stock/components/header/filters/filter-component.vue,BO,bo,facile,28314,develop,(hors fonction)|data,2,9,"[BOOM-6214] In the search bar, if we unselect a supplier, it will not be removed automatically - Stock page - Filter by supplier",Fix the stock supplier filter on the Stock page
28285,https://github.com/PrestaShop/PrestaShop/issues/28285,https://github.com/PrestaShop/PrestaShop/pull/28301,9c08a6684ab99d0fe4596115698456cf042b0a82,77bae36e9f886e20463cd9b508b272c6a6b8f660,2022-04-27,controllers/admin/AdminGroupsController.php,BO,bo,facile,28301,1.7.8.x,AdminGroupsControllerCore::renderForm,1,2,[BO]: Discount is not visible on customer group form,Discount is not visible on customer group form
28312,https://github.com/PrestaShop/PrestaShop/issues/28312,https://github.com/PrestaShop/PrestaShop/pull/28319,e358fa4ddc5ecd3bdd7aa65bfc12ee70b2e20327,8cd6ae8e2ff299bc42ff6ebfd2a0a09f12c67c96,2022-04-28,src/PrestaShopBundle/Resources/views/Admin/Module/manage.html.twig,BO,bo,facile,28319,develop,(twig),1,2,Module manager page responsivity issue - checkbox collide with button,BO: Fix overlapping checkoxes on configure buttons
27924,https://github.com/PrestaShop/PrestaShop/issues/27924,https://github.com/PrestaShop/PrestaShop/pull/28019,8cd6ae8e2ff299bc42ff6ebfd2a0a09f12c67c96,48e7be48013deacadf2ad6f5d838e7c91fd95e28,2022-04-29,admin-dev/themes/new-theme/scss/pages/_customer.scss,BO,bo,facile,28019,develop,(scss),1,6,[BO] Bad display of Vouchers id in Customer View,Fixed display of Vouchers id in Customer View
28061,https://github.com/PrestaShop/PrestaShop/issues/28061,https://github.com/PrestaShop/PrestaShop/pull/28103,ca795ee78dc04412fe11bedee58d32d013ab954b,4e2e103566a0e490a81a0cb41cc2fe80e6473d8c,2022-05-02,tools/profiling/Profiler.php,BO,bo,facile,28103,develop,Profiler::getFormattedModulePerfs,1,4,PHP8.0 - BO - An exception is displayed in migrated page when profiling is enabled,Fixed profiler in PHP8.0 in migrated page
28148,https://github.com/PrestaShop/PrestaShop/issues/28148,https://github.com/PrestaShop/PrestaShop/pull/28153,027684221c4692d4736215e1a6106e277e865394,7610eb85d21bc0a65bbdab68d49e080638aa76ca,2022-05-03,admin-dev/themes/default/template/controllers/cart_rules/conditions.tpl|admin-dev/themes/default/template/controllers/cart_rules/form.js|controllers/admin/AdminCartRulesController.php,BO,fo+bo,difficile,28153,develop,(tpl)|toggleGiftProduct|AdminCartRulesControllerCore::postProcess|AdminCartRulesControllerCore::afterAdd|AdminCartRulesControllerCore::renderForm,5,53,Shop associations for cart_rules are saved without taking into account the employee permissions,Fix cart rule shop association
9589,https://github.com/PrestaShop/PrestaShop/issues/9589,https://github.com/PrestaShop/PrestaShop/pull/27803,68c0cfa3096c23d1868adad531d8260aef83cf28,bd423802679308a61d25b6600270f46ebc241d80,2022-05-04,classes/Context.php|classes/controller/FrontController.php,BO,fo+bo,difficile,27803,develop,ContextCore::updateCustomer|FrontControllerCore::init|FrontControllerCore::assignGeneralPurposeVariables,3,44,[BOOM-5963] Shopping cart is created automatically after login,No more auto created carts on login
28357,https://github.com/PrestaShop/PrestaShop/issues/28357,https://github.com/PrestaShop/PrestaShop/pull/28358,782192a3a71c037b125c4dc6b509f59ba9fd8c25,8b883abb360a84041c8258e23b9874cb055518e6,2022-05-06,src/PrestaShopBundle/Controller/Admin/Configure/AdvancedParameters/WebserviceController.php,BO,bo,facile,28358,develop,WebserviceController::checkWebserviceEndpoint,1,15,ConnectException on check Webservice Endpoint,Avoid ` ConnectException` check Webservice Endpoint
28331,https://github.com/PrestaShop/PrestaShop/issues/28331,https://github.com/PrestaShop/PrestaShop/pull/28332,773b0343494b86013953c6f5479dc1512ba0d850,8ead701b785577e073f76a6e76126f957ffe8032,2022-05-06,src/Adapter/Module/AdminModuleDataProvider.php,BO,bo,facile,28332,develop,AdminModuleDataProvider,1,6,The module actions order have been modified,Module manager : Restore modules actions order
28448,https://github.com/PrestaShop/PrestaShop/issues/28448,https://github.com/PrestaShop/PrestaShop/pull/28447,e358b6ba4fd960a305e34ae67407f57d1086ee7b,faac6a86eef2a19728b1d2894f92be8ef0f37a73,2022-05-09,classes/controller/AdminController.php,BO,bo,facile,28447,develop,AdminControllerCore::mergeExtraToolbarButtons,1,4,'Add new attribute' button is not visible on BO>Catalog>Attributes page,Use toolbar buttons array index as class when missing
26780,https://github.com/PrestaShop/PrestaShop/issues/26780,https://github.com/PrestaShop/PrestaShop/pull/27308,f79dcbdd7086dc22d418b226e33af5ba4d73b123,e1ff5f68cdee978a52b31caa8da8f1833c9ba721,2022-05-11,src/PrestaShopBundle/Resources/views/Admin/Sell/Customer/view.html.twig,BO,bo,facile,27308,develop,(twig),1,4,[Wishlist - mobile] the block wishlist is not aligned in Customer View page,Restore needed removed row in customer view
27737,https://github.com/PrestaShop/PrestaShop/issues/27737,https://github.com/PrestaShop/PrestaShop/pull/27738,4d94958c5d4a5122bc3e0f1c1ab3112367aa6052,7ea211de46e9e585b65238f424869a566568baec,2022-05-12,classes/Product.php,FO,fo,facile,27738,1.7.8.x,ProductCore::getNewProducts,1,9,"Product listed as ""New"" but without flag","FO : Fix offset for ""NEW"" products listing"
27717,https://github.com/PrestaShop/PrestaShop/issues/27717,https://github.com/PrestaShop/PrestaShop/pull/28458,2a66f11f842a69b85eeea26f9fdb8ba563ad78e5,84aa7f7b91ff182c5c8c2589477a6d01b35eeb86,2022-05-17,classes/helper/HelperList.php,BO,bo,facile,28458,develop,HelperListCore::displayDeleteLink,1,5,BO - HelperList: notice if specificConfirmDelete is set to false,HelperList: remove notice if specificConfirmDelete is set to false #27718
26557,https://github.com/PrestaShop/PrestaShop/issues/26557,https://github.com/PrestaShop/PrestaShop/pull/28426,ffc8ed1db5066e3f8939ef44af3500e89ba0130d,f7d68f089c3683fc270bdf3091a9597854907093,2022-05-17,themes/classic/templates/catalog/_partials/product-cover-thumbnails.tpl,FO,fo+bo,facile,28426,1.7.8.x,(tpl),1,6,FO -  Quick view - The type of the product's cover image is incorrect,Fix product images size consistency
17764,https://github.com/PrestaShop/PrestaShop/issues/17764,https://github.com/PrestaShop/PrestaShop/pull/28231,ba6a72d3e289c8425450c9fd2a5740226b38db3b,121c358020b17cb87272b07c4d8a28794c934cc2,2022-05-17,classes/PaymentModule.php,FO,fo,facile,28231,develop,PaymentModuleCore::validateOrder|PaymentModuleCore::createOrderCartRules,2,25,Mail with prices with taxes/no taxes mixed,Fix totals excluding tax in confirmation email
9590,https://github.com/PrestaShop/PrestaShop/issues/9590,https://github.com/PrestaShop/PrestaShop/pull/28315,2f02a0b9b42dc7b441538019490fca0cedb51dd5,a4fc562316918e4cca222cb43ddda698079df20f,2022-05-18,src/Adapter/Presenter/Product/ProductLazyArray.php|tests/Integration/Adapter/Presenter/Product/ProductLazyArrayTest.php,FO,fo,difficile,28315,develop,ProductLazyArray::getDeliveryInformation|ProductLazyArray::shouldEnableAddToCartButton|ProductLazyArrayTest|ProductLazyArrayTest::testQuantityInformations,4,120,[BOOM-5960] Delivery information label is not refresh according to the quantity number,Fix delivery information for the product
22565,https://github.com/PrestaShop/PrestaShop/issues/22565,https://github.com/PrestaShop/PrestaShop/pull/28266,5d4e5610ebf9d92b00f6c1e4d1c71f35119265c6,2f02a0b9b42dc7b441538019490fca0cedb51dd5,2022-05-18,src/Core/ConstraintValidator/Constraints/TypedRegex.php|src/Core/ConstraintValidator/TypedRegexValidator.php|src/PrestaShopBundle/Form/Admin/Configure/AdvancedParameters/Webservice/WebserviceKeyType.php|tests/Unit/Core/ConstraintValidator/TypedRegexValidatorTest.php,BO,bo,difficile,28266,develop,TypedRegex|TypedRegexValidator::getPattern|(hors fonction)|WebserviceKeyType::buildForm|TypedRegexValidatorTest::testItFailsForModuleNameTypeWhenInvalidCharactersGiven|TypedRegexValidatorTest::getInvalidCharactersForModuleName,6,67,BO - Webservice - Webservice key is empty,Add regex constraint to the webservice key
18008,https://github.com/PrestaShop/PrestaShop/issues/18008,https://github.com/PrestaShop/PrestaShop/pull/27187,4a6dbd025cf239c7ed2a215aceae21bd1a491be0,eb322adfe40a576ccb2294957c711e2427bd123d,2022-05-23,classes/Tools.php|classes/controller/FrontController.php|classes/form/CustomerAddressForm.php,FO,fo+bo,difficile,27187,develop,ToolsCore|ToolsCore::isFileFresh|FrontControllerCore::init|CustomerAddressFormCore::fillWith,4,47,Set default country from browser language KO,Set country from browser language if option is set in customer address
28534,https://github.com/PrestaShop/PrestaShop/issues/28534,https://github.com/PrestaShop/PrestaShop/pull/28535,ed982dc0966bd5e9c1e902685bef075191b14c9e,f76f705375d0ddf7e2cb05885ef1e64aabe10554,2022-05-30,classes/Image.php|controllers/admin/AdminImagesController.php,BO,bo,facile,28535,develop,ImageCore::deleteImage|AdminImagesControllerCore::_deleteOldImages,2,8,Impossible to regenerate images produced in high definition,Removes old images and their hight DPI
28446,https://github.com/PrestaShop/PrestaShop/issues/28446,https://github.com/PrestaShop/PrestaShop/pull/28445,90a915b66d5602f6e695348c6f12471a9baa62b1,edcf2ff68d74ffa496e35e20636db83387e1cc9b,2022-06-01,src/Core/Module/EventSubscriber.php|src/Core/Module/ModuleRepository.php,BO,bo,difficile,28445,develop,EventSubscriber::onModuleStateChanged|ModuleRepository::setActionUrls|ModuleRepository::clearCache|ModuleRepository::getCacheKey,4,42,Modules list cache is not correctly cleared in a multishop context,Allow clearing modules cache for all shops
28653,https://github.com/PrestaShop/PrestaShop/issues/28653,https://github.com/PrestaShop/PrestaShop/pull/28654,05be3b5c9b110a3cf1aff0fa38fc7aede8ab100c,18425671af31890ffba71705ce97d7c47637e6dc,2022-06-08,admin-dev/themes/default/template/controllers/customer_threads/helpers/view/message.tpl,BO,fo+bo,facile,28654,develop,(tpl),1,2,Error on customer service thread page - PHP 8.1,Add default fallback if no customer name
28721,https://github.com/PrestaShop/PrestaShop/issues/28721,https://github.com/PrestaShop/PrestaShop/pull/28722,1b1f06a1496797cc1138df88bd27fe1a2770a140,2ae1653ba730089fe932634a2823f841abcf62ef,2022-06-15,classes/Cart.php,BO,fo+bo,facile,28722,develop,CartCore::add,1,3,Cart with wrong id_shop_group,Cart with wrong id_shop_group when order is made in BO
28228,https://github.com/PrestaShop/PrestaShop/issues/28228,https://github.com/PrestaShop/PrestaShop/pull/28613,2ae1653ba730089fe932634a2823f841abcf62ef,48e144f0ad8e19626491933808451d858fd6d821,2022-06-15,src/Core/Import/File/FileRemoval.php,BO,bo,facile,28613,develop,FileRemoval::remove,1,10,error when trying to delete a file that was imported in excel format,Fix inability to delete csv-converted files from import
27898,https://github.com/PrestaShop/PrestaShop/issues/27898,https://github.com/PrestaShop/PrestaShop/pull/28763,48e144f0ad8e19626491933808451d858fd6d821,e440b5728b15422073525d0059128512e7cca84f,2022-06-16,src/PrestaShopBundle/Controller/Admin/Sell/Address/AddressController.php,BO,bo,facile,28763,develop,AddressController::editAction,1,1,BO - Customers / Wrong redirection after canceling the edition of an address from the customer detail page,Fixed redirect after canceling the edition of an address from the customer detail page
27621,https://github.com/PrestaShop/PrestaShop/issues/27621,https://github.com/PrestaShop/PrestaShop/pull/28683,e440b5728b15422073525d0059128512e7cca84f,ba5d340c5558c0b59ee725f34988dabe7110c012,2022-06-17,admin-dev/themes/default/scss/partials/_date-range-picker.scss|admin-dev/themes/default/template/helpers/calendar/calendar.tpl,BO,bo,moyen,28683,develop,(scss)|(tpl),2,28,[BO] Improve UX design for date-picker form,Improve datepicker design in dashboard
20023,https://github.com/PrestaShop/PrestaShop/issues/20023,https://github.com/PrestaShop/PrestaShop/pull/28718,f32bfd70275a8afdf963e44f6ac4c39f09097e28,a869ae16a43e834509b1401df5a6776372bb9d4c,2022-06-20,controllers/admin/AdminCartRulesController.php|src/Adapter/Carrier/CarrierDataProvider.php|src/Core/Form/ChoiceProvider/CarrierByReferenceChoiceProvider.php|src/PrestaShopBundle/Form/Admin/Product/ProductShipping.php,BO,bo,difficile,28718,develop,AdminCartRulesControllerCore::renderForm|CarrierDataProvider::getActiveCarriersChoices|CarrierByReferenceChoiceProvider::getChoices|ProductShipping::__construct,4,13,Same name carriers don't show in Shipping > Preferences > Default carrier,Fix carriers with same names don't show in Shipping > Preferences
28638,https://github.com/PrestaShop/PrestaShop/issues/28638,https://github.com/PrestaShop/PrestaShop/pull/28639,ba5d340c5558c0b59ee725f34988dabe7110c012,edf15fc4bf2bda155d3753515cbb9f25a6085a11,2022-06-20,controllers/front/OrderDetailController.php,FO,fo,facile,28639,develop,OrderDetailControllerCore::postProcess,1,2,[FO] : Blank message from customer end must not be allow from order detail page,Do not allow blank message from customer end on the order detail page
27581,https://github.com/PrestaShop/PrestaShop/issues/27581,https://github.com/PrestaShop/PrestaShop/pull/27643,d5bcf0e3bb43c04b5b5e02943bd59dca007ceba1,86731310885640ba7ce770b5ece9f50fe9713a8e,2022-06-22,mails/themes/classic/core/order_customer_comment.html.twig|mails/themes/modern/core/order_customer_comment.html.twig,BO,fo+bo,facile,27643,develop,(twig)|(twig),2,10,"Missing product name in template ""order_customer_comment""",Improve mail order message
27604,https://github.com/PrestaShop/PrestaShop/issues/27604,https://github.com/PrestaShop/PrestaShop/pull/27841,f3487b1159f5b2f021a60c0728d2629ceada0a1a,742017150438979b7a053288a165111feb52e968,2022-06-27,classes/ProductAssembler.php|src/Core/Product/Search/ProductSearchContext.php,FO,fo,difficile,27841,1.7.8.x,ProductAssemblerCore::__construct|ProductAssemblerCore::addMissingProductFields|ProductSearchContext|ProductSearchContext::__construct|ProductSearchContext::getIdShop|ProductSearchContext::getIdLang|ProductSearchContext::getIdCurrency|ProductSearchContext::getIdCustomer,8,89,[Multistore] - Product on category page display out of stock flag instead of availlable on order,Multistore - Product on category page display out of stock flag instead of availlable on order
27921,https://github.com/PrestaShop/PrestaShop/issues/27921,https://github.com/PrestaShop/PrestaShop/pull/28821,742017150438979b7a053288a165111feb52e968,9c7f0d5ebb6a1b93184056253e84931a4a16ce2b,2022-06-29,src/Core/Form/ChoiceProvider/CurrencyNameByIsoCodeChoiceProvider.php|src/Core/Localization/CLDR/Currency.php|tests/Unit/Core/Localization/CLDR/CurrencyTest.php,BO,bo,difficile,28821,1.7.8.x,CurrencyNameByIsoCodeChoiceProvider::getChoices|Currency::getDisplayName|CurrencyTest::testGetSymbolsWithInvalidSymbolType,3,34,BO - An exception is displayed when editing a currency with a custom lanaguage,Handle fallback when currency has empty display names
27617,https://github.com/PrestaShop/PrestaShop/issues/27617,https://github.com/PrestaShop/PrestaShop/pull/28392,9c7f0d5ebb6a1b93184056253e84931a4a16ce2b,02d4bb7ea26f5d60029010a8022ca24195aae875,2022-06-29,config/config.inc.php,BO,bo,facile,28392,1.7.8.x,(hors fonction),1,24,Multistore - wrong BO language,Fix back-office translations when multishop and multiple languages
28227,https://github.com/PrestaShop/PrestaShop/issues/28227,https://github.com/PrestaShop/PrestaShop/pull/28829,02d4bb7ea26f5d60029010a8022ca24195aae875,ae1e89f8519e35f771cc3a88fc14906f51296bbb,2022-07-06,src/PrestaShopBundle/Form/Admin/AdvancedParameters/Performance/CachingType.php,BO,bo,facile,28829,1.7.8.x,CachingType::getErrorsMessages,1,8,Links redirect to 404 pages and spaces missing in wording,Fix performances links spaces and URLs
28873,https://github.com/PrestaShop/PrestaShop/issues/28873,https://github.com/PrestaShop/PrestaShop/pull/28984,c37413ba0d7d20da7ec4adaaa761e48963f72378,aee7682af58692bb1180b5d3fe460e158346e0f2,2022-07-07,admin-dev/themes/new-theme/js/pages/customer/form.ts|admin-dev/themes/new-theme/js/pages/customer/index.ts,BO,bo,facile,28984,8.0.x,(hors fonction)|(hors fonction),2,8,BO - Customers - Select all is not working in the Group access section,Fix customer edit/add select all group access
28367,https://github.com/PrestaShop/PrestaShop/issues/28367,https://github.com/PrestaShop/PrestaShop/pull/28973,054c07a70ce0186bfe25dd5139c3a923e76b47f8,f48ed4e39a36b7b6a0f7a873637146897696574b,2022-07-07,src/PrestaShopBundle/Form/Admin/Configure/ShopParameters/ProductPreferences/PaginationFormDataProvider.php|src/PrestaShopBundle/Form/Admin/Configure/ShopParameters/ProductPreferences/PaginationType.php,BO,fo+bo,facile,28973,8.0.x,PaginationFormDataProvider::validate|PaginationType::buildForm,2,5,Error when pagination (products per page) on category page set to 0,Do not allow 0 as number of products per page
28405,https://github.com/PrestaShop/PrestaShop/issues/28405,https://github.com/PrestaShop/PrestaShop/pull/28524,e8e0463090d2f5174f283d07aab59d3368073fa2,054c07a70ce0186bfe25dd5139c3a923e76b47f8,2022-07-07,admin-dev/themes/new-theme/scss/pages/orders/_orders_view.scss,BO,fo+bo,facile,28524,8.0.x,(scss),1,22,BO - Orders details - Block Status - dropdown has bad styling,Fix select2 style in order view
28980,https://github.com/PrestaShop/PrestaShop/issues/28980,https://github.com/PrestaShop/PrestaShop/pull/28992,7a10036cfdb9106303aeacb0fc58421e80451bcf,e3e58dbcf2bb16ae91a84a3531e545f12642ce89,2022-07-11,admin-dev/themes/default/js/admin-theme.js|admin-dev/themes/default/scss/partials/_header.scss|admin-dev/themes/default/template/search_form.tpl,BO,bo,difficile,28992,develop,unmatch|(scss)|(tpl),3,124,"BO - Wording ""search"" is displayed beside the icon on search bar",Fix material icons for legacy BO search form
28770,https://github.com/PrestaShop/PrestaShop/issues/28770,https://github.com/PrestaShop/PrestaShop/pull/28930,aee7682af58692bb1180b5d3fe460e158346e0f2,565adb0f256faeecef362e029662f198bc5bf22c,2022-07-11,classes/controller/AdminController.php,BO,bo,facile,28930,8.0.x,AdminControllerCore::getList,1,5,BO - The feature associated to one shop is displayed for all other shops ,Fix features and attributes list for multishop
9616,https://github.com/PrestaShop/PrestaShop/issues/9616,https://github.com/PrestaShop/PrestaShop/pull/28510,e3e58dbcf2bb16ae91a84a3531e545f12642ce89,cc1b5cab2067f9c7d1b7f9f5670a96008e49abdc,2022-07-12,admin-dev/themes/new-theme/js/app/pages/stock/components/overview/spinner.vue|admin-dev/themes/new-theme/js/app/widgets/ps-number.vue,BO,bo,moyen,28510,develop,(hors fonction)|(hors fonction),2,13,[BOOM-5790] Stock page - No alert message when editing quantity product with decimals,"Prevent using period, comma keys inside quantity input"
28883,https://github.com/PrestaShop/PrestaShop/issues/28883,https://github.com/PrestaShop/PrestaShop/pull/28987,96c4877d41f53d783b313a06bfa6c0805fc81978,2af068a0ff841ba7083e7b41b56840f1e931eab4,2022-07-13,src/PrestaShopBundle/Resources/views/Admin/TwigTemplateForm/bootstrap_4_layout.html.twig,BO,bo,facile,28987,8.0.x,(twig),1,2,BO - Associated categories of product are not checkecd,Fix associated categories in product page v1
25871,https://github.com/PrestaShop/PrestaShop/issues/25871,https://github.com/PrestaShop/PrestaShop/pull/29036,ebcce0d49693192373fa62a456c66db41f23404a,94eadeaefbc22ac6d216e16d4b2e59ba86dceae4,2022-07-15,classes/Link.php|src/PrestaShopBundle/Controller/Admin/Sell/Catalog/CategoryController.php|src/PrestaShopBundle/Resources/views/Admin/Sell/Catalog/Categories/Blocks/form.html.twig,BO,bo,difficile,29036,develop,LinkCore::getCategoryLink|CategoryController::createAction|(twig),3,30,BO - Categories page - Invalid category vars - An exception is displayed when Adding a category,Deprecate URL generation on category with id 0 and remove preview in category creation
28932,https://github.com/PrestaShop/PrestaShop/issues/28932,https://github.com/PrestaShop/PrestaShop/pull/29055,96aeaffad81a6e83621fe7b8f27ea04ce6449c36,d91f0b8b65c94e0926552d7ad92a0bb9960fffcf,2022-07-18,themes/classic/_dev/js/listing.js,FO,fo,facile,29055,1.7.8.x,(hors fonction)|move,2,13,"FO Mobile - on Search sort result list, click on back to top button reload the page with the sort",Fix anchor links in product list
28961,https://github.com/PrestaShop/PrestaShop/issues/28961,https://github.com/PrestaShop/PrestaShop/pull/29020,aa5ea4fc7d720b040c90d24463cd523a916c0e0e,0ceb6c09688cdb6a1cfa40859e3d264a70a28069,2022-07-18,src/Adapter/Translations/TranslationRouteFinder.php,BO,bo,facile,29020,8.0.x,TranslationRouteFinder::isModuleUsingNewTranslationSystem,1,4,BO - Translations - An error is displayed when we try to modify the translation of a module,Use LegacyModule instance instead of ModuleAdaptater
28944,https://github.com/PrestaShop/PrestaShop/issues/28944,https://github.com/PrestaShop/PrestaShop/pull/28947,900a2b95d392871e31773f36e1d3a1949ea1e107,5cfcf8f7a9466436cb1f616d3f3beda149bb2340,2022-07-19,classes/lang/KeysReference/MetaLang.php|install-dev/langs/en/data/meta.xml,BO,fo,moyen,28947,develop,(hors fonction)|(xml),2,12,Missing translations on meta pages,Fix missing translations on meta pages
28864,https://github.com/PrestaShop/PrestaShop/issues/28864,https://github.com/PrestaShop/PrestaShop/pull/28865,3dda2d9ee4e1e8767db07827c9278f21efc52521,900a2b95d392871e31773f36e1d3a1949ea1e107,2022-07-19,classes/PrestaShopCollection.php,FO,fo+bo,facile,28865,develop,PrestaShopCollectionCore::getAll,1,4,"Inefficient queries in PrestaShopCollection, incoherent display of category names in breadcrumbs.",PrestashopCollection needs a shop restriction
26754,https://github.com/PrestaShop/PrestaShop/issues/26754,https://github.com/PrestaShop/PrestaShop/pull/28780,d91f0b8b65c94e0926552d7ad92a0bb9960fffcf,2bdd6af684c46633004a01b8b29a12231c8603e5,2022-07-19,classes/Cart.php|src/Adapter/AddressFactory.php,FO,fo,moyen,28780,1.7.8.x,CartCore::getProductAddressId|(hors fonction)|AddressFactory::findOrCreate|AddressFactory::addressExists,4,9,Too many queries to test if address_id exists,Add cache to AddressFactory::addressExists()
28253,https://github.com/PrestaShop/PrestaShop/issues/28253,https://github.com/PrestaShop/PrestaShop/pull/28660,5d3078f1cd67cfe2c039f5c594406e4dba3102f2,2fad09eaa7193bce929692c775d25709495d8064,2022-07-19,src/Core/Form/IdentifiableObject/DataHandler/EmployeeFormDataHandler.php,BO,bo,facile,28660,8.0.x,EmployeeFormDataHandler::create|EmployeeFormDataHandler::update,2,29,BO > Profile - Exception is displayed when adding invalid field and choosing avatar,Fix exception during profil edition if invalid field given with avatar
29058,https://github.com/PrestaShop/PrestaShop/issues/29058,https://github.com/PrestaShop/PrestaShop/pull/29069,4b840fcca5962038ff6960c83c2911d86b8cfeae,4b8299fda87221915ec4789925ae38b2c36a9ce1,2022-07-20,src/Core/Addon/Theme/ThemeManager.php,BO,fo+bo,facile,29069,8.0.x,ThemeManager::enable,1,4,Enabling a theme without hooks to handle throw an error,Fix install theme without hooks
29001,https://github.com/PrestaShop/PrestaShop/issues/29001,https://github.com/PrestaShop/PrestaShop/pull/29067,04f1cf5969ea0b7cfb1f865e0ffdda23501d35d9,21be787bdafa4375716bb9acc9714b4208cc7072,2022-07-20,src/PrestaShopBundle/Controller/Admin/Improve/Design/PositionsController.php|src/PrestaShopBundle/Controller/Admin/ProductController.php|src/PrestaShopBundle/Controller/Admin/Sell/Catalog/CategoryController.php|src/PrestaShopBundle/Controller/Admin/Sell/Catalog/Product/ProductController.php|src/PrestaShopBundle/Controller/Admin/Sell/Order/DeliveryController.php,BO,bo,moyen,29067,8.0.x,PositionsController|ProductController|ProductController::catalogAction|CategoryController|ProductController|DeliveryController|DeliveryController::slipAction,7,21,BO > Permissions - Can't access certains pages with Profile with only View Permission,Fix permissions for read-only user
28894,https://github.com/PrestaShop/PrestaShop/issues/28894,https://github.com/PrestaShop/PrestaShop/pull/29086,fd4448cce257bce1d05f4e634f05ddccd5f77bb3,de288bd11a897843e0c644dbb02962ce7a01e2e4,2022-07-25,admin-dev/themes/new-theme/js/app/pages/stock/components/header/filters.vue,BO,bo,moyen,29086,8.0.x,(hors fonction)|onDpChange|mounted|data,4,40,"""Filter by date"" doesn't work in the Movements page",Fix filtering by date in Movements page (stock section)
28892,https://github.com/PrestaShop/PrestaShop/issues/28892,https://github.com/PrestaShop/PrestaShop/pull/29054,28c9b840744057ed82508c45b8df26fa50bdff53,e771956b1064760cba24530032563dfe04391517,2022-07-26,src/PrestaShopBundle/Form/Admin/Product/ProductShipping.php|src/PrestaShopBundle/Form/Admin/Product/ProductSpecificPrice.php|src/PrestaShopBundle/Resources/config/services/bundle/form/form_type.yml|src/PrestaShopBundle/Resources/views/Admin/Product/ProductPage/Forms/form_shipping.html.twig|src/PrestaShopBundle/Resources/views/Admin/Product/ProductPage/Forms/form_specific_price.html.twig,BO,bo,difficile,29054,8.0.x,ProductShipping|ProductShipping::__construct|ProductShipping::buildForm|ProductSpecificPrice::buildForm|(yml)|(twig)|(twig),7,45,BO - Product V1 - Shipping & Pricing tab - Units are not well displayed,Fix BO Units on inputs
28305,https://github.com/PrestaShop/PrestaShop/issues/28305,https://github.com/PrestaShop/PrestaShop/pull/28416,de288bd11a897843e0c644dbb02962ce7a01e2e4,28c9b840744057ed82508c45b8df26fa50bdff53,2022-07-26,src/Core/Module/ModuleRepository.php,BO,bo,moyen,28416,8.0.x,(hors fonction)|ModuleRepository::getModule|ModuleRepository::clearCache,3,13,A not installed module still impact the Backoffice,Do not throw an exception if a module is invalid
29072,https://github.com/PrestaShop/PrestaShop/issues/29072,https://github.com/PrestaShop/PrestaShop/pull/29073,c2f172f6786767a6e57d78a56c26b02e173f26f4,e7edf602abfed93427a643dfddc04c5a2ec2c2a3,2022-07-28,src/PrestaShopBundle/Form/Admin/Product/ProductInformation.php,BO,bo,facile,29073,8.0.x,ProductInformation::buildForm,1,4,"BO - Product v1 associated categories, invalid and empty section below category labels ",Remove select2 for categories in product v1
28863,https://github.com/PrestaShop/PrestaShop/issues/28863,https://github.com/PrestaShop/PrestaShop/pull/29190,597e6cebb418047ae98ea89113f10e0a9f93bc96,13c60b2be8a567a9ea9364cfa61e57d47d88a4ff,2022-07-29,admin-dev/themes/default/scss/partials/_nav.scss,BO,bo,facile,29190,8.0.x,(scss),1,5,[Responsive - BO] Bad display of active menu item in Legacy pages,Fix menu display for legacy pages
29006,https://github.com/PrestaShop/PrestaShop/issues/29006,https://github.com/PrestaShop/PrestaShop/pull/29186,e7edf602abfed93427a643dfddc04c5a2ec2c2a3,597e6cebb418047ae98ea89113f10e0a9f93bc96,2022-07-29,controllers/admin/AdminProductsController.php,BO,bo,facile,29186,8.0.x,AdminProductsControllerCore::processSuppliers,1,17,Unable to save a single supplier for a product with combination  ,Fix supplier / product v1 association
29071,https://github.com/PrestaShop/PrestaShop/issues/29071,https://github.com/PrestaShop/PrestaShop/pull/29158,13c60b2be8a567a9ea9364cfa61e57d47d88a4ff,b1e93a81e488ff2210dd56805d88c6641c9b47b7,2022-07-29,src/Adapter/Product/Repository/ProductRepository.php,BO,fo+bo,facile,29158,8.0.x,ProductRepository::get|ProductRepository::getProductType,2,22,"BO - Create a new product - Exception is thrown: Invalid product type. Valid types are: [standard,pack,virtual,combinations] when enabling new product page Feature",Fix product type error when enabling experimental product page
29165,https://github.com/PrestaShop/PrestaShop/issues/29165,https://github.com/PrestaShop/PrestaShop/pull/29199,df59cbd8b22bcd72d77551080af5a14634193982,2e1139f6986b9e401e2a327819c0d986d9c8ecbd,2022-08-01,src/PrestaShopBundle/Form/Admin/Extension/UnitTypeExtension.php|src/PrestaShopBundle/Form/Admin/Product/ProductCombination.php|src/PrestaShopBundle/Resources/views/Admin/Product/ProductPage/Forms/form_combination.html.twig|src/PrestaShopBundle/Resources/views/Admin/TwigTemplateForm/bootstrap_4_horizontal_layout.html.twig|src/PrestaShopBundle/Resources/views/Admin/TwigTemplateForm/prestashop_ui_kit_base.html.twig,BO,fo+bo,difficile,29199,8.0.x,UnitTypeExtension::configureOptions|UnitTypeExtension::buildView|ProductCombination::buildForm|(twig)|(twig)|(twig),6,52,"Product page in BO > Combination details page, ""Impact on weight"" Unit is not well displayed",Fix 29165 BO input unit display
28974,https://github.com/PrestaShop/PrestaShop/issues/28974,https://github.com/PrestaShop/PrestaShop/pull/29024,609a4b0bc25fec537d6140bd385ffd68298853c4,3ce1941242fa3df773e78ff7df1215f6e275baa7,2022-08-02,js/admin/dashboard.js,BO,bo,facile,29024,8.0.x,saveDashConfig,1,5,BO - Dashboard - Bad display of the demo mode button,Fixes BO Dashdoard Button wrong display
29270,https://github.com/PrestaShop/PrestaShop/issues/29270,https://github.com/PrestaShop/PrestaShop/pull/29278,2496425ab99f98a3e309bbad6c986e226e340dbb,cb90171fbaf3b9ee3c65c492bcfe220ea3b17590,2022-08-09,src/Adapter/Product/Grid/Data/Factory/ProductLightGridDataFactoryDecorator.php|src/PrestaShopBundle/Resources/config/services/adapter/product.yml,BO,fo+bo,moyen,29278,8.0.x,ProductLightGridDataFactoryDecorator|ProductLightGridDataFactoryDecorator::__construct|ProductLightGridDataFactoryDecorator::applyModification|(yml),4,12,BO - Product V2 - stock management disabled -  An exception is displayed when we try to check the product list,Fix undefined quantity index in light product list
29241,https://github.com/PrestaShop/PrestaShop/issues/29241,https://github.com/PrestaShop/PrestaShop/pull/29256,f64f657366caf66e01f3b4fccaad4b77989a1257,f1f3e40675ba2637f4df759fb2ed2f4f06d6f3ab,2022-08-09,src/Core/Module/ModuleManager.php,BO,bo,facile,29256,8.0.x,ModuleManager::upgradeMigration,1,2,Uploading the same version of a running module fails on 8.0,"When there no module upgrade script to run, make module upgrade succeed"
29268,https://github.com/PrestaShop/PrestaShop/issues/29268,https://github.com/PrestaShop/PrestaShop/pull/29272,cb90171fbaf3b9ee3c65c492bcfe220ea3b17590,d6211983fc8d6a0eb180d04a850a9bcfa3f90ea3,2022-08-10,admin-dev/filemanager/include/php_image_magician.php,BO,bo,facile,29272,8.0.x,imageLib::crop,1,2,[PHP8.1]  - A warning is displayed ine the File manager,Making PHP8.1 implicit conversion explicit
29051,https://github.com/PrestaShop/PrestaShop/issues/29051,https://github.com/PrestaShop/PrestaShop/pull/29180,d6211983fc8d6a0eb180d04a850a9bcfa3f90ea3,18e2fb40b6a89f5e75eabe8d05db250b00e5f95a,2022-08-10,src/PrestaShopBundle/Form/Admin/Sell/Order/OrderPaymentType.php|src/PrestaShopBundle/Form/Admin/Type/AmountCurrencyType.php|src/PrestaShopBundle/Resources/config/services/bundle/form/form_type.yml|src/PrestaShopBundle/Resources/views/Admin/Sell/Order/Order/Blocks/View/payments.html.twig|src/PrestaShopBundle/Resources/views/Admin/TwigTemplateForm/bootstrap_4_horizontal_layout.html.twig,BO,bo,difficile,29180,8.0.x,(hors fonction)|OrderPaymentType::buildForm|(nouveau fichier)|(yml)|(twig)|(twig),6,114,"Order page in BO, bad displaying of “Amount” input field + currency selector in “Payment” block",Fix order payment currency unit
29152,https://github.com/PrestaShop/PrestaShop/issues/29152,https://github.com/PrestaShop/PrestaShop/pull/29161,649f14a8b25f239b1b7039f2874c2e7dc121f08b,a4758b419480a937a87b8f4d4aff9d03a2b8fc0e,2022-08-10,controllers/admin/AdminStatusesController.php,BO,bo,moyen,29161,develop,AdminStatusesControllerCore::ajaxProcessSendEmailOrderState|AdminStatusesControllerCore::ajaxProcessDeliveryOrderState|AdminStatusesControllerCore::ajaxProcessInvoiceOrderState,3,17,BO - Read-only employee can edit an Order Status,Fix update order status settings with readonly user
26548,https://github.com/PrestaShop/PrestaShop/issues/26548,https://github.com/PrestaShop/PrestaShop/pull/28762,3001628b66d790db7024ca1d0cd36173425f22f8,4d5e7d426eeb61ad38c0b35d38e9880515656fae,2022-08-10,admin-dev/themes/new-theme/js/app/utils/table-sorting.ts|admin-dev/themes/new-theme/js/pages/customer/index.ts,BO,bo,difficile,28762,develop,(hors fonction)|constructor|(hors fonction),3,47,"After sort, redirect to grid at reload of the page",Target the table on the reload of the page after a sort
26787,https://github.com/PrestaShop/PrestaShop/issues/26787,https://github.com/PrestaShop/PrestaShop/pull/26788,4d5e7d426eeb61ad38c0b35d38e9880515656fae,9887e7ece9810d847b8f31558ac2baabd1a91659,2022-08-11,classes/ObjectModel.php,FO,fo,facile,26788,develop,ObjectModelCore|ObjectModelCore::getAssociatedLanguage,2,17,Unefficient retreival of $this->id_lang in class Cart,Cart: replace this->getAssociatedLanguage()->getId() by equivalent th…
29296,https://github.com/PrestaShop/PrestaShop/issues/29296,https://github.com/PrestaShop/PrestaShop/pull/29306,941c9051f0c11d98d2203b9f83a8ac7ef579fe19,fd7ead3e42ecc3852727cd4dfbd1b0b5175c14e4,2022-08-12,src/PrestaShopBundle/Form/Admin/Sell/Customer/SearchedCustomerType.php|src/PrestaShopBundle/Resources/views/Admin/Sell/Catalog/Product/SpecificPrice/FormTheme/specific_price.html.twig,BO,fo+bo,moyen,29306,8.0.x,SearchedCustomerType::buildForm|(twig),2,17,specific price only for a specific customer no works,Fix specific price creation for dedicated customer
28047,https://github.com/PrestaShop/PrestaShop/issues/28047,https://github.com/PrestaShop/PrestaShop/pull/29307,e187d79648add27d2957c3ad67f4a1607d823d51,eafe01d1f749039bb4f939a9a24d9cc7ca612de4,2022-08-14,src/PrestaShopBundle/Resources/views/Admin/Product/ProductPage/product.html.twig,BO,fo+bo,facile,29307,1.7.8.x,(twig),1,1,JS error in back office product page,Remove module_card.js from the product page v1
29234,https://github.com/PrestaShop/PrestaShop/issues/29234,https://github.com/PrestaShop/PrestaShop/pull/29416,b2b07bb726fde0a36e42625d46914b28b6198c51,f863fd7ab109cf1a79e8af7146a073b6bfe4b6b2,2022-08-29,classes/form/CustomerForm.php,FO,bo,facile,29416,8.0.x,CustomerFormCore::validateByModules,1,10,Extra FormFields validation does not work,Fix customer form validation from module
29361,https://github.com/PrestaShop/PrestaShop/issues/29361,https://github.com/PrestaShop/PrestaShop/pull/29388,37c4650dcd8c2739a0738d6b75c5ca21a4b83634,b2b07bb726fde0a36e42625d46914b28b6198c51,2022-08-29,src/PrestaShopBundle/Resources/views/Admin/Common/Grid/Columns/Content/status.html.twig,BO,fo+bo,facile,29388,8.0.x,(twig),1,8,BO - The status of the voucher is always disabled in the customer details page,"Fix customer voucher ""active"" column in customer view page"
29012,https://github.com/PrestaShop/PrestaShop/issues/29012,https://github.com/PrestaShop/PrestaShop/pull/29122,a17d5900f0da1d878e118cf526f991e414762fe0,031cc2f1177fb3b4a89c5a756944b309613da513,2022-08-31,classes/form/CustomerAddressForm.php,FO,fo+bo,moyen,29122,8.0.x,CustomerAddressFormCore::fillWith,1,32,FO - An exception is displayed when creating an address with italian country,Fix FO address forms reload when switching address's country
29501,https://github.com/PrestaShop/PrestaShop/issues/29501,https://github.com/PrestaShop/PrestaShop/pull/29504,1c95cc0985e5c4c99c5bcf83860cfd14cfc4a38f,59f4fa802b49a59010d96452785f8971ca3ee2be,2022-09-01,src/Adapter/Cache/Clearer/SymfonyCacheClearer.php|src/PrestaShopBundle/Translation/TranslatorLanguageLoader.php,CO,fo,moyen,29504,1.7.8.x,SymfonyCacheClearer|SymfonyCacheClearer::clear|TranslatorLanguageLoader::loadLanguage,3,20,Install PrestaShop fail on module Step,Cherry-pick #29502
28998,https://github.com/PrestaShop/PrestaShop/issues/28998,https://github.com/PrestaShop/PrestaShop/pull/29417,38350027b21491195c2a28246f9b2a6718ba6d77,70b3921d226fb1330ef090d8a42e47a19fab1665,2022-09-01,src/PrestaShopBundle/Model/Product/AdminModelAdapter.php,BO,bo,facile,29417,8.0.x,AdminModelAdapter,1,2,[Multistore] Combination product - Can't set up a specific delivery time on the Shipping tab with All Shops tab,Fix delivery time for multishop
29310,https://github.com/PrestaShop/PrestaShop/issues/29310,https://github.com/PrestaShop/PrestaShop/pull/29324,f2280117b31dc72592df73378d223fd8da1fd65d,38350027b21491195c2a28246f9b2a6718ba6d77,2022-09-01,admin-dev/themes/new-theme/js/pages/order/OrderViewPageMap.ts|src/PrestaShopBundle/Resources/views/Admin/TwigTemplateForm/bootstrap_4_horizontal_layout.html.twig|tests/UI/pages/BO/orders/view/paymentBlock.js,BO,bo,moyen,29324,8.0.x,(hors fonction)|(twig)|constructor,3,6,Amount value is not displayed on payment block,Fix click event not sent in addPaymentButton
29291,https://github.com/PrestaShop/PrestaShop/issues/29291,https://github.com/PrestaShop/PrestaShop/pull/29481,4e9b3046aac2371efb8bed47df2aaafec48fd9d8,3657e5564a32d49649eeca435562e3fb54dd4e86,2022-09-06,admin-dev/filemanager/include/php_image_magician.php,BO,bo,facile,29481,8.0.x,imageLib::saveImage|imageLib::displayImage|imageLib::GetPixelColor|imageLib::__destruct,4,8,BO - The images are not well displayed after adding it in file manager with php8.1,Fix BO - The images are not well displayed after adding it in file manager with php8.1
28345,https://github.com/PrestaShop/PrestaShop/issues/28345,https://github.com/PrestaShop/PrestaShop/pull/29413,59f4fa802b49a59010d96452785f8971ca3ee2be,c9676163c1841900ab6e1c79628b114863ce93c6,2022-09-06,controllers/front/ProductController.php,FO,fo,facile,29413,1.7.8.x,ProductControllerCore::initContent,1,2,"Although it was merged, PR #21732 seems to have never been merged into the branch",Fix displayPackPrice compare price value instead of formatted price
29292,https://github.com/PrestaShop/PrestaShop/issues/29292,https://github.com/PrestaShop/PrestaShop/pull/29375,3657e5564a32d49649eeca435562e3fb54dd4e86,c7ce42b5ff595e4e682dd30c492ca652b53328b6,2022-09-06,admin-dev/filemanager/include/utils.php,BO,bo,moyen,29375,8.0.x,rename_folder|create_img_gd|create_img,3,33,BO - A warnings are displayed in the file manager when add an SVG image extension with php8.1,"Fix SVG Upload, do not check dimensions if file is svg."
27599,https://github.com/PrestaShop/PrestaShop/issues/27599,https://github.com/PrestaShop/PrestaShop/pull/29195,c7ce42b5ff595e4e682dd30c492ca652b53328b6,79cc8a1f8ea380877d3e2090fc51471e284eec88,2022-09-06,controllers/admin/AdminProductsController.php,BO,bo,facile,29195,8.0.x,AdminProductsControllerCore::processUpdate,1,5,[Multistore] BO - New product created in all shops is not displayed in the list,Fix product state multishop
29398,https://github.com/PrestaShop/PrestaShop/issues/29398,https://github.com/PrestaShop/PrestaShop/pull/29534,5e24dd1e114fc1ef2da994dc6af3e0e7793064b1,82037d48a9a3423f2b88bc93f83c0a71201cabe6,2022-09-08,admin-dev/themes/default/webpack.config.js|admin-dev/themes/new-theme/.webpack/common.js,BO,bo,facile,29534,8.0.x,(hors fonction)|(hors fonction),2,4,Autoupgrade - BO - Bad display in menu when access to legacy pages after an upgrade from 1.7 to 8.0.0 when the shop is with RTL language,Fix broken icon-font on RTL after upgrade
28981,https://github.com/PrestaShop/PrestaShop/issues/28981,https://github.com/PrestaShop/PrestaShop/pull/29523,d9698943c3bf7ef0df95a4b0d8afc6ed5ad0af4f,5e24dd1e114fc1ef2da994dc6af3e0e7793064b1,2022-09-08,classes/Product.php,BO,bo,facile,29523,8.0.x,ProductCore::updateAttribute,1,10,Combinations - The reference of each combination is not saved,Combination fields list updated for partial update in Product::updateAttribute
28966,https://github.com/PrestaShop/PrestaShop/issues/28966,https://github.com/PrestaShop/PrestaShop/pull/29471,c9676163c1841900ab6e1c79628b114863ce93c6,5229bcc0529c8aea453f04ff34815c5029aa058c,2022-09-08,themes/classic/_dev/js/listing.js,FO,fo,facile,29471,1.7.8.x,updateProductListDOM,1,6,FO - ps_facetedsearch - A bad display afer clearing a filter of no result,Fix ps_facetedsearch - bad display after clearing a filter of no result
28169,https://github.com/PrestaShop/PrestaShop/issues/28169,https://github.com/PrestaShop/PrestaShop/pull/28923,82037d48a9a3423f2b88bc93f83c0a71201cabe6,20b32988df392c40731f8acd43f801f262e0b593,2022-09-08,controllers/admin/AdminImportController.php|tests/Integration/Behaviour/Features/Context/LegacyProductFeatureContext.php|tests/Integration/Behaviour/Features/Scenario/Product/legacy_product_type.feature,BO,fo+bo,difficile,28923,8.0.x,AdminImportControllerCore::productImportOne|(hors fonction)|LegacyProductFeatureContext::productPriceAfterReduction|(feature),4,28,BO - An exception is displayed in the product page V2 when importing a product without supplier,Fix product import for Product page v2.
29543,https://github.com/PrestaShop/PrestaShop/issues/29543,https://github.com/PrestaShop/PrestaShop/pull/29545,742046d1d7edb8e49a6f24c72321a79594dbec3d,69066471530371f56b965b7aa2069f3b6b060c77,2022-09-09,admin-dev/filemanager/dialog.php,BO,bo,facile,29545,8.0.x,filenameSort|dateSort|extensionSort,3,6,[PHP8.1] - BO - A warning is displayed in the File manager after resetting the sort and the filter,Fix php 8.1 Filemanager
29236,https://github.com/PrestaShop/PrestaShop/issues/29236,https://github.com/PrestaShop/PrestaShop/pull/29441,fb9c9cada06944812d175a8cf9becbae4dacf8ea,7a6a97103c28ea8c656726c606d9104c9537b9a2,2022-09-09,classes/controller/AdminController.php|classes/controller/ModuleAdminController.php,BO,bo,moyen,29441,8.0.x,AdminControllerCore::l|ModuleAdminControllerCore::l,2,13,Translations with special characters are not displayed properly,Fix module translations
29407,https://github.com/PrestaShop/PrestaShop/issues/29407,https://github.com/PrestaShop/PrestaShop/pull/29426,7a6a97103c28ea8c656726c606d9104c9537b9a2,ecb06beb8c0c449d94a762bdd5486b37c83ba0e2,2022-09-09,install-dev/data/xml/feature_flag.xml|src/PrestaShopBundle/Controller/Admin/Configure/AdvancedParameters/FeatureFlagController.php|src/PrestaShopBundle/Form/Admin/Configure/AdvancedParameters/FeatureFlag/FeatureFlagListType.php|src/PrestaShopBundle/Form/Admin/Configure/AdvancedParameters/FeatureFlag/FeatureFlagsFormDataProvider.php|src/PrestaShopBundle/Resources/views/Admin/Configure/AdvancedParameters/FeatureFlag/index.html.twig,BO,fo+bo,difficile,29426,8.0.x,(xml)|(hors fonction)|FeatureFlagController::indexAction|FeatureFlagListType::configureOptions|FeatureFlagsFormDataProvider::getData|FeatureFlagsFormDataProvider::validateFlagsData|(twig),7,136,Product page should be in experimental page section,Put product v2 feature flag in the beta form instead of stable
27029,https://github.com/PrestaShop/PrestaShop/issues/27029,https://github.com/PrestaShop/PrestaShop/pull/29420,1d624b8bc887e7b1f6d0466fb277167ed28241f6,e16588b531f4eca16824144caa11035b015a6d60,2022-09-09,install-dev/controllers/console/process.php|src/PrestaShopBundle/Install/Install.php,BO,bo,difficile,29420,1.7.8.x,(hors fonction)|InstallControllerConsoleProcess::process|InstallControllerConsoleProcess::initKernel|Install::installModules,4,17,Side menu is in English even if the shop is installed in another language (docker),Clear translations cache before translating fixtures
27864,https://github.com/PrestaShop/PrestaShop/issues/27864,https://github.com/PrestaShop/PrestaShop/pull/29246,5229bcc0529c8aea453f04ff34815c5029aa058c,1d624b8bc887e7b1f6d0466fb277167ed28241f6,2022-09-09,admin-dev/themes/new-theme/js/app/pages/stock/components/overview/product-line.vue|admin-dev/themes/new-theme/public/theme.rtlfix,BO,bo,difficile,29246,1.7.8.x,(hors fonction)|(rtlfix),2,61,BO - [Stock] Impossible to put numbers in quantity field with RTL (There is only the possibility to increment and decrement numbers),Fix Stock page style with RTL
29119,https://github.com/PrestaShop/PrestaShop/issues/29119,https://github.com/PrestaShop/PrestaShop/pull/29590,bf49f188c3cb3029b0727a01e01102a8b10542c5,1788f2b5ba413b92b3280b3f7efa9bc9aa810c3d,2022-09-12,src/PrestaShopBundle/Controller/Admin/Improve/International/GeolocationController.php,BO,bo,facile,29590,develop,GeolocationController::indexAction|GeolocationController::processByIpAddressFormAction|GeolocationController::processWhitelistFormAction,3,6,BO - Geolocation by IP address throws exception for read-only employee,Replaces non-existent route by the correct one in geolocation controller
29267,https://github.com/PrestaShop/PrestaShop/issues/29267,https://github.com/PrestaShop/PrestaShop/pull/29281,e2037281b36e4467503fbbea239fde45cbd88f1b,03dcf571b98ddea88e145550f0e2bf2e31d018ff,2022-09-13,admin-dev/themes/new-theme/js/pages/product/components/combination-modal/History.vue,BO,fo+bo,facile,29281,8.0.x,mounted,1,1,"Product V2 - Cannot change the pagination in the ""Edited combinations"" modal",Fix overflow of combination history
29269,https://github.com/PrestaShop/PrestaShop/issues/29269,https://github.com/PrestaShop/PrestaShop/pull/29280,69066471530371f56b965b7aa2069f3b6b060c77,c74f712fb4ccad78227adcb262fa27ea04305a05,2022-09-13,src/PrestaShopBundle/Form/Admin/Sell/Product/Combination/CombinationItemType.php,BO,fo+bo,facile,29280,8.0.x,CombinationItemType::buildForm,1,1,BO - Products V2 - Cannot remove the combination reference from the combination's list,Fix updating empty combination reference from list
29583,https://github.com/PrestaShop/PrestaShop/issues/29583,https://github.com/PrestaShop/PrestaShop/pull/29589,03dcf571b98ddea88e145550f0e2bf2e31d018ff,03d95ff8cae69ba9763a68c1bf18bfbda8831328,2022-09-14,src/PrestaShopBundle/Resources/views/Admin/TwigTemplateForm/bootstrap_4_horizontal_layout.html.twig,BO,bo,facile,29589,8.0.x,(twig),1,2,BO - Bad display of error message while saving Low stock level,Wrong error message display on NumberType symfony input
29460,https://github.com/PrestaShop/PrestaShop/issues/29460,https://github.com/PrestaShop/PrestaShop/pull/29551,a40ff78db544528fc746b2e6be7dd157ce428445,da181fc3a04d26957bb44918a020f94c313f10f6,2022-09-14,admin-dev/themes/new-theme/scss/components/_toggable_field.scss,BO,bo,facile,29551,1.7.8.x,(scss),1,9,"BO - ""Combine several attribute"" Input Box is cutting text ",Text troncated on combine several attribute input
29539,https://github.com/PrestaShop/PrestaShop/issues/29539,https://github.com/PrestaShop/PrestaShop/pull/29552,24fc145d36f84c4340170c392237e348d32b4284,ad50ff3df753b0331ca35b708be366c652a7a3f5,2022-09-15,controllers/front/CmsController.php,FO,fo+bo,facile,29552,develop,CmsControllerCore::getBreadcrumbLinks,1,12,Hidden CMS category is displayed in breadcrumb and gives error 404,Only show active CMS categories in breadcrumb
29477,https://github.com/PrestaShop/PrestaShop/issues/29477,https://github.com/PrestaShop/PrestaShop/pull/29484,9a30376d73abc735e58d79631443ace06e8d48a6,4c6f2c35fd44587328dfe67d6ac15b5a2ed71a9c,2022-09-15,app/config/config_legacy_dev.yml|app/config/config_prod.yml|app/config/config_test.yml,FO,fo+bo,moyen,29484,8.0.x,(yml)|(yml)|(yml),3,22,"FO - An exception is displayed in the FO when the ""Use Cache"" & ""debug mode"" are enabled",Fix doctrine cache configuration
17104,https://github.com/PrestaShop/PrestaShop/issues/17104,https://github.com/PrestaShop/PrestaShop/pull/29400,4c6f2c35fd44587328dfe67d6ac15b5a2ed71a9c,621380a850ee00b55472a88028e939d4e98a5784,2022-09-15,classes/Product.php|controllers/front/ProductController.php,FO,fo,difficile,29400,8.0.x,ProductCore::getIdProductAttributeByIdAttributes|ProductControllerCore::getIdProductAttributeByRequest|ProductControllerCore::getIdProductAttributeByGroupOrRequestOrDefault|ProductControllerCore::getIdProductAttributeByGroup,4,40,Server error when quickview product quantity changed,"Fix ""undefined"" error when modifying product quantity in FO product quick view "
29004,https://github.com/PrestaShop/PrestaShop/issues/29004,https://github.com/PrestaShop/PrestaShop/pull/29392,da181fc3a04d26957bb44918a020f94c313f10f6,b21efa3bb123c67967ec0e659393247dca6db618,2022-09-15,admin-dev/themes/default/js/admin-theme.js|admin-dev/themes/new-theme/js/components/navbar-transition-handler.js|admin-dev/themes/new-theme/js/nav_bar.js,BO,bo,moyen,29392,1.7.8.x,complete|NavbarTransitionHandler|(hors fonction)|onMouseLeave,4,17,BO - Menu - The Title of the subtab AdminParent are not displayed when the menu is resized,Fix menu items not showing on mobile
29286,https://github.com/PrestaShop/PrestaShop/issues/29286,https://github.com/PrestaShop/PrestaShop/pull/29322,621380a850ee00b55472a88028e939d4e98a5784,0ef71cc9476b67dd4ddc29ae5ef24bf978a8595b,2022-09-15,app/config/config.yml,BO,cli,facile,29322,8.0.x,(yml),1,2,"Error ""You have requested a non-existent service"" while decorating OrderController",Fix decorating controllers from module
28748,https://github.com/PrestaShop/PrestaShop/issues/28748,https://github.com/PrestaShop/PrestaShop/pull/29638,147fe1cf1597bbdef32a6641a87d700a89fad322,b7ed4bfe0ab8b58c1967a1f9fb99ade8faa059da,2022-09-16,classes/webservice/WebserviceSpecificManagementAttachments.php,WS,http,moyen,29638,8.0.x,WebserviceSpecificManagementAttachmentsCore::manageAttachments|WebserviceSpecificManagementAttachmentsCore::executeFileGetAndHead|WebserviceSpecificManagementAttachmentsCore::executeFileAddAndEdit,3,12,[WS] Handle PATCH requests for attachments,WS : Handle PATCH requests for attachments
29185,https://github.com/PrestaShop/PrestaShop/issues/29185,https://github.com/PrestaShop/PrestaShop/pull/29635,b21efa3bb123c67967ec0e659393247dca6db618,3a381dd84e138b180012d891b0d79501cc8616b9,2022-09-16,controllers/front/ProductController.php|src/Adapter/Cart/QueryHandler/GetCartForViewingHandler.php|themes/_core/js/product.js,FO,fo+bo,difficile,29635,1.7.8.x,ProductControllerCore::displayAjaxRefresh|GetCartForViewingHandler::prepareProductForView|success,3,16,"Customization value lost after combination change, leading to customization mess",Do not reset customization in FO when changing combination (178x)
28291,https://github.com/PrestaShop/PrestaShop/issues/28291,https://github.com/PrestaShop/PrestaShop/pull/29548,ad50ff3df753b0331ca35b708be366c652a7a3f5,a8334207ee31330c5e58f29e7d59afd519c56272,2022-09-16,classes/Tag.php,FO,fo+bo,facile,29548,develop,TagCore::add,1,14,Product associated to a deleted tags are present in the search result in FO,Remove related products from search index when removing tag
29651,https://github.com/PrestaShop/PrestaShop/issues/29651,https://github.com/PrestaShop/PrestaShop/pull/29660,1390f6d221dd74d16e7fd6dac30871b1e941e873,8b8d84fe6444439dfe9a3edd3c6b7e6fafc92794,2022-09-21,src/Core/Module/ModuleRepository.php,BO,bo,facile,29660,8.0.x,ModuleRepository::getModulesFromHook,1,2,Module manager thrown an exception module ps_distributionapiclient is deleted,Fix ModuleManager exception when ps_distributionapiclient is not installed
28990,https://github.com/PrestaShop/PrestaShop/issues/28990,https://github.com/PrestaShop/PrestaShop/pull/29553,bea1ca588e25592b64663476f83a260ae0808848,aa94bb0c52945ba2eb6f2d100310c86b061df2c2,2022-09-21,admin-dev/themes/new-theme/scss/components/_alert.scss|admin-dev/themes/new-theme/scss/theme.scss,BO,bo,facile,29553,1.7.8.x,(scss)|(scss),2,8,"BO - Information alert on ""Available fields"" block on Import page got a height too small when data are loading",Add min height on alert to center icons vertically
12682,https://github.com/PrestaShop/PrestaShop/issues/12682,https://github.com/PrestaShop/PrestaShop/pull/28716,288582daa6f99c15982abcd6f7f0bb3bca058ac6,434137b764ab0faa9de420a0a8ec54a039165dd0,2022-09-21,src/Adapter/Cart/QueryHandler/GetCartForOrderCreationHandler.php|src/PrestaShopBundle/Resources/config/services/adapter/cart.yml,BO,bo,moyen,28716,develop,GetCartForOrderCreationHandler|GetCartForOrderCreationHandler::__construct|GetCartForOrderCreationHandler::extractShippingFromLegacySummary|(yml),4,13,BO manual order shows wrong shipping price (one product without changes),Match the right carrier in the select with the price shown when creating a new order from BO
28363,https://github.com/PrestaShop/PrestaShop/issues/28363,https://github.com/PrestaShop/PrestaShop/pull/29505,8846de35f8fbc993a668dc29a83814b4487ce1bf,64337f15339a77c2f63f729a259d830c2adf8d22,2022-09-26,src/Core/Domain/Product/ProductSettings.php|src/PrestaShopBundle/Form/Admin/Sell/Product/Description/DescriptionType.php|src/PrestaShopBundle/Form/Admin/Type/FormattedTextareaType.php|src/PrestaShopBundle/Resources/config/services/bundle/form/form_type.yml,BO,bo,difficile,29505,develop,ProductSettings::__construct|DescriptionType|DescriptionType::__construct|DescriptionType::buildForm|(hors fonction)|FormattedTextareaType|FormattedTextareaType::configureOptions|FormattedTextareaType::buildView|(yml),9,94,Products page V2 - Summary description characters limit does not work,Respect configuration of product summary max length
28530,https://github.com/PrestaShop/PrestaShop/issues/28530,https://github.com/PrestaShop/PrestaShop/pull/29503,fb10cd45a70598ceea554e4a4996a2a135f6c956,05eabc1f4a122edcbc9c1eeadad57a9f1b14f7d7,2022-09-26,src/Adapter/Product/CommandHandler/UpdateProductBasicInformationHandler.php|tests/Integration/Behaviour/Features/Scenario/Product/update_basic_information.feature,FO,fo+bo,moyen,29503,8.0.x,UpdateProductBasicInformationHandler::fillUpdatableProperties|(feature),2,9,Multilanguages -Product V2- Empty fields when another language is selected lead to an exception in the payment step,Fix prefilling non-default lang product name
28963,https://github.com/PrestaShop/PrestaShop/issues/28963,https://github.com/PrestaShop/PrestaShop/pull/29665,35829db9fd8f786135d2fe7c4c67626eab2e9701,75d9e11d51c6750cff94faa183fed6783ebb056c,2022-09-27,themes/classic/_dev/js/customer.js|themes/classic/_dev/js/selectors.js,FO,fo,facile,29665,1.7.8.x,initRmaItemSelector|(hors fonction),2,9,"FO - merchandise return table: if we click on the checkbox in the header, checkboxes in the table are no more clickable",Fix bad selector to fix checkbox issues on RMA
29350,https://github.com/PrestaShop/PrestaShop/issues/29350,https://github.com/PrestaShop/PrestaShop/pull/29406,3ef1c496d5044905ac2df8cf49ea2ce24afd0373,e165d2dcbde6bc5e91e6ef13b62ce24ed04f7d50,2022-09-27,controllers/admin/AdminImportController.php,BO,bo,facile,29406,8.0.x,AdminImportControllerCore::attributeImportOne,1,15,BO - Supplier block is not displayed in the edit combination page after importing them with csv file,Assign product suppliers to combination during combination csv import
29761,https://github.com/PrestaShop/PrestaShop/issues/29761,https://github.com/PrestaShop/PrestaShop/pull/29762,829e21f777eb43125a99870db3cbbb414654bcda,d9c4160cea6bb9dde417b55e3c84844a787ab8fb,2022-09-28,controllers/admin/AdminSearchConfController.php,BO,bo,facile,29762,develop,AdminSearchConfControllerCore::__construct,1,2,Weird non-translatable french helptext on search page,Remove french helptext
29495,https://github.com/PrestaShop/PrestaShop/issues/29495,https://github.com/PrestaShop/PrestaShop/pull/29530,4c1bfa7840b797a9f2652805196b00314138afa4,b17c7816fb4bd99afb9608e9ca19aea823b14647,2022-09-28,classes/order/OrderSlip.php,BO,fo+bo,facile,29530,8.0.x,OrderSlipCore::getEcoTaxTaxesBreakdown,1,24,BO - credit-slips - An exception is displayed when downloading a credit slip with deleted product,Fixed exception when downloading credit slip on an order with a deleted product
29825,https://github.com/PrestaShop/PrestaShop/issues/29825,https://github.com/PrestaShop/PrestaShop/pull/29861,3b8b6590caf812912651d95dbcb461672b44bcbc,cd7f607c3fa9fb0599b24f6b62bf82d0967f84d9,2022-10-06,admin-dev/themes/default/scss/partials/_toolbar.scss,BO,fo+bo,facile,29861,develop,(scss),1,10,BO - Modules - Titles & subtitles are too close on any configure module's page,Fix subtitle default position on module configure page
29795,https://github.com/PrestaShop/PrestaShop/issues/29795,https://github.com/PrestaShop/PrestaShop/pull/29847,5dddc6e8b0bf366a6e60c56563d4fdce1bf9a6c6,b77bd7e75376af79517e973bb8697b6db139e2eb,2022-10-06,src/PrestaShopBundle/Resources/views/Admin/Product/ProductPage/Blocks/footer.html.twig,BO,fo+bo,facile,29847,8.0.x,(twig),1,4,BO - Responsive - Product page V1 -  bad display of offline/online button in footer page ,Fix product page v1 footer responsive
9823,https://github.com/PrestaShop/PrestaShop/issues/9823,https://github.com/PrestaShop/PrestaShop/pull/29731,af9f572bac8f4c73eecd5d67cf4597fbebf91ba7,3b8b6590caf812912651d95dbcb461672b44bcbc,2022-10-06,admin-dev/themes/new-theme/js/pages/improve/design_positions/positions-list-handler.ts|src/PrestaShopBundle/Controller/Admin/Improve/Design/PositionsController.php,BO,bo,difficile,29731,develop,(hors fonction)|constructor|update|PositionsController::indexAction,4,17,[BOOM-4214] CLONE - Problem with Modules > Positions,Fix a problem with invalid filtering on the Modules -> Positions page
19766,https://github.com/PrestaShop/PrestaShop/issues/19766,https://github.com/PrestaShop/PrestaShop/pull/29740,c2f3e2cee9089ffd3f9c3ce0a87e7e0edca114d9,50b90b9b307d61747167dd70fe920ec5278642da,2022-10-07,controllers/admin/AdminTaxRulesGroupController.php,BO,bo,facile,29740,develop,AdminTaxRulesGroupControllerCore::initRuleForm,1,1,Incorrect help text for Tax in Tax rules,Remove not needed help text when you add new tax rule
28895,https://github.com/PrestaShop/PrestaShop/issues/28895,https://github.com/PrestaShop/PrestaShop/pull/29047,e29d20b93a38c676e1ee8574abc47b34d23af8f2,9c93b6c29d7934af0fbdd00a85c77bfd02556d09,2022-10-07,admin-dev/themes/new-theme/js/app/pages/stock/components/movements/index.vue|admin-dev/themes/new-theme/js/app/pages/stock/components/movements/movement-line.vue|src/PrestaShopBundle/Api/QueryStockMovementParamsCollection.php,BO,bo,difficile,29047,8.0.x,(hors fonction)|(hors fonction)|QueryStockMovementParamsCollection::getValidFilterParams|QueryStockMovementParamsCollection::getValidOrderParams,4,21,BO - Mouvements page - Sorting by product name is NOK,Fix ordering by product name + add ordering by product id (movements page)
29865,https://github.com/PrestaShop/PrestaShop/issues/29865,https://github.com/PrestaShop/PrestaShop/pull/29910,75d9e11d51c6750cff94faa183fed6783ebb056c,34b9b59b68204808e1c0b56bbd9edab18880a560,2022-10-10,themes/classic/_dev/css/components/products.scss|themes/classic/templates/catalog/_partials/product-images-modal.tpl,FO,fo,moyen,29910,1.7.8.x,(scss)|(tpl),2,8,FO Responsive - Zoom on product image stretches the images,Fix image size when zooming on tablet
27753,https://github.com/PrestaShop/PrestaShop/issues/27753,https://github.com/PrestaShop/PrestaShop/pull/29801,62869dabe680f2c7588f8534947e0bc681c5e92e,0769f82e5ae34631a7d5df0b30dae51d05fa1c6a,2022-10-12,classes/form/CustomerPersister.php,BO,fo+bo,moyen,29801,develop,CustomerPersisterCore::save|CustomerPersisterCore::update|CustomerPersisterCore::create,3,57,Customer groups are not assigned properly when converting customer through front office,Fix group when converting customer through front office form
29329,https://github.com/PrestaShop/PrestaShop/issues/29329,https://github.com/PrestaShop/PrestaShop/pull/29942,2c02270ebe93bc4bb7ca7c67739bd6fa7a1baea0,24c34fdade4cc780eefa3eda802dbddcaff666bc,2022-10-13,admin-dev/themes/new-theme/scss/components/layout/_light_display.scss,BO,fo+bo,facile,29942,8.0.x,(scss),1,4,BO - Product V2 - The green alert after updating a combination is not well displayed,Fix alert spacing inside modal content of product page v2
29684,https://github.com/PrestaShop/PrestaShop/issues/29684,https://github.com/PrestaShop/PrestaShop/pull/29909,452ecc2ce0d714c75a83cbdd65ac262306920314,f816c57d5308b23e8d4148aed2207a12f0312c98,2022-10-13,src/PrestaShopBundle/Entity/Repository/StockRepository.php,BO,bo,facile,29909,develop,StockRepository::selectSql,1,2,Multistores stock page product name not visible,Fix join on product lang to retrieve correctly the product's name
28296,https://github.com/PrestaShop/PrestaShop/issues/28296,https://github.com/PrestaShop/PrestaShop/pull/29515,f816c57d5308b23e8d4148aed2207a12f0312c98,5e0e7344bad6f9a1c79cea7883d3d3647016884d,2022-10-13,classes/Tag.php|src/Adapter/Product/Update/ProductTagUpdater.php,BO,bo,difficile,29515,develop,TagCore::getProductTags|TagCore::getProducts|TagCore::deleteProductTagsInLang|ProductTagUpdater::hasModification,4,15,Tags - The tag is not displayed after being updated when the product is disabled,Fix tag relation with product in Tag form
29560,https://github.com/PrestaShop/PrestaShop/issues/29560,https://github.com/PrestaShop/PrestaShop/pull/29619,556b813c0ce0f5c33a30b0fe58fa6318c643f7a2,27fcfa835ad679e3088516aaa9360a578860a626,2022-10-17,classes/Cookie.php,FO,fo,facile,29619,8.0.x,CookieCore|CookieCore::getSession,2,19,Hook actionObjectUpdateAfter - Infinite loop that leads to memory limit in FO,Remove inifinite loop on actionObjectUpdateAfter hook
28484,https://github.com/PrestaShop/PrestaShop/issues/28484,https://github.com/PrestaShop/PrestaShop/pull/29587,3241b27542fff03fa69694f9567d1902736a3e79,e9623cf29dc058da74ade396dd32fb6e8b09f03a,2022-10-17,classes/ImageManager.php|src/PrestaShopBundle/Controller/Admin/Configure/AdvancedParameters/ProfileController.php,BO,bo,difficile,29587,1.7.8.x,ImageManagerCore|(hors fonction)|ProfileController::getErrorMessages,3,15,BO - Exception thrown when adding invalid avatar format in profile page,Replace exception message by custom error message when uploading avatar with invalid extension
28985,https://github.com/PrestaShop/PrestaShop/issues/28985,https://github.com/PrestaShop/PrestaShop/pull/29554,240b98a885b23eb2f9b3fb333c742374bee5bdba,3241b27542fff03fa69694f9567d1902736a3e79,2022-10-17,src/PrestaShopBundle/Controller/Admin/Configure/AdvancedParameters/EmployeeController.php,BO,bo,facile,29554,1.7.8.x,(hors fonction)|EmployeeController::getErrorMessages,2,9,BO - Employees page - an exception is displayed when we try to add an invalid avatar,Replace exception message by custom message on invalid avatar on employee page
29820,https://github.com/PrestaShop/PrestaShop/issues/29820,https://github.com/PrestaShop/PrestaShop/pull/29821,33d41f7a0e53b4539a805e88cb0f3936505aac19,f099d0c432cf0b829e31660d004bbd2873ddf16a,2022-10-18,classes/Category.php|classes/Product.php,FO,fo,facile,29821,develop,CategoryCore::checkAccess|ProductCore::checkAccessStatic,2,6,Group access for categories is being checked even after disabling customer groups,Fix category access when group feature is disabled
28649,https://github.com/PrestaShop/PrestaShop/issues/28649,https://github.com/PrestaShop/PrestaShop/pull/29615,4f6e8ac622e377b5cb88e88dcc146ddc01c9ad4c,7711c2bce7c95d7cb0c0c7020656d61dc180b6d2,2022-10-19,src/Core/Theme/ConfigReader.php|tests/Unit/Core/Theme/ConfigReaderTest.php|themes/preview-fallback.png,IN,fo,moyen,29615,8.0.x,ConfigReader|ConfigReader::read|ConfigReaderTest::testRead,3,9,Fallback when some details are missing for a theme during install,Fixed installation screen when some config keys were missing
29849,https://github.com/PrestaShop/PrestaShop/issues/29849,https://github.com/PrestaShop/PrestaShop/pull/29859,10e36885ae315465fa5a11bdbf8ee9ff046a5715,bb6baadadafd2e349c76e1c3182b7a3374fb04c7,2022-10-20,admin-dev/themes/new-theme/scss/pages/orders/_orders_view.scss|src/PrestaShopBundle/Resources/views/Admin/Sell/Order/Order/Blocks/View/history.html.twig,BO,bo,difficile,29859,8.0.x,(scss)|(twig),2,39,BO - Responsive - Update status button and list option status are not displayed correctly in order details page,Fix update status button responsive on order page
29945,https://github.com/PrestaShop/PrestaShop/issues/29945,https://github.com/PrestaShop/PrestaShop/pull/29996,4fd6ed8f94a40a977b85644a0475581ef4131150,0f806abc1eb6660836f96230a1ba5077ffbab409,2022-10-24,src/PrestaShopBundle/Model/Product/AdminModelAdapter.php,FO,fo+bo,facile,29996,8.0.0-rc,AdminModelAdapter::getModelData,1,3,The 410 redirection is not saved on product page V1,Fix saving status code 410 on the product page v1
29077,https://github.com/PrestaShop/PrestaShop/issues/29077,https://github.com/PrestaShop/PrestaShop/pull/29079,f9b4564c028b55ae4ae7d8eb0c9a90e2b44570a3,8b56c544cc6e13ab830554b693e47a0ba79a5ac0,2022-10-24,classes/Product.php,CO,bo,facile,29079,8.0.x,(hors fonction)|ProductCore,2,3,"Bad default value for ""Product::pack_stock_type"" - Inheritance issue when loading Pack class (that inherit Product)",Change default assignation of Product::pack_stock_type
28336,https://github.com/PrestaShop/PrestaShop/issues/28336,https://github.com/PrestaShop/PrestaShop/pull/29104,40b656b39747ce2d2ab62369a1dd51911dc396d0,835034b7d9f5b5b1f75da4258244c705cbae68a9,2022-10-25,classes/Context.php|classes/controller/FrontController.php,FO,fo+bo,facile,29104,develop,ContextCore::updateCustomer|FrontControllerCore::recoverCart,2,4,"""Re-display cart at login"" feature is not working properly",Fix missing id_guest in cookie
29348,https://github.com/PrestaShop/PrestaShop/issues/29348,https://github.com/PrestaShop/PrestaShop/pull/29372,73261067538c1d7aaf9c8651669533e65ba7148d,1f9df9c15cd635b662ac7c32798bb5ae98f758f4,2022-10-26,src/PrestaShopBundle/Form/Admin/Sell/Product/EventListener/ProductTypeListener.php|tests/Integration/PrestaShopBundle/Form/EventListener/ProductTypeListenerTest.php|tests/Integration/PrestaShopBundle/Form/TestProductFormType.php,BO,bo,difficile,29372,8.0.x,ProductTypeListener::adaptProductForm|ProductTypeListener::removeCombinations|ProductTypeListener::removeSuppliers|ProductTypeListenerTest::getFormTypeExpectationsBasedOnProductType|ProductTypeListenerTest::getVirtualData|(hors fonction)|TestProductFormType::buildForm,7,91,"BO - Product V2 - When we delete all suppliers, the supplier block is still displayed",Hide suppliers if there are no suppliers on product v2
29666,https://github.com/PrestaShop/PrestaShop/issues/29666,https://github.com/PrestaShop/PrestaShop/pull/29756,f1c308b129e00622f700334d33cb9e6b4c99a113,d5203bb6b23a9188a1855098d9aab102258d9184,2022-10-27,classes/Currency.php|classes/webservice/WebserviceRequest.php,WS,http,facile,29756,8.0.x,CurrencyCore|WebserviceRequestCore,2,5,[PHP8.1]/[PHP8.0] PATCH for endpoint /api/products/{product_id}/ and /api/categories/{category_id} are NOK,Fix error on patch method because of php 8.0 throw a fatal error
9662,https://github.com/PrestaShop/PrestaShop/issues/9662,https://github.com/PrestaShop/PrestaShop/pull/29741,bf2bf6089127d5075e9e6e7df7da1af71193cacc,f383d5e506087cbd0af7817b9793dde9052cf2ab,2022-10-27,classes/ConfigurationKPI.php,BO,fo,facile,29741,develop,ConfigurationKPICore::setKpiDefinition,1,4,[BOOM-5382] the configuration data is lost after reloading dashboard page,Handle KPI configuration properly for the dashgoals module
29889,https://github.com/PrestaShop/PrestaShop/issues/29889,https://github.com/PrestaShop/PrestaShop/pull/29977,c2d38164c5957e4d6f35e667877856f94d7528f8,9a525b051d54769570f14cf42cc245ef6f4f57ae,2022-10-28,src/Core/Form/IdentifiableObject/DataFormatter/CombinationListFormDataFormatter.php|tests/Unit/Core/Form/IdentifiableObject/DataFormatter/CombinationListFormDataFormatterTest.php,BO,fo+bo,moyen,29977,develop,CombinationListFormDataFormatter::format|CombinationListFormDataFormatterTest::getDataToFormat,2,13,[BO - Product V2] can't change the default combination in the list,Updating default combination is now take into account when submitting the form
29331,https://github.com/PrestaShop/PrestaShop/issues/29331,https://github.com/PrestaShop/PrestaShop/pull/29715,8e6b4006efe030b7bffcc6e996ddff8012e5f425,832b1aa5e78c673cda061b24081a2ca0662e56f4,2022-10-28,classes/CartRule.php|classes/Product.php|tests/Integration/Behaviour/Features/Context/CartFeatureContext.php|tests/Integration/Behaviour/Features/Context/TaxFeatureContext.php|tests/Integration/Behaviour/Features/Scenario/Cart/Calculation/CartRule/ecotax.feature,FO,fo+bo,difficile,29715,1.7.8.x,CartRuleCore::getContextualValue|ProductCore|ProductCore::resetStaticCache|ProductCore::priceCalculation|(hors fonction)|CartFeatureContext::calculateCartShippingFees|TaxFeatureContext::setCarrierTaxRuleGroup|(feature),8,82,FO - Discounts - The discount detail is NOK when we the product selected has an ecotax,Fix discount detail in cart when a product has en ecotax with applied tax
29454,https://github.com/PrestaShop/PrestaShop/issues/29454,https://github.com/PrestaShop/PrestaShop/pull/29465,4f33a57aee75dfd2973989c6b65a50cf28791645,8e6b4006efe030b7bffcc6e996ddff8012e5f425,2022-10-28,classes/Product.php|src/Core/Domain/Product/ProductSettings.php|src/PrestaShopBundle/Form/Admin/Sell/Product/Stock/AvailabilityType.php,BO,fo+bo,difficile,29465,1.7.8.x,ProductCore|ProductSettings::__construct|(hors fonction)|AvailabilityType::buildForm,4,36,Available now and later labels not validated properly,Add available_now & available_later labels constraints
28157,https://github.com/PrestaShop/PrestaShop/issues/28157,https://github.com/PrestaShop/PrestaShop/pull/29135,368d24c6a4edb25821de097d207e6288d85e9913,c2d38164c5957e4d6f35e667877856f94d7528f8,2022-10-28,classes/webservice/WebserviceSpecificManagementImages.php,WS,http,facile,29135,develop,WebserviceSpecificManagementImagesCore|WebserviceSpecificManagementImagesCore::writePostedImageOnDisk,2,16,WebService image upload size is hardcoded instead of being loaded from settings,Webservice: honor maximum image upload size
30134,https://github.com/PrestaShop/PrestaShop/issues/30134,https://github.com/PrestaShop/PrestaShop/pull/30135,6d803e431a7bd5304c25e771faf09bd4d0c77275,cb16bd06b3252b9a8ca7986fadccc21fdf547f66,2022-10-31,themes/.htaccess,BO,fo+bo,facile,30135,develop,(htaccess),1,4,BO - Cannot download the child_classic theme from the Advanced customization page,Fix child theme download
29903,https://github.com/PrestaShop/PrestaShop/issues/29903,https://github.com/PrestaShop/PrestaShop/pull/29904,3e66174a7130294b26e07150263a7457614d26de,50cd767e26d1f67a450681fc0f0fad5643828556,2022-11-03,admin-dev/themes/default/template/helpers/options/options.tpl,CO,bo,facile,29904,develop,(tpl),1,2,`HelperOptions` select multiple not work,Add support multiple attribute in `HelpOptions` select type
28543,https://github.com/PrestaShop/PrestaShop/issues/28543,https://github.com/PrestaShop/PrestaShop/pull/28540,5dcebe184f332bf3f9eb7bcf5a92dd9a4e3d5418,b74ad4939dd12f5ca5d5f53678310b7d25fdefa6,2022-11-03,classes/webservice/WebserviceOutputBuilder.php,WS,http,facile,28540,develop,WebserviceOutputBuilderCore::renderAssociations,1,8,'Trying to access array offset on value of type null' calling WS api categories blank schema,Fix WebserviceOutputBuilder - handle api categories blank schema
27757,https://github.com/PrestaShop/PrestaShop/issues/27757,https://github.com/PrestaShop/PrestaShop/pull/27758,50cd767e26d1f67a450681fc0f0fad5643828556,009adb023ad172a97cdfc762479c205b84a666d5,2022-11-03,src/Adapter/Image/ImageRetriever.php,FO,fo,moyen,27758,develop,ImageRetriever::getImage,1,44,All images on shop stop working due to missing rewrites,Fix images for objects without name or rewrite
29265,https://github.com/PrestaShop/PrestaShop/issues/29265,https://github.com/PrestaShop/PrestaShop/pull/29294,5384b314efb275002f418f3e5b637eba5645db14,5cfcaffceaa30fe54a2d224d96b636f8d083c916,2022-11-04,classes/controller/FrontController.php|src/Core/Addon/Theme/Theme.php,FO,fo+bo,difficile,29294,develop,FrontControllerCore::getThemeDir|FrontControllerCore::getLayout|FrontControllerCore::getTemplateVarPage|Theme::getAvailableLayouts|Theme::getLayoutNameForPage|Theme::getLayoutRelativePathForPage,6,54,Wrong body class is set to module front controller,Fix body classes for content_only and module front controllers
28617,https://github.com/PrestaShop/PrestaShop/issues/28617,https://github.com/PrestaShop/PrestaShop/pull/28618,a1f07259d74ba0625c2ed8b2a89ec9a5bd400194,6280cc6a09699fce1d01fb99d9371f5195006642,2022-11-04,classes/PrestaShopLogger.php|classes/Validate.php|src/Adapter/Validate.php|tests/Unit/Adapter/ValidateTest.php,BO,bo,difficile,28618,develop,PrestaShopLoggerCore|ValidateCore|ValidateCore::isStockManagement|Validate::isLinkRewrite|ValidateTest::isUnsignedIntProvider,5,54,Property `PrestaShopLogger->object_type` is not valid ,Fix `PrestashopLogger`  attr `object_type` validate
30076,https://github.com/PrestaShop/PrestaShop/issues/30076,https://github.com/PrestaShop/PrestaShop/pull/30114,c8023a62d95dd17fb2755f00589aa92c8cba581a,8681193e591f12cd47015ca65b4dc91867cb4bdd,2022-11-07,config/smartyfront.config.inc.php,FO,fo,facile,30114,1.7.8.x,smartyTranslate,1,2,Legacy translations system is not usable on Front Office with modules having _ in their name,Do not build a domain from the module name (Cherry pick of #30080)
30173,https://github.com/PrestaShop/PrestaShop/issues/30173,https://github.com/PrestaShop/PrestaShop/pull/30178,3571701fd667d6f4a486bddb29093a76d03804ca,758a34ea0727f8ad971cab4e7a8a45184c656532,2022-11-10,controllers/admin/AdminStatsTabController.php,BO,bo,facile,30178,develop,AdminStatsTabControllerCore::getModules,1,14,"When AdminStats is not enabled, an exception is displayed on backoffice ",Fixed Stats dashboard when AdminStats module is not enabled
29436,https://github.com/PrestaShop/PrestaShop/issues/29436,https://github.com/PrestaShop/PrestaShop/pull/30146,90d601a445144edb4ab95a5b3054578b92520643,9efebd92a370338c411fe643476c6d2a7219008a,2022-11-10,classes/module/Module.php,BO,bo,facile,30146,develop,ModuleCore::removeOverrideDirectory,1,2,The override directory is deleted when overrides are uninstalled,Fix #29436 - The override directory is deleted when a module is uninstalled
29259,https://github.com/PrestaShop/PrestaShop/issues/29259,https://github.com/PrestaShop/PrestaShop/pull/30252,0106d1a1507dd9b2c23c89b69694f2756495f757,edce9c0afa4b37cdbce108184f3b1d27376209cc,2022-11-11,classes/Cart.php,FO,fo,facile,30252,8.0.x,CartCore::getProductCustomization,1,5,Customizations are shared if no cookie are sent,Do not return customization values if cart is not set
30285,https://github.com/PrestaShop/PrestaShop/issues/30285,https://github.com/PrestaShop/PrestaShop/pull/30284,046b8d33ca86e2fd1900e2ac6e6c3dda218cb81b,f87d45608e6d8171a5f8cfb4e6fc8dafa11a2f4e,2022-11-15,tools/build/Library/ReleaseCreator.php,IN,?,facile,30284,develop,ReleaseCreator::getCurrentVersion,1,13,Generation of nightlies is broken on `develop` branch,Fix generation of nightlies on develop branch
30155,https://github.com/PrestaShop/PrestaShop/issues/30155,https://github.com/PrestaShop/PrestaShop/pull/30258,fcd730f76a17501abaf5973ff6b1a34b3d5e8b16,046b8d33ca86e2fd1900e2ac6e6c3dda218cb81b,2022-11-15,classes/Context.php,BO,fo+bo,facile,30258,develop,ContextCore::updateCustomer,1,5,The dateTime of new customer last visit is not displayed,Fix recording last connection of a user
21884,https://github.com/PrestaShop/PrestaShop/issues/21884,https://github.com/PrestaShop/PrestaShop/pull/29571,156a0ab646ea7715ab4cf8e77ae21b49a3cec872,fae4cf62cddce4f033a8c21b3cc6c72aac2b2dc3,2022-11-15,classes/Alias.php|controllers/admin/AdminSearchConfController.php,BO,bo,moyen,29571,develop,AliasCore::getAliases|AliasCore::isFeatureActive|AdminSearchConfControllerCore::processSave,3,20,Shop Parameters > Search - Alias is duplicated instead of updated,Fixed the duplication of Alias when update
22372,https://github.com/PrestaShop/PrestaShop/issues/22372,https://github.com/PrestaShop/PrestaShop/pull/29232,9aee8a1c51a7042f938b2c4e7972de0f9dd5917c,fcd730f76a17501abaf5973ff6b1a34b3d5e8b16,2022-11-15,admin-dev/themes/new-theme/js/pages/import/FormFieldToggle.ts,BO,bo,facile,29232,develop,constructor,1,1,"BO - Import page - There is no option ""Delete all stores before import"" but the alert about accepting the delete is required",Uncheck truncate input if its hidden
30313,https://github.com/PrestaShop/PrestaShop/issues/30313,https://github.com/PrestaShop/PrestaShop/pull/30314,9eca3356c53c6ad3271d043b18d7cb8ddd405d33,7aab787c86987b3cb97237e9295118418953ce9a,2022-11-17,classes/Link.php,FO,fo,facile,30314,develop,LinkCore::getUrlSmarty,1,9,{url} helper generate the manufacturer url without rewrite rules,Add manufacturer url to {url} helper
30078,https://github.com/PrestaShop/PrestaShop/issues/30078,https://github.com/PrestaShop/PrestaShop/pull/30084,bd20f7ab39be233ea5beb312940b6f5539fbe852,ab995134240db60e2d86cb3a83de101e94f4d14a,2022-11-17,classes/checkout/CheckoutPaymentStep.php,FO,fo,facile,30084,8.0.x,CheckoutPaymentStepCore::render,1,5,Checkout - PHP Error in Shipping step,Added check to see if delivery option is an array
29491,https://github.com/PrestaShop/PrestaShop/issues/29491,https://github.com/PrestaShop/PrestaShop/pull/29630,676faea5492f58a9b96c6eb27cf548d5bca0a16c,b9c06bc8139acb6ca1478d73aec21189e155d4f4,2022-11-17,admin-dev/themes/new-theme/js/components/form/change-password-control.ts,BO,bo,facile,29630,develop,(hors fonction),1,8,BO - Employee page - The alert is not well displayed when we cancel the modification of the password,Fix display issues on BO employee page when cancel the modification of the password
30341,https://github.com/PrestaShop/PrestaShop/issues/30341,https://github.com/PrestaShop/PrestaShop/pull/30342,73a35ebddbcfbc56a096c9bdd27a0fc1d10cb8d3,8a203579fd679effd0c08219408a200ee5e9ff09,2022-11-18,classes/Link.php,FO,fo,facile,30342,develop,LinkCore::getUrlSmarty,1,9,{url} helper generate the supplier url without rewrite rules,Add supplier to {url} helper
30165,https://github.com/PrestaShop/PrestaShop/issues/30165,https://github.com/PrestaShop/PrestaShop/pull/30309,54e47de8a021e07028ec8a42cdb6b34d213302e0,73a35ebddbcfbc56a096c9bdd27a0fc1d10cb8d3,2022-11-18,classes/webservice/WebserviceOutputBuilder.php,BO,http,facile,30309,develop,WebserviceOutputBuilderCore::renderFlatAssociation,1,2,Webservice is broken with PS 8.0 and PHP 8.1,Fix broken result in webservices
27706,https://github.com/PrestaShop/PrestaShop/issues/27706,https://github.com/PrestaShop/PrestaShop/pull/28711,9c97f270a1dda4cca3c949abcd18740b25ad76bd,1c89e736589d72ab13bf16abec57fb3ed54837c6,2022-11-18,classes/webservice/WebserviceSpecificManagementImages.php,BO,http,moyen,28711,develop,WebserviceSpecificManagementImagesCore|WebserviceSpecificManagementImagesCore::getContent|WebserviceSpecificManagementImagesCore::writeImageOnDisk,3,26,Webservice image management doesn't handle WebP,Fixed WebP Management in WebService
25981,https://github.com/PrestaShop/PrestaShop/issues/25981,https://github.com/PrestaShop/PrestaShop/pull/25984,0810f696c22346a46ad3b6a28e559f07cc2128ea,54e47de8a021e07028ec8a42cdb6b34d213302e0,2022-11-18,classes/stock/StockAvailable.php|src/Adapter/Product/Stock/Update/ProductStockUpdater.php|src/Core/Stock/StockManager.php|src/PrestaShopBundle/Resources/config/services/adapter/product/_stock.yml,CO,?,difficile,25984,develop,StockAvailableCore::setQuantity|(hors fonction)|ProductStockUpdater|ProductStockUpdater::__construct|ProductStockUpdater::updateStockAvailable|StockManager::updateQuantity|(yml),7,24,ps_emailalerts - out-of-stock email is sent everytime the product is saved,Provide modules with information how much a quantity changed
30272,https://github.com/PrestaShop/PrestaShop/issues/30272,https://github.com/PrestaShop/PrestaShop/pull/30273,fa18aad7ef805fdc59924fcae46db13bd382c16a,e95c3c196b35d11f8dde4d855bdc0a552e2c229d,2022-11-21,classes/Product.php,FO,fo,facile,30273,8.0.x,ProductCore::getProductProperties,1,2,Error in cart - removing products in debug mode and specific language doesn't work,Test id_manufacturer index before accessing it
28675,https://github.com/PrestaShop/PrestaShop/issues/28675,https://github.com/PrestaShop/PrestaShop/pull/28838,8681193e591f12cd47015ca65b4dc91867cb4bdd,5ca37936ea813ac0ed8b8c0f5a7b03cf49b04fb0,2022-11-21,classes/form/AbstractForm.php,FO,fo,facile,28838,1.7.8.x,AbstractFormCore::checkFieldLength,1,2,FO address fields validation not using mb_strlen for non-ASCII characters,Update AbstractForm.php for Multilanguage fields
19643,https://github.com/PrestaShop/PrestaShop/issues/19643,https://github.com/PrestaShop/PrestaShop/pull/30181,b9d29f85b2560237ae0913b1063e9c8e59f745cb,ead4fe4287e9d37af8b50470716faff5b5ae59e2,2022-11-29,classes/lang/KeysReference/MetaLang.php|install-dev/langs/en/data/meta.xml|tests/UI/campaigns/functional/FO/02_headerAndFooter/02_checkLinksInFooter.js|tests/UI/pages/FO/FObasePage.js|tests/UI/pages/FO/bestSales/index.js,FO,fo,difficile,30181,develop,(hors fonction)|(xml)|it|goToFooterLink|constructor,5,14,Terminology Best sellers/Best sales,Changed the terminology `Best sales` to `Best sellers`
19547,https://github.com/PrestaShop/PrestaShop/issues/19547,https://github.com/PrestaShop/PrestaShop/pull/28568,ead4fe4287e9d37af8b50470716faff5b5ae59e2,d80917d7014c30fa71f53463294c4c53f534fe2d,2022-11-29,src/PrestaShopBundle/Resources/views/Admin/TwigTemplateForm/form_div_layout.html.twig,BO,bo,facile,28568,develop,(twig),1,2,GeneratableTextType and ReductionType show help two times,Fix form_help block shown twice in text fields
30386,https://github.com/PrestaShop/PrestaShop/issues/30386,https://github.com/PrestaShop/PrestaShop/pull/30387,7b0999b7bba47521af74ea6944464360a964ef7f,d5769593c6c8668ce1ef63193038bfabc93c23ab,2022-11-30,classes/helper/HelperList.php,BO,fo+bo,facile,30387,develop,HelperListCore::displayListContent,1,2,`HelperList` `callback` is not called when column data is null,HelperList callback is not called when column data is null
30464,https://github.com/PrestaShop/PrestaShop/issues/30464,https://github.com/PrestaShop/PrestaShop/pull/30465,8da4a10daa555a0f57e6e6f2cdfe86b35a20a0a0,36470f822078344277dcd0e951a24a6e0f58b4e4,2022-12-06,classes/Cart.php,FO,fo+bo,facile,30465,8.0.x,CartCore::deleteCustomizationToProduct,1,10,save customization when customer fied is empty and not required,fix(Cart): fix notice saving customization when customer field is empty and not required
25545,https://github.com/PrestaShop/PrestaShop/issues/25545,https://github.com/PrestaShop/PrestaShop/pull/30512,45e65785da1521bdf2fde893a8cfaa182b7c05f3,71ea0dd40e2cb1137c8f1f0cebfe65c5c5273283,2022-12-08,src/PrestaShopBundle/Model/Product/AdminModelAdapter.php,BO,bo,facile,30512,8.0.x,AdminModelAdapter::getModelData,1,5,[BO] Can't save a variation product with negative quantity ,Allow negative number for attribute quantity
30217,https://github.com/PrestaShop/PrestaShop/issues/30217,https://github.com/PrestaShop/PrestaShop/pull/30511,71ea0dd40e2cb1137c8f1f0cebfe65c5c5273283,406ff804e3944d32d92ad5d2b14842c988ff5b41,2022-12-08,src/Adapter/Meta/SetUpUrlsDataConfiguration.php,BO,fo+bo,facile,30511,8.0.x,SetUpUrlsDataConfiguration::updateConfiguration,1,14,Friendly URLs don't work after enabling them,Save settings before generating htaccess
30537,https://github.com/PrestaShop/PrestaShop/issues/30537,https://github.com/PrestaShop/PrestaShop/pull/30567,64459490d8b53dd28ca9648bcbf4a67e9dfa7dda,e579a3cb8bd183a4432e2d05dfa4d7ee0dc9fc73,2022-12-16,src/Core/Form/IdentifiableObject/CommandBuilder/Product/UpdateProductCommandsBuilder.php|tests/Unit/Core/Form/IdentifiableObject/CommandBuilder/Product/UpdateProductCommandsBuilderTest.php,BO,fo+bo,difficile,30567,develop,(hors fonction)|UpdateProductCommandsBuilder::configureStockInformation|(hors fonction)|UpdateProductCommandsBuilderTest|UpdateProductCommandsBuilderTest::getExpectedCommands,5,96,[Product V2]  :  labels of availability not updated ,Fix stock availability labels update when product is combination type
30614,https://github.com/PrestaShop/PrestaShop/issues/30614,https://github.com/PrestaShop/PrestaShop/pull/30613,bd7efb27027f11487ff11f50f314ea46faa5479d,3f93469a87a7f1fc2ce25f13e5af293936faef41,2022-12-20,src/Core/Form/IdentifiableObject/DataHandler/BulkCombinationFormDataHandler.php|src/PrestaShopBundle/Resources/config/services/core/form/command_builder.yml|src/PrestaShopBundle/Resources/config/services/core/form/form_data_handler.yml,BO,fo+bo,difficile,30613,develop,(hors fonction)|BulkCombinationFormDataHandler|BulkCombinationFormDataHandler::__construct|BulkCombinationFormDataHandler::update|(yml)|(yml),6,41,[BO - Products page V2] An error appears in bulk edit combinations modal,Handle multishop builders interfaces in bulk form data handler
30288,https://github.com/PrestaShop/PrestaShop/issues/30288,https://github.com/PrestaShop/PrestaShop/pull/30737,1fcb02eda33941b518455595b364e7df85fd7078,da5349b013b33a3d65428a2b73b765bd76161855,2023-01-05,src/PrestaShopBundle/Controller/Admin/ProductController.php,BO,fo+bo,facile,30737,develop,(hors fonction)|ProductController::getErrorMessages,2,7,BO - Monitoring page  - An exception is displayed when we try to enable a product with empty Name,Fix error message when enabling product without name in monitoring page
30091,https://github.com/PrestaShop/PrestaShop/issues/30091,https://github.com/PrestaShop/PrestaShop/pull/30745,71058e6de9c13869f3a8877892d9b68d77113c6b,106d1ace41977a0036cfc6f6dd39e2dfd510c916,2023-01-09,src/PrestaShopBundle/EventListener/UserLocaleListener.php|src/PrestaShopBundle/Resources/config/services/bundle/event_listener.yml,BO,bo,difficile,30745,8.0.x,(hors fonction)|UserLocaleListener|UserLocaleListener::__construct|UserLocaleListener::onKernelRequest|UserLocaleListener::getLocaleFromEmployee|(yml),6,48,BO - An exception is displayed in all migrated page after deleting the employee language,Load default language if employee id lang does not exist
30751,https://github.com/PrestaShop/PrestaShop/issues/30751,https://github.com/PrestaShop/PrestaShop/pull/30727,77c955f21785df51fd30f7d3b73c2c449a4b7c80,1ffe169f5329246e3b1e713207154ba167519cd8,2023-01-09,src/Adapter/Product/Shop/CommandHandler/DeleteProductFromShopsHandler.php|src/PrestaShopBundle/Resources/config/services/adapter/product.yml|tests/Integration/Behaviour/Features/Scenario/Product/Shop/shop_management.feature,BO,fo,difficile,30727,develop,(hors fonction)|DeleteProductFromShopsHandler|DeleteProductFromShopsHandler::__construct|DeleteProductFromShopsHandler::handle|(yml)|(feature),6,63,Product V2 : Combinations are not deleted when removing product from shop,Delete all combinations when removing product from shop
30788,https://github.com/PrestaShop/PrestaShop/issues/30788,https://github.com/PrestaShop/PrestaShop/pull/30818,106d1ace41977a0036cfc6f6dd39e2dfd510c916,82423eddd309576107554073c88f0868e5e7b84f,2023-01-13,src/PrestaShopBundle/Controller/Admin/Improve/ModuleController.php,BO,bo,facile,30818,8.0.x,ModuleController::manageAction,1,2,Unable to access the module for an employee without setting all permissions,Fix access for read only permissions
28967,https://github.com/PrestaShop/PrestaShop/issues/28967,https://github.com/PrestaShop/PrestaShop/pull/29837,82423eddd309576107554073c88f0868e5e7b84f,d54bcfff7d89d5f5ee5e2f8076c2b276ddbf88b8,2023-01-13,src/Core/Form/ChoiceProvider/ProductTypeChoiceProvider.php|src/PrestaShopBundle/Resources/config/services/core/form/choice_provider.yml,BO,fo+bo,moyen,29837,8.0.x,(hors fonction)|ProductTypeChoiceProvider|ProductTypeChoiceProvider::__construct|ProductTypeChoiceProvider::getChoices|(yml),5,20,Combinations feature disabled - Product V2 - We can create a product with combinations,Avoid possibility to create product with combinations when combinations feature is disabled
29379,https://github.com/PrestaShop/PrestaShop/issues/29379,https://github.com/PrestaShop/PrestaShop/pull/29381,8abd8b8a7581fac273379d45f62678db3c7fb898,84e08b136b437a6b9f3e3852e8d314fe8c604568,2023-01-13,src/PrestaShopBundle/Form/Admin/Sell/Address/CustomerAddressType.php,BO,bo,facile,29381,develop,CustomerAddressType::buildForm,1,1,BO - Mobile phone can't be erased,Allow blank value for mobile phone
30833,https://github.com/PrestaShop/PrestaShop/issues/30833,https://github.com/PrestaShop/PrestaShop/pull/30834,7209802b7c830023b86939b8b9d2d3c940452d99,32795cb60caa9e5e8de062fd11c573111eb146b2,2023-01-16,classes/Customer.php,CO,bo,facile,30834,8.0.x,CustomerCore::getSimpleAddressSql,1,5,PS 8.0.1. class/Customer.php function getSimpleAddressSql() generates incorrect SQL,Fix SQL error introduced by da10f001
30830,https://github.com/PrestaShop/PrestaShop/issues/30830,https://github.com/PrestaShop/PrestaShop/pull/30831,c18f042ee1d16ea14b7d3cefa1a4d6a8ca28b216,21a2c4b0625125e352fd74260958b26ecc73551a,2023-01-16,src/PrestaShopBundle/Resources/views/Admin/TwigTemplateForm/prestashop_ui_kit_base.html.twig,BO,fo+bo,facile,30831,develop,(twig),1,5,Combination names missing in list,Fix text-preview widget to show combination names in list
30062,https://github.com/PrestaShop/PrestaShop/issues/30062,https://github.com/PrestaShop/PrestaShop/pull/30158,5a8250cd1c376870ee89095921fb818e7c791bcc,c18f042ee1d16ea14b7d3cefa1a4d6a8ca28b216,2023-01-16,controllers/admin/AdminGroupsController.php,BO,bo,moyen,30158,develop,AdminGroupsControllerCore::initPageHeaderToolbar|AdminGroupsControllerCore::postProcess|AdminGroupsControllerCore::displayEditLink,3,28,Groups could be managed even with feature disabled,Disable access to the customer groups page when this feature is disabled
28761,https://github.com/PrestaShop/PrestaShop/issues/28761,https://github.com/PrestaShop/PrestaShop/pull/29647,70824eaf20a25cbec182d92f396083740523147f,c5700f1262a7f1ecdcbe45d6283096d404c44dfa,2023-01-16,src/Core/Import/File/FileFinder.php|tests/Integration/Core/Import/File/FileFinderTest.php,BO,bo,difficile,29647,8.0.x,FileFinder::getImportFileNames|(nouveau fichier),2,90,BO - An exception is thrown when import a file with non .csv extension and download the csv created file ,BO - Import files - Do not show generated csv files from import/csvfromexcel folder in history of uploaded files
29763,https://github.com/PrestaShop/PrestaShop/issues/29763,https://github.com/PrestaShop/PrestaShop/pull/29944,1b2dbfdc295027a0e8d3dcdc07deb5e9c401d110,b1fa55d4ed3fc8f2d44cdf02cc7e9b0776254878,2023-01-17,classes/QuickAccess.php,BO,bo,facile,29944,develop,QuickAccessCore::getQuickAccessesWithToken,1,9,"Quick Access links contain the domain: as a result, they potentially log out the user",Use relative urls for Quick Access menu
30101,https://github.com/PrestaShop/PrestaShop/issues/30101,https://github.com/PrestaShop/PrestaShop/pull/30948,3f81ae412ffd012a467d506c3c4895102c0f6af2,4b7f737a0c7e78ba4eb3e33de1c196cb19a122d8,2023-01-19,src/Adapter/Module/AdminModuleDataProvider.php,BO,bo,facile,30948,develop,AdminModuleDataProvider,1,6,Modules page default button changed on 8.0,Restore original module action order
25905,https://github.com/PrestaShop/PrestaShop/issues/25905,https://github.com/PrestaShop/PrestaShop/pull/30730,e84de1c515d9019570985aa6d247ebf13a0fd04c,2ad5020a5051c92690845cd9acc62567c476257a,2023-01-19,src/PrestaShopBundle/Form/Admin/Product/ProductInformation.php|src/PrestaShopBundle/Form/Admin/Sell/Product/HeaderType.php|src/PrestaShopBundle/Resources/views/Admin/TwigTemplateForm/bootstrap_4_layout.html.twig,BO,fo+bo,moyen,30730,develop,ProductInformation::buildForm|HeaderType::buildForm|(twig),3,27,BO - Product V2 - An exception is displayed when creating a product with invalid name or too long name,Changing wording and adding text helper for product name error input
29339,https://github.com/PrestaShop/PrestaShop/issues/29339,https://github.com/PrestaShop/PrestaShop/pull/29340,f25b9a5c1ac918e99f6162e852c9d5d35340dc61,3fbc673aacf53af9e17d491c43a8f8ad5d2e6c84,2023-01-19,classes/Hook.php,FO,fo,facile,29340,develop,HookCore::getAllHookRegistrations,1,3,Duplicated join in Hook.php leads to inefficient query,Duplicated join in query.
27946,https://github.com/PrestaShop/PrestaShop/issues/27946,https://github.com/PrestaShop/PrestaShop/pull/27947,144cf3130566361d7cb2e84a176a543228f78f4c,3fc9c2ac544c1ebb27b037b2bf1cc1b695eaaf75,2023-01-19,controllers/front/listing/CategoryController.php,FO,fo+bo,facile,27947,develop,CategoryControllerCore::getLayout,1,2,Category controller should not hardcode a layout tpl,Use inherited layout for categories
30011,https://github.com/PrestaShop/PrestaShop/issues/30011,https://github.com/PrestaShop/PrestaShop/pull/30962,32795cb60caa9e5e8de062fd11c573111eb146b2,c90eb63e65bfe4dd7ff76bfe0c759b30713b429b,2023-01-20,classes/controller/AdminController.php|src/Core/Module/ModuleManager.php,BO,fo+bo,difficile,30962,8.0.x,(hors fonction)|AdminControllerCore::getTabs|ModuleManager::install,3,25,Enabling new theme fails due to routes caching,Module from theme with tab using SF routing fails after enabling the theme
30843,https://github.com/PrestaShop/PrestaShop/issues/30843,https://github.com/PrestaShop/PrestaShop/pull/30959,85a4576dde34149dceaa2685e5fa3c15f494cee5,3e3c6adcc6ed6a0613c8c7611fd67b60dfa7dfe7,2023-01-20,admin-dev/themes/new-theme/js/pages/product/components/combination-list/bulk-choices-selector.ts|src/PrestaShopBundle/Controller/Admin/Sell/Catalog/Product/CombinationController.php,BO,fo+bo,moyen,30959,develop,(hors fonction)|CombinationController::getListAction,2,5,BO - Button Bulk actions is hidden in PPV2 combinations,Fix typo in getCombinationIdsAction annotation and simplify js selector
30771,https://github.com/PrestaShop/PrestaShop/issues/30771,https://github.com/PrestaShop/PrestaShop/pull/30996,1c9742c7afc9c0cb6adb2aa82dbf89a489e36d55,36b2796e513400a5309ede2c9e1104ea5a2228f0,2023-01-23,src/Core/Grid/Query/ProductQueryBuilder.php,BO,bo,facile,30996,develop,ProductQueryBuilder::addShopCondition,1,8,Error 500 when Group Default is selected,Fix sql request when fetching all products of a shop group
26568,https://github.com/PrestaShop/PrestaShop/issues/26568,https://github.com/PrestaShop/PrestaShop/pull/30993,c90eb63e65bfe4dd7ff76bfe0c759b30713b429b,363f8189b73c68d5395baea7df514c7b5c79fad5,2023-01-25,classes/webservice/WebserviceOutputBuilder.php,WS,http,facile,30993,8.0.x,WebserviceOutputBuilderCore::renderAssociations,1,2,webservice customers - can't create new customers,Fix issue #26568 about customer blank schema
31002,https://github.com/PrestaShop/PrestaShop/issues/31002,https://github.com/PrestaShop/PrestaShop/pull/31006,363f8189b73c68d5395baea7df514c7b5c79fad5,6260b82752db63ed2e28e946a8c33f4887d1190a,2023-01-27,classes/Tools.php|src/Core/Util/ColorBrightnessCalculator.php|tests/Unit/Core/Util/ColorBrightnessCalculatorTest.php,CO,?,moyen,31006,8.0.x,ToolsCore::getBrightness|ColorBrightnessCalculator::calculate|ColorBrightnessCalculatorTest::getColors,3,6,Invalid conversion from 3-char hex-color to 6-char hex color,Fix conversion of hex color codes
30991,https://github.com/PrestaShop/PrestaShop/issues/30991,https://github.com/PrestaShop/PrestaShop/pull/30992,6260b82752db63ed2e28e946a8c33f4887d1190a,1ceed1235a879ffa2e2b23031c1b9f8289ff77bd,2023-01-30,classes/Hook.php|classes/controller/FrontController.php,FO,fo,moyen,30992,8.0.x,HookCore::getAllHookRegistrations|FrontControllerCore|FrontControllerCore::init|FrontControllerCore::getTemplateVarCustomer,4,7,is_logged property in FO is true even for guests,Fix customer isLogged property in FO
31033,https://github.com/PrestaShop/PrestaShop/issues/31033,https://github.com/PrestaShop/PrestaShop/pull/31032,f56456cf902c0cbe19b4df3c234354c284bc52de,db5c8ad7b999f821756811b8f92c7b762b36bf1a,2023-01-31,classes/Mail.php,BO,fo,facile,31032,develop,MailCore::send,1,2,Wrong contextual mail logo in multistore,Fix LOGO_MAIL in multistore
30916,https://github.com/PrestaShop/PrestaShop/issues/30916,https://github.com/PrestaShop/PrestaShop/pull/31148,1ceed1235a879ffa2e2b23031c1b9f8289ff77bd,87b22287b6c7bc26ba276ea950694f2e23e8dce8,2023-02-02,src/PrestaShopBundle/Form/Admin/Product/ProductOptions.php,BO,fo+bo,facile,31148,8.0.x,ProductOptions::buildForm,1,2,"Translation string for ""new"" in BO not working",Change domain to fix translation issue
30658,https://github.com/PrestaShop/PrestaShop/issues/30658,https://github.com/PrestaShop/PrestaShop/pull/31241,87b22287b6c7bc26ba276ea950694f2e23e8dce8,38b1e89d33bb234bc163b067a025784d1529c0ef,2023-02-07,classes/ConfigurationTest.php,BO,cli,facile,31241,8.0.x,ConfigurationTestCore::test_sessions,1,6,One Click Upgrade 4.15.0.: It's not possible to create a PHP session and no new version available.,Improved session availability test
31007,https://github.com/PrestaShop/PrestaShop/issues/31007,https://github.com/PrestaShop/PrestaShop/pull/31235,4e7be2680bdfbbe2c974037a3fbef1fbc881078e,be76a26b87d380b91dc247f3530b8a3639ff65ce,2023-02-07,admin-dev/themes/new-theme/js/pages/product/components/combination-modal/History.vue,BO,fo+bo,facile,31235,8.1.x,(hors fonction),1,1,"BO - PPV2 - On Save action, the form displays the id of the combination with no further explanation",Do not show combination id in history tab
31170,https://github.com/PrestaShop/PrestaShop/issues/31170,https://github.com/PrestaShop/PrestaShop/pull/31171,be76a26b87d380b91dc247f3530b8a3639ff65ce,46362be7d2bb81db40576b2eaf7dbe132aed326c,2023-02-07,src/Adapter/Product/Combination/Repository/CombinationRepository.php|src/Adapter/Product/Repository/ProductSupplierRepository.php|tests/Integration/Behaviour/Features/Scenario/Product/Combination/Shop/update_combination_suppliers_multishop.feature|tests/Integration/Behaviour/Features/Scenario/Product/Combination/update_combination_suppliers.feature,BO,bo,difficile,31171,8.1.x,CombinationRepository::copyToShop|CombinationRepository::getByShopConstraint|ProductSupplierRepository::getIdByAssociation|ProductSupplierRepository::getByAssociation|(feature)|(feature),6,124,Shop association between combination and shop not found when updating product,Fallback to first found combination when fetching combination by all shops constraint
31245,https://github.com/PrestaShop/PrestaShop/issues/31245,https://github.com/PrestaShop/PrestaShop/pull/31247,31ea7db0b603d16d406f9866ece56490057681ed,e442e62b13bed53ea5ab32cd7fb5382a91788155,2023-02-08,src/PrestaShopBundle/Form/Admin/Configure/AdvancedParameters/FeatureFlag/FeatureFlagsFormDataProvider.php|src/PrestaShopBundle/Resources/config/services/bundle/form/form_data_provider.yml|src/PrestaShopBundle/Resources/views/Admin/Common/multistore-infotip.html.twig,BO,bo,moyen,31247,8.1.x,FeatureFlagsFormDataProvider|FeatureFlagsFormDataProvider::__construct|FeatureFlagsFormDataProvider::getData|(yml),4,19,Feature flags are blocked when multistore is enabled,Feature flag multistore
30987,https://github.com/PrestaShop/PrestaShop/issues/30987,https://github.com/PrestaShop/PrestaShop/pull/31023,38b1e89d33bb234bc163b067a025784d1529c0ef,d7fbaf92467cf237872aee948a02ddddce87355b,2023-02-08,classes/webservice/WebserviceOutputBuilder.php,WS,http,facile,31023,8.0.x,WebserviceOutputBuilderCore::renderFlatAssociation,1,2,Webservice - The category isn't well displayed ,Backport #30309 : Fix broken result in webservices for 8.0.x
29914,https://github.com/PrestaShop/PrestaShop/issues/29914,https://github.com/PrestaShop/PrestaShop/pull/31255,17526048ae3ae74f1e7254c95c4b2aff125deaaa,f651e59219a8bda8892eab4da6aaf325c1262efb,2023-02-09,src/PrestaShopBundle/Controller/Admin/Sell/Catalog/Product/ProductController.php,BO,fo+bo,facile,31255,8.1.x,(hors fonction)|ProductController::editAction|ProductController::getErrorMessages,3,9,BO - Products - An exception is displayed after deleting a product created with V2,PPV2 catch ProductNotFound exception and flash error
30331,https://github.com/PrestaShop/PrestaShop/issues/30331,https://github.com/PrestaShop/PrestaShop/pull/31262,75a5b44f9c7d40485374c343ba62caba17cfeb27,4c56bc50a6ff78cee011ddbd9f1a228b8335d832,2023-02-10,src/Core/Domain/Product/Stock/Query/GetProductStockMovements.php|src/PrestaShopBundle/Form/Admin/Sell/Product/Combination/CombinationStockType.php|src/PrestaShopBundle/Form/Admin/Sell/Product/Stock/QuantityType.php|src/PrestaShopBundle/Form/Admin/Sell/Product/Stock/StockMovementType.php|src/PrestaShopBundle/Form/Admin/Sell/Product/Stock/StockType.php,BO,fo+bo,difficile,31262,8.1.x,(hors fonction)|GetProductStockMovements|(hors fonction)|CombinationStockType::buildForm|QuantityType::buildForm|QuantityType::configureOptions|(hors fonction)|StockMovementType::buildForm|StockMovementType::buildView|StockType::buildForm,10,37,"The label ""Shipped products"" is not correct in the movement section when ordering a virtual product",Adjust stock movement label when product is virtual
30973,https://github.com/PrestaShop/PrestaShop/issues/30973,https://github.com/PrestaShop/PrestaShop/pull/31152,657f88ec2a3cb9a94199f18c97e83cf0d5bfbb3c,6d4a5025cd59131ebf21fe02ad37953e567d7a29,2023-02-10,classes/form/CustomerAddressForm.php,FO,fo+bo,facile,31152,8.0.x,CustomerAddressFormCore::fillWith,1,7,"Unable to add a first address with error ""Invalid postcode"" in some circumstances",Always use id_country from request if provided
31221,https://github.com/PrestaShop/PrestaShop/issues/31221,https://github.com/PrestaShop/PrestaShop/pull/31223,ad3c10e915f900d3c66db87182ebbc18c331ead2,3c75135e53a8c564ae6ca9a8349adcad2c09c806,2023-02-13,classes/Hook.php,BO,bo,facile,31223,develop,(hors fonction)|HookCore::callHookOn,2,4,Module user-displayable exceptions not working anymore,Don't catch exception that implements ModuleErrorInterface
26763,https://github.com/PrestaShop/PrestaShop/issues/26763,https://github.com/PrestaShop/PrestaShop/pull/26764,60e1b5e57d22386f52b43938f4b3ecd4a902bfee,fd7a2dc57d486adfc99b2f2c6df85894612dba1b,2023-02-16,controllers/front/ProductController.php,FO,fo,facile,26764,develop,ProductControllerCore::assignPriceAndTax,1,4,Hide unavailable attributes option do not work properly on combinations with negative stock quantities,Avoid including negative stock quantity values in attribute selector total quantity sum
30630,https://github.com/PrestaShop/PrestaShop/issues/30630,https://github.com/PrestaShop/PrestaShop/pull/31355,8b33ffbe261f4de4f9e6e288ec852801b038fdba,380788f506b73760ed7c88be416a0b054295cba5,2023-02-17,admin-dev/themes/new-theme/js/app/pages/stock/components/header/filters/low-filter.vue,BO,bo,facile,31355,8.1.x,(hors fonction),1,9,Missing text on Stock Management,Fix invisible label on checkbox
31320,https://github.com/PrestaShop/PrestaShop/issues/31320,https://github.com/PrestaShop/PrestaShop/pull/31319,4b5fce87244eff87a0f888b73493da3da54fb1e3,8b33ffbe261f4de4f9e6e288ec852801b038fdba,2023-02-17,controllers/front/listing/ManufacturerController.php|controllers/front/listing/SupplierController.php,FO,fo,moyen,31319,8.1.x,ManufacturerControllerCore|ManufacturerControllerCore::getBreadcrumbLinks|ManufacturerControllerCore::getTemplateVarPage|SupplierControllerCore|SupplierControllerCore::getBreadcrumbLinks|SupplierControllerCore::getTemplateVarPage,6,20,FO manufacturer list page throws warning,Fix body classes for manufacturer and supplier listings
31454,https://github.com/PrestaShop/PrestaShop/issues/31454,https://github.com/PrestaShop/PrestaShop/pull/31455,afdff1a4ac5baab8ea887280e12004afde1af209,d072a460ffe6829eb4484dda5ab1ec088abe39fa,2023-02-21,src/PrestaShopBundle/Resources/views/Admin/Sell/Order/Order/Blocks/View/linked_orders.html.twig,BO,bo,facile,31455,develop,(twig),1,1,Missing closing div in linked orders,Fix missing closing div in linked orders
31370,https://github.com/PrestaShop/PrestaShop/issues/31370,https://github.com/PrestaShop/PrestaShop/pull/31467,5b9435c82fb5fecc4e6efcb9e82e1d821f104c0b,835908cb4e4b9b8c18e1a8095e6107d442c3a29a,2023-02-23,admin-dev/themes/new-theme/js/pages/product/edit/manager/virtual-product-manager.ts|admin-dev/themes/new-theme/js/pages/product/product-map.ts|src/PrestaShopBundle/Form/Admin/Sell/Product/Stock/VirtualProductFileType.php|src/PrestaShopBundle/Resources/views/Admin/Sell/Catalog/Product/FormTheme/virtual_product_file.html.twig,BO,fo+bo,difficile,31467,8.1.x,(hors fonction)|constructor|(hors fonction)|VirtualProductFileType::getSubscribedEvents|VirtualProductFileType::buildForm|VirtualProductFileType::adaptSelf|(twig),7,61,PPV2 -  Virtual product - Add a downloadable file displays exception,PPV2 Fix virtual file validation
29200,https://github.com/PrestaShop/PrestaShop/issues/29200,https://github.com/PrestaShop/PrestaShop/pull/31523,ce22fda7b3efdefa2ff42ed560dfda21681b5109,05906c70b680e9ce4c1473ba7130e65918197bd9,2023-02-27,admin-dev/themes/default/scss/partials/_multistore.scss,BO,bo,facile,31523,8.1.x,(scss),1,10,BO - Bad display of Multistore when dropdown is open,Multistore table dropdown correction
30200,https://github.com/PrestaShop/PrestaShop/issues/30200,https://github.com/PrestaShop/PrestaShop/pull/31337,1df9fa91d43fae5923e0b5096db34a54eda25226,20ce0e4b05f6ff0ebca75d606b920c0c3b246c45,2023-02-27,admin-dev/themes/new-theme/js/pages/product/create/create-product-modal.ts,BO,fo+bo,facile,31337,8.1.x,constructor,1,8,"BO - ""Add new product"" V2 with quick access is always opened in the same page",Fix open new tab when target _blank exist for new product page link
30340,https://github.com/PrestaShop/PrestaShop/issues/30340,https://github.com/PrestaShop/PrestaShop/pull/31092,4db775bb2df92bdd255254d073a61fc2b860faa1,25ec2243631ad24e90689e0a4f01dcb001c311eb,2023-02-27,config/smartyfront.config.inc.php,FO,fo,moyen,31092,develop,withWidget|smartyWidget|smartyWidgetBlock,3,53,Widget pointing to non installed module kills the page,Fix widget call for nonexistent modules
30202,https://github.com/PrestaShop/PrestaShop/issues/30202,https://github.com/PrestaShop/PrestaShop/pull/31330,6fcc07c712c784788f5c91da26c07c84abab0275,e86ba36a3a082b98958a9a8035e9e7ddf0ecf36d,2023-02-28,classes/QuickAccess.php|src/PrestaShopBundle/Controller/Admin/Sell/Catalog/Product/ProductController.php,BO,bo,difficile,31330,8.1.x,QuickAccessCore::getQuickAccessesWithToken|ProductController::indexAction|ProductController::getProductIdsFromRequest,3,21,BO - No clear alert is displayed when no permission to create/edit a product V2,Fix access error when accessing product creation modal
31431,https://github.com/PrestaShop/PrestaShop/issues/31431,https://github.com/PrestaShop/PrestaShop/pull/31472,e86ba36a3a082b98958a9a8035e9e7ddf0ecf36d,c816b0a9b9f029c808efcc1631e0935464cdf431,2023-03-01,admin-dev/themes/new-theme/js/pages/product/combination/generator/CombinationGenerator.vue|admin-dev/themes/new-theme/js/pages/product/combination/generator/index.ts|src/PrestaShopBundle/Form/Admin/Sell/Product/Combination/CombinationManagerType.php|src/PrestaShopBundle/Resources/config/services/bundle/form/form_type.yml|src/PrestaShopBundle/Resources/views/Admin/Sell/Catalog/Product/FormTheme/combination.html.twig,BO,bo,difficile,31472,8.1.x,(hors fonction)|(hors fonction)|(hors fonction)|CombinationManagerType|CombinationManagerType::buildView|(yml)|(twig),7,39,Generate combinations shows Generate combinations for all stores but the shop is not multistore,"Fix ""generate for all shops"" button visibility when multiShop is off"
31593,https://github.com/PrestaShop/PrestaShop/issues/31593,https://github.com/PrestaShop/PrestaShop/pull/31654,1297f43d37364b5fa48100d1e09309acf3cee250,6909dbad0cca9e68273e73bb8350eb65c06dfc4a,2023-03-06,config/smartyadmin.config.inc.php,BO,bo,moyen,31654,8.0.x,smartyTranslate,1,54,smarty js=1 modifier don't escape string anymore in smarty backoffice tpl in PrestaShop 8,Fix addslashes not working
31551,https://github.com/PrestaShop/PrestaShop/issues/31551,https://github.com/PrestaShop/PrestaShop/pull/31667,6909dbad0cca9e68273e73bb8350eb65c06dfc4a,e94d2591b78d13b25b3eaec1af1a94c9db312cf5,2023-03-07,src/Adapter/SqlManager/SqlQueryValidator.php,BO,bo,facile,31667,8.0.x,(hors fonction)|SqlQueryValidator::validate,2,9,BO - An exception is thrown when adding a bad query with an alias in a wrong position only with php8,Catch PrestaShopException to validate sql-requests properly in PHP 8.X
30804,https://github.com/PrestaShop/PrestaShop/issues/30804,https://github.com/PrestaShop/PrestaShop/pull/31514,e94d2591b78d13b25b3eaec1af1a94c9db312cf5,c5ab1a49e656d2952500042c3278223a47e97d74,2023-03-08,classes/controller/AdminController.php|classes/helper/Helper.php,BO,bo,moyen,31514,8.0.x,AdminControllerCore::setHelperDisplay|HelperCore,2,18,Sorting of attributes do not save Prestashop 8.0.1,Fix sorting attribute do not works
29913,https://github.com/PrestaShop/PrestaShop/issues/29913,https://github.com/PrestaShop/PrestaShop/pull/30957,c5ab1a49e656d2952500042c3278223a47e97d74,77e8283b34f05d699697b235c73ad92bce5f19df,2023-03-08,src/PrestaShopBundle/Controller/Admin/ProductController.php|src/PrestaShopBundle/Controller/Admin/Sell/Catalog/Product/ProductController.php|src/PrestaShopBundle/Resources/views/Admin/Sell/Order/Order/preview.html.twig,BO,bo,difficile,30957,8.0.x,(hors fonction)|ProductController|ProductController::getToolbarButtons|ProductController::newAction|ProductController::formAction|ProductController::catalogFiltersAction|(hors fonction)|ProductController::editAction|(twig),9,36,BO - Products - An exception is displayed after deleting a product created with V1,Redirect to product list with warning message instead of raising an exception when we try to access a product which doesn't exist
31572,https://github.com/PrestaShop/PrestaShop/issues/31572,https://github.com/PrestaShop/PrestaShop/pull/31682,4578e388a5044b3aae49578f795ed18c88f612a3,c1e316755dcfc8fcb2616309dc86174e72c0446b,2023-03-09,src/PrestaShopBundle/Controller/Admin/Sell/Catalog/FeatureController.php,BO,bo,facile,31682,8.1.x,FeatureController::editAction,1,2,BO - Features - Exception when editing a feature,Cast `featureId` into int to fix `InvalidFeatureIdException`
31570,https://github.com/PrestaShop/PrestaShop/issues/31570,https://github.com/PrestaShop/PrestaShop/pull/31571,9394614efe411aff8d5f4b343a0da5bbe8b9728f,acd36f3f72e10959f99c4e3d0583caa1e9eb1626,2023-03-09,controllers/front/CartController.php,FO,fo+bo,facile,31571,develop,CartControllerCore::init,1,2," PHP Fatal error:  Uncaught TypeError: abs(): Argument #1 ($num) must be of type int|float, string given",Fix error Uncaught TypeError: abs() in CartController
31607,https://github.com/PrestaShop/PrestaShop/issues/31607,https://github.com/PrestaShop/PrestaShop/pull/31703,21aa4c7d00b66aef61ca37494e63403ad6e79f9c,c201fddc4ba2a6fa073c20e58dfb14288e031b7c,2023-03-10,controllers/admin/AdminShopUrlController.php,BO,fo+bo,facile,31703,develop,AdminShopUrlControllerCore::processSave,1,2,Multistore - Special characters in URL break your shop in BO and FO,Add validation rule to avoid special characters in virtual urls
30475,https://github.com/PrestaShop/PrestaShop/issues/30475,https://github.com/PrestaShop/PrestaShop/pull/31279,6d9239cd39265439d699880b977c28c04ea4e2af,4513882974ffc98bfdf52e4b79d6a0578ec8f970,2023-03-10,classes/Validate.php|src/PrestaShopBundle/Form/Admin/Sell/Customer/CustomerType.php,BO,bo,difficile,31279,8.0.x,(hors fonction)|ValidateCore::isEmail|(hors fonction)|CustomerType::buildForm,4,21,Registration Form validation errors in email field,Fix errors en customer email field for registration form in FO and BO
31619,https://github.com/PrestaShop/PrestaShop/issues/31619,https://github.com/PrestaShop/PrestaShop/pull/31620,2844fbdca1cc2f311981ab3cae5737848b35ab73,dc1dd9374a11ed7b2d77332f6c113da1e3ba6a74,2023-03-13,controllers/front/SitemapController.php,FO,fo,moyen,31620,8.1.x,SitemapControllerCore::initContent,1,48,$urls in SitemapController are overwritten by global variables,"Fix sitemap url conflict, allow using the hook with fallbacks"
31423,https://github.com/PrestaShop/PrestaShop/issues/31423,https://github.com/PrestaShop/PrestaShop/pull/31772,2ff472da9555c9fb216f97517920d2926bf00fb9,6c9d3c32130e55d37a35a8cc3b33f28b1d5f1ff0,2023-03-14,src/PrestaShopBundle/Controller/Admin/Configure/AdvancedParameters/WebserviceController.php|src/PrestaShopBundle/Form/Admin/Configure/AdvancedParameters/Webservice/WebserviceKeyType.php,BO,bo,moyen,31772,8.0.x,(hors fonction)|WebserviceController::getErrorMessages|WebserviceKeyType::buildForm,3,18,BO - WS - Text helper is confusing,Fix wordings in BO for keys WS
31510,https://github.com/PrestaShop/PrestaShop/issues/31510,https://github.com/PrestaShop/PrestaShop/pull/31511,40091c8c3a013384034700888f54bc5ad994dec8,1abbb8eb8aad7a95e2257cf60497021581740b12,2023-03-14,src/PrestaShopBundle/Resources/views/Admin/Exception/error.html.twig|src/PrestaShopBundle/Resources/views/Admin/Exception/not_found.html.twig,CO,bo,facile,31511,8.1.x,(twig)|(twig),2,8,Exception thrown when handling an exception,Fix exception 'Template ::base.html.twig is not defined'
31821,https://github.com/PrestaShop/PrestaShop/issues/31821,https://github.com/PrestaShop/PrestaShop/pull/31823,9ab96c0c22d603aecc96274e214ae2cd8b0595c5,fe26bb98e549761254e8eae517f8edeb4e350700,2023-03-22,classes/lang/KeysReference/FeatureFlagLang.php|install-dev/data/xml/feature_flag.xml|src/PrestaShopBundle/Resources/config/routing/admin/sell/catalog/features.yml,BO,bo,difficile,31823,8.1.x,(hors fonction)|(xml)|(yml),3,14,Attributes & Features > Features list actions not working,Disable legacy_feature_flag for migrated feature page
31248,https://github.com/PrestaShop/PrestaShop/issues/31248,https://github.com/PrestaShop/PrestaShop/pull/31866,9d014b74272aee5bb16f7440e9cc6c0af1705c4a,0c4bd806ca49c5f8ceea86da74275ccab96f71c4,2023-03-24,admin-dev/themes/new-theme/js/app/pages/stock/components/header/filters/filter-component.vue|admin-dev/themes/new-theme/js/app/pages/stock/store/actions.ts,BO,bo,moyen,31866,8.1.x,(hors fonction)|isParamInvalid,2,17,"BO - Stocks - The filter by Supplier by supplier do not work, it crashes the whole page after clicking on it",Fix memory leak on suppliers filter
31727,https://github.com/PrestaShop/PrestaShop/issues/31727,https://github.com/PrestaShop/PrestaShop/pull/31729,af81982b782a0dd803e99991f53b2b27f3fe9b90,4dc03938213bed455792afc867381175eeb75fa2,2023-03-29,controllers/admin/AdminCartsController.php,BO,bo,facile,31729,develop,AdminCartsControllerCore::__construct,1,5,Incorrect condition disallows use of index `date_add` on table `ps_connections`,Use index for connections.date_add
31747,https://github.com/PrestaShop/PrestaShop/issues/31747,https://github.com/PrestaShop/PrestaShop/pull/31752,643b82cf66f73f12f85171726d96b7462b4d5623,080b986511fc2ee6281746ed6f8f65cfdee07a1d,2023-03-30,classes/Product.php,CO,bo,facile,31752,develop,ProductCore::useAdvancedStockManagement|ProductCore::setAdvancedStockManagement,2,14,Dashboardproducts wrongly uses NULL default Category,Fix ProductCore::getDefaultCategory to return an int consistently
31833,https://github.com/PrestaShop/PrestaShop/issues/31833,https://github.com/PrestaShop/PrestaShop/pull/32061,a87bf74860fbe4541818bb30b8a4a67d3f7ba957,75587310ec10ca6d46e674eb732023367e264192,2023-04-06,controllers/front/CartController.php,FO,fo+bo,facile,32061,8.1.x,CartControllerCore::processChangeProductInCart,1,13,Cart product with quantity greater than stock available doesn't allow to reduce it,Fix error when change product qty in cart
29315,https://github.com/PrestaShop/PrestaShop/issues/29315,https://github.com/PrestaShop/PrestaShop/pull/32044,5c3b682cdf9d66a1b0bbe2be68c7e0456d6d0652,24e0e24eac14c11ab0fed65bf6fcbde51a3d70c3,2023-04-07,classes/Product.php,WS,http,facile,32044,8.0.x,ProductCore::fillUnitRatio,1,6,Webservice error onto product add method,Fix WS error: add product with empty unit-price
29005,https://github.com/PrestaShop/PrestaShop/issues/29005,https://github.com/PrestaShop/PrestaShop/pull/32028,6e0f5aaf1b9cc5421dcaaeded10ba54d56bcaa91,fe0663328c8a806642c7b941678c7905a8f41cc0,2023-04-07,src/Adapter/Module/ModuleDataProvider.php,BO,bo,facile,32028,8.0.x,ModuleDataProvider::getInstalled,1,4,BO - Linklist - Multistore - Error when changing shop context,Fix module active flag with group & shop contexts
32052,https://github.com/PrestaShop/PrestaShop/issues/32052,https://github.com/PrestaShop/PrestaShop/pull/32112,fe0663328c8a806642c7b941678c7905a8f41cc0,f90514f3a8feafaa8b9d7abced915e707371b780,2023-04-11,classes/Tools.php,IN,bo,facile,32112,8.0.x,ToolsCore::clearSf2Cache,1,17,Unexpected error in 'Design > link widget' page,Handle fallback in Tools::clearSf2Cache when container is not available
31943,https://github.com/PrestaShop/PrestaShop/issues/31943,https://github.com/PrestaShop/PrestaShop/pull/32042,b292248b36f95e387614b48c548e84e4b12d12f3,7aa63d9027a8f3bc55ffe3ab72d0e62570d6b35e,2023-04-12,src/PrestaShopBundle/Controller/Admin/Configure/AdvancedParameters/WebserviceController.php,BO,bo,facile,32042,develop,WebserviceController::createAction,1,2,WebService - Help card is in full screen when you modify a Webservice,Fix help card in popup instead of full page on create webservice
31759,https://github.com/PrestaShop/PrestaShop/issues/31759,https://github.com/PrestaShop/PrestaShop/pull/32116,5649c5fc8cdeb2808080f773ce65a6ece1426307,21f29ebebe31d08ac138450486f78e992b40ea97,2023-04-13,admin-dev/themes/new-theme/js/pages/currency/form/components/CurrencyFormatter.vue|tests/UI/campaigns/cldr/07_editSymbolFormatCurrency.ts|tests/UI/campaigns/cldr/08_resetSymbolFormatSettings.ts,BO,bo,difficile,32116,8.1.x,resetLanguage|it|it,3,37,Currencies : The reset of currency format doesn't work,Fix resetLanguage for Currencies
32216,https://github.com/PrestaShop/PrestaShop/issues/32216,https://github.com/PrestaShop/PrestaShop/pull/32215,ef06e67365c77e3ed040bf4fdb38e5b097637653,023d9f19c2cafb644dcc4ab8f1121984d499770d,2023-04-20,classes/controller/AdminController.php,BO,bo,facile,32215,8.0.x,AdminControllerCore::getNotificationTip,1,1,Raw HTML displayed in notifications area,Avoid html being escaped in translation in the alert box
32200,https://github.com/PrestaShop/PrestaShop/issues/32200,https://github.com/PrestaShop/PrestaShop/pull/32201,7a01a1477082ef6e2b0195f87657e7a4c6f38622,120687fd0387be5e7f0eb9e790e689e571f2daaf,2023-04-20,src/Core/Form/IdentifiableObject/DataHandler/ProductImageFormDataHandler.php,BO,fo+bo,facile,32201,8.1.x,ProductImageFormDataHandler::update,1,2,Cannot replace image on new product page,Fix undefined shop_id when updating image
31478,https://github.com/PrestaShop/PrestaShop/issues/31478,https://github.com/PrestaShop/PrestaShop/pull/32199,120687fd0387be5e7f0eb9e790e689e571f2daaf,1218053235547d3cb0389b523f008892f7b287da,2023-04-20,src/Adapter/Product/Image/Repository/ProductImageRepository.php,BO,fo+bo,moyen,32199,8.1.x,ProductImageRepository::duplicate|ProductImageRepository::findCoverImageId|ProductImageRepository::updateMissingCovers,3,31,PPV2 - The images of products V2 are not displayed in stocks page ,Set cover on table image when add image on product
31812,https://github.com/PrestaShop/PrestaShop/issues/31812,https://github.com/PrestaShop/PrestaShop/pull/32136,e1fa8c66e4f160302813a7989ee3a1db8870ba4d,dc6330371876ae59f7825f3b23fceddc8507ad85,2023-04-20,admin-dev/themes/new-theme/js/pages/currency/form/currency-form.ts,BO,bo,facile,32136,8.1.x,constructor,1,1,"Currencies : The button ""Restore default settings"" doesn't work",Fix reset all default parameters on currency
32335,https://github.com/PrestaShop/PrestaShop/issues/32335,https://github.com/PrestaShop/PrestaShop/pull/32339,5119282498e2bd1bfcaefba914be8fb5bd7c7b96,c59fa4c5f7946d634fbe2e1e09bee7a6838b9529,2023-04-26,admin-dev/themes/new-theme/template/page_header_toolbar.tpl,BO,bo,facile,32339,develop,(tpl),1,4,Same ID for help button in desktop and mobile,Fix mobile help button
31427,https://github.com/PrestaShop/PrestaShop/issues/31427,https://github.com/PrestaShop/PrestaShop/pull/32406,334391599fc6c8c317afb4c9d824a5e2ad9083a2,591fbc448bb3dc0c8e113f82c304aa9f733c79d7,2023-05-03,tools/build/Library/ReleaseCreator.php,IN,?,facile,32406,develop,ReleaseCreator,1,1,.php-cs-fixer.dist.php on zip release doesn't work,Add .php-cs-fixer.dist.php to remove file list of the ZIP creator tool
32070,https://github.com/PrestaShop/PrestaShop/issues/32070,https://github.com/PrestaShop/PrestaShop/pull/32403,be7762cbe3046d63c9409a45751aabb0a8fe9a3f,2fa8eb8893dabb2bf1ff86e40df9f71a2e8fa81e,2023-05-03,admin-dev/themes/new-theme/scss/rtl.scss,BO,bo,facile,32403,develop,(scss),1,2,[BO] The Employee page is broken when adding Arabic language - Bad display,Update sidebar transform value
31871,https://github.com/PrestaShop/PrestaShop/issues/31871,https://github.com/PrestaShop/PrestaShop/pull/32345,95d94dabaf40ba63be737b4a9cdbac328e66e5f9,80b4c7c4fd6436d46a3f6d76cfe844e34b1f38f9,2023-05-03,controllers/front/DiscountController.php,FO,fo,facile,32345,8.0.x,DiscountControllerCore::getTemplateVarCartRules,1,4,Used vouchers are being displayed in customer account,Hide vouchers with no available quantities
31668,https://github.com/PrestaShop/PrestaShop/issues/31668,https://github.com/PrestaShop/PrestaShop/pull/32290,067b10543417cc149ee8838485f319c68704da52,5fec3bb1d1504ad5ed2eb8d3a8d9c03de9db816f,2023-05-06,classes/AddressChecksumCore.php,FO,fo+bo,facile,32290,8.1.x,AddressChecksumCore::generateChecksum,1,8,Setting DNI mandatory after address creation launches an exception during checkout,Fix: Setting DNI mandatory after address creation launches an exception during checkout
32423,https://github.com/PrestaShop/PrestaShop/issues/32423,https://github.com/PrestaShop/PrestaShop/pull/32465,1801f2198a1493fa68175a501650adb804fba6ce,8299e7f3ab6d92af903e3103a143944e0fb7a5af,2023-05-09,controllers/admin/AdminCustomerThreadsController.php,BO,bo,facile,32465,8.1.x,AdminCustomerThreadsControllerCore::renderKpis,1,1,Useless redirection in the Customer Service page,Fix: Useless redirection in the Customer Service page
32443,https://github.com/PrestaShop/PrestaShop/issues/32443,https://github.com/PrestaShop/PrestaShop/pull/32506,80c3520fb9f779bfc3e40c886a6354f0ec92d93a,6189a12c495ec4985765a6d0eab31774972b0c1e,2023-05-11,src/PrestaShopBundle/Form/Admin/Configure/AdvancedParameters/Import/ImportType.php,BO,bo,facile,32506,develop,ImportType::buildForm,1,1,Language is not selected by default in Advanced parameters > Import page,Removes the placeholder for the import form on advanced parameters
32355,https://github.com/PrestaShop/PrestaShop/issues/32355,https://github.com/PrestaShop/PrestaShop/pull/32515,6189a12c495ec4985765a6d0eab31774972b0c1e,4758e46b3fed18fa34c9b7912f62c01395a8a589,2023-05-12,config/smartyadmin.config.inc.php,BO,bo,facile,32515,develop,smartyTranslate,1,4,Warnings in BO > Shipping > Carrier > New carrier page,Fix(trans): removed old htmlspecialchar parameters in smarty config
31785,https://github.com/PrestaShop/PrestaShop/issues/31785,https://github.com/PrestaShop/PrestaShop/pull/32492,ca6d6d79c0fd4b133e24d738cbd46cd8693abce5,a88481ecbaf0c3eed00c9da190f6ddffec35af1e,2023-05-12,classes/RequestSql.php,BO,bo,facile,32492,8.1.x,RequestSqlCore::checkedLimit,1,2,Can't use LIMIT clause in Sql request manager,Fix: Can't use LIMIT clause in Sql request manager
32508,https://github.com/PrestaShop/PrestaShop/issues/32508,https://github.com/PrestaShop/PrestaShop/pull/32535,d3de1f0a0e0c2d1bda205f4ac31948ae1190e061,c58d43788e7297907725ac9a0bedd588dcf3e276,2023-05-15,classes/order/OrderCarrier.php,BO,bo,facile,32535,8.1.x,OrderCarrierCore::sendInTransitEmail,1,5,"Empty tracking URL for ""in transit"" email","Fix: Empty tracking URL for ""in transit"" email"
32329,https://github.com/PrestaShop/PrestaShop/issues/32329,https://github.com/PrestaShop/PrestaShop/pull/32424,1629ec5d08343e969402bc649eb0734ab4dea526,0f23f3f37a0d19c1a1e78350a4bd5215d3225134,2023-05-15,admin-dev/themes/new-theme/js/app/pages/stock/router/index.ts,BO,bo,facile,32424,8.1.x,(hors fonction),1,17,Stocks page refresh issue - token removed from URL,Update BO stock router
31115,https://github.com/PrestaShop/PrestaShop/issues/31115,https://github.com/PrestaShop/PrestaShop/pull/32318,c58d43788e7297907725ac9a0bedd588dcf3e276,1629ec5d08343e969402bc649eb0734ab4dea526,2023-05-15,admin-dev/themes/new-theme/js/app/pages/translations/router/index.ts|admin-dev/themes/new-theme/js/pages/translation-settings/FormFieldToggle.ts,BO,fo+bo,facile,32318,8.1.x,(hors fonction)|constructor,2,4,"Translation app URL, refresh and selection issues","Translation app URL, refresh and selection issues"
32583,https://github.com/PrestaShop/PrestaShop/issues/32583,https://github.com/PrestaShop/PrestaShop/pull/32589,31991f0469f0c7eda935b916a8f877b6b71b0fbd,10cf2e303c1f1ab03909c70008242d07b6cae111,2023-05-17,src/PrestaShopBundle/Form/Admin/Sell/Customer/GroupType.php,BO,bo,facile,32589,develop,GroupType::configureOptions,1,2,The group 'Visitors' is selected by default in customers list table,Remove default value for Customer Group form
32316,https://github.com/PrestaShop/PrestaShop/issues/32316,https://github.com/PrestaShop/PrestaShop/pull/32554,0b11a7feba7901d26c4aed4b72b0dcd6e033fdc2,3951e33d16822ce5e4fe1981778a189c93e56da3,2023-05-17,admin-dev/themes/default/template/helpers/form/form.tpl|controllers/admin/AdminStoresController.php|js/admin.js,BO,bo,difficile,32554,develop,(tpl)|AdminStoresControllerCore::renderForm|ajaxStates,3,30,BO - Store page -the state field is displayed even though the country has no state ! ,Fix states selector in back office stores form
32670,https://github.com/PrestaShop/PrestaShop/issues/32670,https://github.com/PrestaShop/PrestaShop/pull/32671,b7fa731cf75e5cb28fb5350a7636b81eb77b463b,15541cd9e2f7b81904a51a02403e830673475c25,2023-05-23,admin-dev/themes/new-theme/js/pages/module/controller.js,BO,bo,facile,32671,develop,initBulkDropdown,1,5,Module manager error on bulk action confirm modal message,Fix confirm text for bulk actions in module manager
32663,https://github.com/PrestaShop/PrestaShop/issues/32663,https://github.com/PrestaShop/PrestaShop/pull/32664,6606f88e2bfa5b14952bae133070821d9cc32f8c,f0081b4c01a551c60cca46c3c47b629a50de9603,2023-05-23,admin-dev/themes/new-theme/js/pages/module/controller.js,BO,bo,facile,32664,develop,initBulkDropdown,1,4,Module manager bulk actions don't work properly with selected modules,Fix modules page bulk action
32655,https://github.com/PrestaShop/PrestaShop/issues/32655,https://github.com/PrestaShop/PrestaShop/pull/32657,f0081b4c01a551c60cca46c3c47b629a50de9603,b7fa731cf75e5cb28fb5350a7636b81eb77b463b,2023-05-23,src/PrestaShopBundle/Form/Admin/Sell/Customer/CustomerType.php,BO,bo,facile,32657,develop,CustomerType::buildForm,1,1,Customer group checkbox has an empty value and has been changed to select2,Remove empty value for default customer group
32654,https://github.com/PrestaShop/PrestaShop/issues/32654,https://github.com/PrestaShop/PrestaShop/pull/32656,a32801a4edcd8725e6be76a4150f892437393b4c,31ea461004f300b02f2ef324b27de0224340b80d,2023-05-23,controllers/admin/AdminCartRulesController.php,BO,fo+bo,facile,32656,8.1.x,AdminCartRulesControllerCore::renderForm,1,2,Warning on the Cart Rules creation/editing page,Fix: Warning on the Cart Rules creation/editing page
32564,https://github.com/PrestaShop/PrestaShop/issues/32564,https://github.com/PrestaShop/PrestaShop/pull/32563,373e6a5718e5f5baae8cc7e9114b9f5cf25fbac1,6606f88e2bfa5b14952bae133070821d9cc32f8c,2023-05-23,src/Adapter/Email/EmailConfigurationTester.php,CO,?,facile,32563,develop,EmailConfigurationTester::testConfiguration,1,4,"Special characters are sent on the test email as html entities, and thus not parsed correctly.",Update EmailConfigurationTester.php
32680,https://github.com/PrestaShop/PrestaShop/issues/32680,https://github.com/PrestaShop/PrestaShop/pull/32715,80b4c7c4fd6436d46a3f6d76cfe844e34b1f38f9,d3cbb631673c366bf631498820ce1df7858d5a5a,2023-05-29,config/smarty.config.inc.php,BO,bo,facile,32715,8.0.x,smartyEscape|smartyClassnames,2,20,[BO] : Error notification displayed in Multistore page ,Fix: [BO] : Error notification displayed in Multistore page
31665,https://github.com/PrestaShop/PrestaShop/issues/31665,https://github.com/PrestaShop/PrestaShop/pull/31666,cd45aecd7b60431463f6d42ca0eeeb0740feb3fa,79b5047e6a82870a3d1063f1d7e29134022859e9,2023-05-29,src/PrestaShopBundle/Translation/PrestaShopTranslatorTrait.php,BO,bo,facile,31666,develop,PrestaShopTranslatorTrait::trans|PrestaShopTranslatorTrait::shouldFallbackToLegacyModuleTranslation,2,7,Translation locale override doesn't work if translation is missing for default language,Take locale into account when deciding whether module translation should fall back to the legacy system
32485,https://github.com/PrestaShop/PrestaShop/issues/32485,https://github.com/PrestaShop/PrestaShop/pull/32500,72b50626e09c836261ca4a271438c0d167e6f1bb,ff3780e47ad5ff031440c6856f6ec031801de0d3,2023-05-30,classes/Translate.php|pdf/footer.tpl,BO,fo+bo,moyen,32500,develop,TranslateCore::getPdfTranslation|(tpl),2,14,PDF invoice generator footer is not showing the correct information only show a %s,Fix PDF invoice generator footer which only shows a %s
32753,https://github.com/PrestaShop/PrestaShop/issues/32753,https://github.com/PrestaShop/PrestaShop/pull/32754,b9eb1a01b39216700014c0251c6a17a6e1229bd7,e2ff7f4c9d663cc1845e7099c8d2d8ef04fda2cd,2023-06-01,tools/profiling/Profiler.php,FO,?,facile,32754,develop,Profiler::__construct,1,9,Profiler shows incorrect execution time,Profiler: measure execution time from the beginning.
32530,https://github.com/PrestaShop/PrestaShop/issues/32530,https://github.com/PrestaShop/PrestaShop/pull/32790,b6c32f9fa4fbf5df356c042f773be8e0ebfc19bb,0c3fdc5cb8c58e4bdf4f4129e99361f0b6a6363c,2023-06-02,config/smartyadmin.config.inc.php,BO,bo,facile,32790,8.0.x,smartyTranslate,1,4,PDF files are always in English instead of shop language,Fix PDF translations in backoffice
32837,https://github.com/PrestaShop/PrestaShop/issues/32837,https://github.com/PrestaShop/PrestaShop/pull/32840,cf79f5b8c2888e4b8b902e9b2ae0d417e09ffe1b,345c2debcc6c61da4471ee11048caa6a60f394ca,2023-06-08,classes/Hook.php,CO,?,facile,32840,develop,HookCore::getAllHookRegistrations,1,2,error in cache key name,Error in cache id naming
32768,https://github.com/PrestaShop/PrestaShop/issues/32768,https://github.com/PrestaShop/PrestaShop/pull/32842,b60664b22cf64e2050288b16935d929797f4517f,73009270b9aa54b6e56e1bcc99c5b12f43f5b077,2023-06-09,app/config/config.yml,WS,http,facile,32842,8.1.x,(yml),1,2,API : External Auth Server : Returns a 500 (and not a 401) if the access token is invalid,Changed error code when access token is invalid
32734,https://github.com/PrestaShop/PrestaShop/issues/32734,https://github.com/PrestaShop/PrestaShop/pull/32861,7f162ac2b4ee2949ede344ab7a2368b3ad6fa4a6,d3bc93ffb3f55be1c410ae81c2c5f61623641084,2023-06-12,src/PrestaShopBundle/Controller/Admin/Configure/AdvancedParameters/EmployeeController.php|src/PrestaShopBundle/Service/Routing/Router.php|tests/Integration/PrestaShopBundle/Controller/Admin/Sell/Order/OrderControllerTest.php,BO,fo+bo,difficile,32861,develop,EmployeeController::editAction|Router::generate|OrderControllerTest::testSearchProductsWithContent|OrderControllerTest::testSearchProductsEmptyPhrase,4,24,Invalid token when changing email address in profile page,Fix invalid token in redirection after editing himself
32700,https://github.com/PrestaShop/PrestaShop/issues/32700,https://github.com/PrestaShop/PrestaShop/pull/32701,d3bc93ffb3f55be1c410ae81c2c5f61623641084,d0c7c2902da5d5194082dbc7f5dd0a6cc887fef3,2023-06-12,classes/webservice/WebserviceSpecificManagementAttachments.php,WS,http,facile,32701,develop,WebserviceSpecificManagementAttachmentsCore::manageAttachments,1,2,Deleting an attached file from the webservice API does not work,Deleting an attached file from the webservice API does not work
32265,https://github.com/PrestaShop/PrestaShop/issues/32265,https://github.com/PrestaShop/PrestaShop/pull/32615,73009270b9aa54b6e56e1bcc99c5b12f43f5b077,2cdfe8f2f769a0403e39816cc1552690e8d22046,2023-06-13,src/Adapter/Image/ImageGenerator.php|src/Adapter/Product/Image/Uploader/ProductImageUploader.php,BO,fo+bo,moyen,32615,8.1.x,ImageGenerator::__construct|ImageGenerator::generateImagesByTypes|ImageGenerator::resize|ProductImageUploader::upload,4,15,PPV2 + Multiple image formats : WebP is not generated when a cover image is uploaded,Update ImageGenerator resize destination path
32858,https://github.com/PrestaShop/PrestaShop/issues/32858,https://github.com/PrestaShop/PrestaShop/pull/32906,2cdfe8f2f769a0403e39816cc1552690e8d22046,7b11070f309f59932f3bcc8181c9e82ddf277e33,2023-06-15,src/Core/Grid/Definition/Factory/ProductGridDefinitionFactory.php,BO,bo,facile,32906,8.1.x,(hors fonction)|ProductGridDefinitionFactory::getFilters,2,2,BO - cannot clear filters when we Filter by empty category,Fix clear filter options on missing category
32881,https://github.com/PrestaShop/PrestaShop/issues/32881,https://github.com/PrestaShop/PrestaShop/pull/32956,cb242ed21422aff5dc9bb2876ac87b1e4fae4716,ae7bb2d1606737288420614a4df18f12b1027bb5,2023-06-21,src/PrestaShopBundle/Resources/config/services/bundle/event_listener.yml|src/PrestaShopBundle/Resources/config/services/bundle/form.yml,BO,bo,facile,32956,develop,(yml)|(yml),2,10,BO  - Authorization page is not displayed on develop branch,Override service discovery
32437,https://github.com/PrestaShop/PrestaShop/issues/32437,https://github.com/PrestaShop/PrestaShop/pull/32596,956efd6834c91dd41ad2e88bc194c83c94180865,9a6dafd8574f460f6c31eca52b10d23b1125cf0c,2023-06-21,src/Adapter/Presenter/Product/ProductLazyArray.php|tests/Integration/Adapter/Presenter/Product/ProductLazyArrayTest.php,FO,fo,moyen,32596,8.0.x,ProductLazyArray::addQuantityInformation|ProductLazyArrayTest::providerQuantityInformationCases,2,21,Setting minimum quantity for sale to 0 breaks availability display logic,Fix availability display logic
32939,https://github.com/PrestaShop/PrestaShop/issues/32939,https://github.com/PrestaShop/PrestaShop/pull/32946,f88abf7cb945c2c81f0c89803daaaf3df3332428,6f65523328dc7df15c2d62811862508f55182c77,2023-06-23,classes/controller/FrontController.php,FO,fo,facile,32946,develop,FrontControllerCore::prepareNotifications,1,4,No error message on cart page when redirected from order page,FrontController should not drop existing notifications
32022,https://github.com/PrestaShop/PrestaShop/issues/32022,https://github.com/PrestaShop/PrestaShop/pull/32631,f628c5c9a1fa065a3ab6546a39b595aaed3165ab,adc06e3297d538c1bad5b69b2edfbc701ff667a0,2023-06-27,src/Adapter/Presenter/Cart/CartPresenter.php,FO,fo,facile,32631,develop,CartPresenter::addCustomizedData|CartPresenter::present,2,9,FO - The products 'image are not displayed in order confirmation details page,Cache backup fix with no products
31594,https://github.com/PrestaShop/PrestaShop/issues/31594,https://github.com/PrestaShop/PrestaShop/pull/31621,bc001ddf755cd01e42a05633e29e9c3d6448e87a,fef1bd9539d3a0e16824434e096ab2b085fd2e15,2023-06-27,admin-dev/themes/new-theme/js/pages/order/create/create-order-page.ts|src/Adapter/Cart/QueryHandler/GetCartForOrderCreationHandler.php|src/Core/Domain/Cart/QueryResult/CartForOrderCreation/CartShipping.php,BO,fo+bo,difficile,31621,develop,(hors fonction)|constructor|GetCartForOrderCreationHandler::extractShippingFromLegacySummary|GetCartForOrderCreationHandler::fetchCartDeliveryOptions|CartShipping|CartShipping::__construct|CartShipping::getGiftMessage,7,30,Can't Create Order in BO when virtual product is in cart and customer address is from a Country that is not served by a carrier,Enable Order Creation in BO with a virtual product and a customer add…
31958,https://github.com/PrestaShop/PrestaShop/issues/31958,https://github.com/PrestaShop/PrestaShop/pull/33048,4e7065f72a4531338e353a27113c54618e563475,2a01ca9559e860a68c5950b7efa5445d954a6b4c,2023-07-03,src/Adapter/EntityMapper.php,BO,fo+bo,facile,33048,8.0.x,EntityMapper::load,1,8,Cart rule tax display wrong,Add string casting for boolean fields
33049,https://github.com/PrestaShop/PrestaShop/issues/33049,https://github.com/PrestaShop/PrestaShop/pull/33078,204afc1d6ad291dec5bdc4d3d11f822c9130d81e,53362a19bbc7439010a92eb5a7da86f089c34683,2023-07-04,admin-dev/themes/new-theme/js/pages/order/create/create-order-page.ts,BO,bo,facile,33078,develop,constructor,1,2,Create new order : The listing of carts/orders doesn't work,Create new order : The listing of carts/orders doesn't work
33036,https://github.com/PrestaShop/PrestaShop/issues/33036,https://github.com/PrestaShop/PrestaShop/pull/33107,22a9b45fa45c2937dc037acb3bd8cbe2fe1d6aea,55142acd2d9c18082834dd163eb166a32b02bc64,2023-07-05,admin-dev/themes/new-theme/js/pages/product/edit/manager/attachments-manager.ts,BO,fo+bo,facile,33107,8.1.x,constructor,1,2,"[8.1.x] - BO - Product Page - Popup ""Add new file"" button displays the Dashboard instead of the New File Form",Fix new file button target in product attachment form;
32924,https://github.com/PrestaShop/PrestaShop/issues/32924,https://github.com/PrestaShop/PrestaShop/pull/33043,55142acd2d9c18082834dd163eb166a32b02bc64,04fad00d9884621f47eaeadb1e96cd1a6e8b0f7d,2023-07-05,src/Adapter/Presenter/Cart/CartPresenter.php|src/Adapter/Presenter/Product/ProductLazyArray.php,FO,fo+bo,moyen,33043,8.1.x,CartPresenter::presentProduct|ProductLazyArray::addPriceInformation,2,21,[FO] - Discount wrong value display,Fix wrong discount amount displayed
32716,https://github.com/PrestaShop/PrestaShop/issues/32716,https://github.com/PrestaShop/PrestaShop/pull/33120,04fad00d9884621f47eaeadb1e96cd1a6e8b0f7d,4556b5ff8e9686f4ed3c67e843680b98d02d40da,2023-07-06,admin-dev/themes/new-theme/scss/pages/product/product_page.scss,BO,bo,facile,33120,8.1.x,(scss),1,3,BO - A bad display of alert success update  ,Fix bad display alert when changing product combination quantity
30716,https://github.com/PrestaShop/PrestaShop/issues/30716,https://github.com/PrestaShop/PrestaShop/pull/33133,4556b5ff8e9686f4ed3c67e843680b98d02d40da,09abe14253d1ce16ed4db3d0c892cf8a0d9b4d01,2023-07-07,src/PrestaShopBundle/Translation/Loader/SqlTranslationLoader.php,BO,fo+bo,facile,33133,8.1.x,SqlTranslationLoader::load,1,6,The translation does not work for Child Theme, Fix for child themes/multishop themes translations
33084,https://github.com/PrestaShop/PrestaShop/issues/33084,https://github.com/PrestaShop/PrestaShop/pull/33083,30930841c6127bcaee037be3f7ced556ee3bfb85,cdd6a167f9c86e4d1aedec29bc5dc4c3941724d7,2023-07-07,classes/controller/AdminController.php,CO,cli,facile,33083,develop,AdminControllerCore::postProcess,1,8,$this->action is null in postProcess method,Fix action variable in postProcess method
31287,https://github.com/PrestaShop/PrestaShop/issues/31287,https://github.com/PrestaShop/PrestaShop/pull/33151,09abe14253d1ce16ed4db3d0c892cf8a0d9b4d01,76f65f13e8d71bfa635926dac9aaece4bce5b7f8,2023-07-10,controllers/admin/AdminProductsController.php,BO,bo,facile,33151,8.1.x,AdminProductsControllerCore::processUpdate,1,10,Product reference cannot be changed in multi-store setup, Fix for product editor is not storing some fields in multi shop context conservative fix for 8.1.x
33090,https://github.com/PrestaShop/PrestaShop/issues/33090,https://github.com/PrestaShop/PrestaShop/pull/33089,24ea05f3e811ce9da91b8c26d778ef8ed68cbccc,65dde7d6ae033eab3a13d56fc922fb39c3e1aec4,2023-07-10,src/PrestaShopBundle/Resources/views/Admin/Common/Grid/Columns/Content/date_time.html.twig,BO,bo,facile,33089,develop,(twig),1,2,Unexpected behaviour with DateTimeColumn empty value,Update date_time.html.twig better check for emptiness
32794,https://github.com/PrestaShop/PrestaShop/issues/32794,https://github.com/PrestaShop/PrestaShop/pull/33207,2f9be0dd2792308f12ec8e15aa7a21402b19d624,bbc8a1dc901db3680ad654ea404f177332052931,2023-07-12,admin-dev/themes/default/template/header.tpl|admin-dev/themes/new-theme/template/layout.tpl,BO,bo,facile,33207,develop,(tpl)|(tpl),2,4,"<br> in description  onhover ""Maintenance mode"" button",Disable wrapping of maintenance mode
33071,https://github.com/PrestaShop/PrestaShop/issues/33071,https://github.com/PrestaShop/PrestaShop/pull/33156,ebc8ca59412b87e87422fb46c50e871c00784ebe,8b718b3b3f898cdc1a91386e2e86679735569f87,2023-07-12,classes/Cart.php|classes/controller/FrontController.php,FO,fo+bo,moyen,33156,8.1.x,CartCore::isGuestCartByCartId|CartCore::checkAllProductsAreStillAvailableInThisState|FrontControllerCore::prepareNotifications,3,16,Customer can order disabled product from front office ,Check if product is active and orderable during checkout
32533,https://github.com/PrestaShop/PrestaShop/issues/32533,https://github.com/PrestaShop/PrestaShop/pull/32540,bbc8a1dc901db3680ad654ea404f177332052931,c609de3e9be5e0799f5e4abd1ec71e7a91f35c47,2023-07-12,src/Core/Addon/Theme/ThemePageLayoutsCustomizer.php|src/PrestaShopBundle/Resources/config/services/core/addon.yml,IN,cli,facile,32540,develop,ThemePageLayoutsCustomizer|(yml),2,4,PHP warnings hidden when installing Prestashop,Add lazy tag for ThemeManager and ThemePageLayoutsCustomizer service
33021,https://github.com/PrestaShop/PrestaShop/issues/33021,https://github.com/PrestaShop/PrestaShop/pull/33164,3ee88f22c2e3efc971ce416d3565152c9039b104,ff91ba6374478e8b65b8ea8bb4cd68c5a03b6bf4,2023-07-13,src/PrestaShopBundle/Entity/AuthorizedApplication.php,BO,cli,facile,33164,8.1.x,AuthorizedApplication,1,2,Upgrade PS from 8.0.4 to 8.1.0 - Error upgrading Doctrine schema,Fix authorized application column length
33235,https://github.com/PrestaShop/PrestaShop/issues/33235,https://github.com/PrestaShop/PrestaShop/pull/33236,80d410db3ecad966ddf4626460e448f07593a88d,0e46db7abcf6cb95279d058b13df779d26d62fbd,2023-07-14,src/PrestaShopBundle/Resources/views/Admin/Module/Includes/grid_manage_empty.html.twig,BO,bo,facile,33236,8.1.x,(twig),1,2,Module manager : Broken links for empty categories ,Module manager - Empty category - Add raw filter to display html content
32914,https://github.com/PrestaShop/PrestaShop/issues/32914,https://github.com/PrestaShop/PrestaShop/pull/33124,3bbce990f256241b0d4dffd73f166be5c9cdd041,5b696e8811ad7f9530efb82e583ba4acffeb8f5a,2023-07-14,classes/tax/Tax.php|classes/tax/TaxRulesGroup.php|controllers/admin/AdminTaxRulesGroupController.php,BO,bo,moyen,33124,8.0.x,TaxCore::toggleStatus|TaxCore::update|TaxCore::_onStatusChange|TaxRulesGroupCore::getTaxRulesGroupsData|AdminTaxRulesGroupControllerCore::initRulesList,5,25,"After disabling/enabling a tax, the linked tax rule is not present for the Ecotax","Fix issue when disable tax, do not delete tax rules"
32864,https://github.com/PrestaShop/PrestaShop/issues/32864,https://github.com/PrestaShop/PrestaShop/pull/33255,c0166241a865518ab1b638f0fe456eb56a8104ad,97a2ad6fed436a0bda4a11a405f060a9edde8bac,2023-07-17,controllers/admin/AdminShopUrlController.php,BO,bo,facile,33255,8.1.x,AdminShopUrlControllerCore::renderList,1,16,BO - Multistore - Store crashes when deleting main URL,Prevent deleting main URL of a store
32212,https://github.com/PrestaShop/PrestaShop/issues/32212,https://github.com/PrestaShop/PrestaShop/pull/33008,5b696e8811ad7f9530efb82e583ba4acffeb8f5a,f720e7f8b2acd1472adca7602f912f56a7db3df9,2023-07-17,src/Adapter/Presenter/Product/ProductLazyArray.php|src/Core/Form/ChoiceProvider/ProductConditionChoiceProvider.php|src/PrestaShopBundle/Form/Admin/Product/ProductOptions.php,FO,fo+bo,moyen,33008,8.0.x,ProductLazyArray::getFlags|ProductConditionChoiceProvider::getChoices|ProductOptions::buildForm,3,14,Product condition 'new' is missing in FO,Fix 'New' Translation domain
32703,https://github.com/PrestaShop/PrestaShop/issues/32703,https://github.com/PrestaShop/PrestaShop/pull/33136,f0a6b5139e360584eeff5195719d485ae76ad032,85f88028c429debb94cd7d3118a387df07f04b3e,2023-07-19,config/smarty.config.inc.php,CO,?,facile,33136,8.1.x,smartyEscape,1,12,smarty user deprecation notices about php function modifiers,Register commonly used deprecated modifiers to Smarty config
32528,https://github.com/PrestaShop/PrestaShop/issues/32528,https://github.com/PrestaShop/PrestaShop/pull/33152,33153c58ddb8baba6e3235cd0b01948c7731b031,888f2e3819220ab2690a3008c066e5a2b53dbbcf,2023-07-20,controllers/admin/AdminStoresController.php|tests/UI/campaigns/functional/BO/08_design/06_imageSettings/15_checkStoreImageFormat.ts,BO,fo+bo,difficile,33152,8.1.x,(hors fonction)|AdminStoresControllerCore::postImage|it,3,51,Multiple image formats : WebP is not generated when an image for a store is uploaded,Generate image for store after uploading it
33202,https://github.com/PrestaShop/PrestaShop/issues/33202,https://github.com/PrestaShop/PrestaShop/pull/33212,3a4f070f2846ae855784879155f2d26c500a2ae8,73e1bc1a65c984243da856ae9a433a7c6315afaf,2023-07-21,classes/CartRule.php,CO,?,facile,33212,8.1.x,CartRuleCore::deleteByIdCustomer,1,6,Deleting !LoadedObject Customer deletes all CartRules that don't have customer restrictions,Prevent removing non restricted cart rules
29205,https://github.com/PrestaShop/PrestaShop/issues/29205,https://github.com/PrestaShop/PrestaShop/pull/33322,73e1bc1a65c984243da856ae9a433a7c6315afaf,f0a0f3404fb0f97f1a6929a2f492d158ba4357b8,2023-07-24,classes/Product.php,CO,bo,facile,33322,8.1.x,ProductCore::delete|ProductCore::deleteAccessories,2,15,Table product_carrier not cleaned,Delete data from product_carrier table after deleting product
31602,https://github.com/PrestaShop/PrestaShop/issues/31602,https://github.com/PrestaShop/PrestaShop/pull/31637,21c13825e659648dc5fca7431dba43e506eea7c2,f668c104a30321865f5f2829fbef2a3ec57e24c7,2023-07-26,classes/Tools.php|upload/.htaccess,BO,?,moyen,31637,8.1.x,ToolsCore::generateHtaccess|(htaccess),2,12,"Can't view a file directly in the browser, it is always downloaded",Do not interfere with PDF files
33385,https://github.com/PrestaShop/PrestaShop/issues/33385,https://github.com/PrestaShop/PrestaShop/pull/33388,914a8171475f347155e4ad9569c61dbba4c7457c,75e93a920f7d3251a2098745be6a956a6574bdd8,2023-07-27,controllers/admin/AdminStoresController.php,BO,bo,facile,33388,develop,(hors fonction)|AdminStoresControllerCore::postImage,2,3,An exception is displayed when we create a new store,An exception is displayed when we create a new store
32882,https://github.com/PrestaShop/PrestaShop/issues/32882,https://github.com/PrestaShop/PrestaShop/pull/33350,75e93a920f7d3251a2098745be6a956a6574bdd8,176e7be16e13ce8ccb56a58955fc403e6676aeac,2023-07-27,app/config/config.yml|src/Core/Security/TokenAuthenticator.php|tests/UI/campaigns/functional/API/01_clientCredentialGrantFlow/02_externalAuthServer/02_resourceEndpoint.ts,WS,http,difficile,33350,develop,(yml)|(hors fonction)|TokenAuthenticator::supports|it,4,22,API : External Auth Server : Returns (not) a header `WWW-Authenticate : Bearer` if the access token is invalid,Added www-authenticate: bearer if the access token is invalid
33030,https://github.com/PrestaShop/PrestaShop/issues/33030,https://github.com/PrestaShop/PrestaShop/pull/33325,176e7be16e13ce8ccb56a58955fc403e6676aeac,22074b92345414d5208e58f097a3a080f34a1aff,2023-07-27,controllers/front/ProductController.php,FO,fo,facile,33325,develop,ProductControllerCore::initContent,1,25,[develop] FO - Warning is displayed in product page,Condition out manufacturer if not present
32889,https://github.com/PrestaShop/PrestaShop/issues/32889,https://github.com/PrestaShop/PrestaShop/pull/33113,f668c104a30321865f5f2829fbef2a3ec57e24c7,5cd6f72bcbc25b80238e9a3a6df8a9733c9793c4,2023-07-27,classes/Product.php,FO,fo,facile,33113,8.1.x,ProductCore::getProductProperties,1,7,FO-Cart content still displayed even deleted until you refresh the page,Add conditions for manufacturer fields
32882,https://github.com/PrestaShop/PrestaShop/issues/32882,https://github.com/PrestaShop/PrestaShop/pull/32885,c5d6eafa58fa01e55dca84bf9a7bfc08b9caa1f8,a7c41d53eaf2963b0a34ab752114e64a50f594b7,2023-07-27,app/config/config.yml|src/Core/Security/TokenAuthenticator.php|tests/UI/campaigns/functional/API/01_clientCredentialGrantFlow/02_externalAuthServer/02_resourceEndpoint.ts,WS,http,difficile,32885,8.1.x,(yml)|(hors fonction)|TokenAuthenticator::supports|it,4,21,API : External Auth Server : Returns (not) a header `WWW-Authenticate : Bearer` if the access token is invalid,Added www-authenticate: bearer if the access token is invalid
33261,https://github.com/PrestaShop/PrestaShop/issues/33261,https://github.com/PrestaShop/PrestaShop/pull/33458,a7c41d53eaf2963b0a34ab752114e64a50f594b7,63d29089a4587d5ac3690b1304e0baaf168bf716,2023-07-28,admin-dev/themes/new-theme/js/pages/product/specific-price/form/combination-selector.ts|admin-dev/themes/new-theme/js/pages/product/specific-price/form/customer-selector.ts,BO,bo,moyen,33458,8.1.x,(hors fonction)|constructor,2,18,Specific prices - drop down with combinations not populated by combinations,Fix select for when multishop is not enabled
33494,https://github.com/PrestaShop/PrestaShop/issues/33494,https://github.com/PrestaShop/PrestaShop/pull/33495,239717f8267135f0b25a2a1577db338b7b949e21,277cddd98c931a94b8bb46066eb4b31240df2bf5,2023-07-31,src/Adapter/Order/QueryHandler/GetOrderForViewingHandler.php,BO,bo,facile,33495,8.1.x,GetOrderForViewingHandler::getOrderShipping,1,3,View order error when $carrier->external_module_name is not a valid module ID,Check if external carrier module exists
33424,https://github.com/PrestaShop/PrestaShop/issues/33424,https://github.com/PrestaShop/PrestaShop/pull/33428,83d8f99c10cadc3b3fe18dbc8fdd636715f3d4f0,239717f8267135f0b25a2a1577db338b7b949e21,2023-07-31,controllers/admin/AdminImagesController.php,BO,fo+bo,facile,33428,8.1.x,AdminImagesControllerCore::init|AdminImagesControllerCore::initModal,2,23,Image - Avif format doesn't works when I regenerate the thumbnail ,Prevent checking nonsupported image formats
21806,https://github.com/PrestaShop/PrestaShop/issues/21806,https://github.com/PrestaShop/PrestaShop/pull/33387,ab1fb8735b188064038daebdc7f4b2dc03efcdc4,437f9ce8d0ee028c2978fed1d5644a568c8f3c52,2023-07-31,src/Adapter/Image/ImageRetriever.php,FO,fo,facile,33387,8.1.x,ImageRetriever::getAllProductImages,1,18,"Image titles are empty, if image legend is empty - FO",Do not overwrite legend by empty value
33558,https://github.com/PrestaShop/PrestaShop/issues/33558,https://github.com/PrestaShop/PrestaShop/pull/33563,b05d7a8ad3b4475ed6c9c6dbd6c4ce4a45012189,ca49141335c0d4b6dc8ebec6a28232ab4d8716c6,2023-08-11,classes/controller/FrontController.php,FO,fo,moyen,33563,develop,FrontControllerCore::addJqueryUI,1,31,"addJqueryUI load all JqueryUI, not just a component",Fix load JqueryUI on FrontController : load only requested components
33564,https://github.com/PrestaShop/PrestaShop/issues/33564,https://github.com/PrestaShop/PrestaShop/pull/33573,82268ed88685675a83eb658556303094dc93159a,7ac3cc3facbea15b3b675f6a69afedc3a5eae9e1,2023-08-14,src/PrestaShopBundle/Command/UpdateSchemaCommand.php,CO,cli,facile,33573,8.1.x,UpdateSchemaCommand::dropExistingForeignKeys,1,8,Autoupgrade 8.1.0 to 8.1.1 error database update,Fix dropExistingForeignKeys method when updating doctrine schema
33543,https://github.com/PrestaShop/PrestaShop/issues/33543,https://github.com/PrestaShop/PrestaShop/pull/33608,7ac3cc3facbea15b3b675f6a69afedc3a5eae9e1,d6aed7a7d0c63b9b4fcdbeefb936cab0497017f0,2023-08-15,classes/order/Order.php,FO,fo,facile,33608,8.1.x,OrderCore::getProductTaxesDetails,1,2,Incorrect tax detail in the invoice when a cart rule is applied to more than 1 unit of a specific product,Fix tax detail in invoice
33629,https://github.com/PrestaShop/PrestaShop/issues/33629,https://github.com/PrestaShop/PrestaShop/pull/33643,09183aa4a49f792f332da99c27096b1e6ecbdbdd,6d1a9802d7a214b8a008eedc1b438e25df57b011,2023-08-17,admin-dev/themes/new-theme/js/pages/module/controller.js,BO,bo,facile,33643,8.1.x,installHandler|updateModuleStatus,2,8,The close button is not working in the upload module modal,Do not attempt to rebuild modules list if missing data
30373,https://github.com/PrestaShop/PrestaShop/issues/30373,https://github.com/PrestaShop/PrestaShop/pull/32941,eb2775cd70c8c3d291d4259f8720b53629913d3a,c74c4d7afd07521da9cd197543134272cf1cb05a,2023-08-17,classes/controller/FrontController.php,FO,fo+bo,moyen,32941,develop,FrontControllerCore::getTemplateVarCustomer|FrontControllerCore::getCoreJsPublicPath|FrontControllerCore::getTemplateVarShop,3,17,Configuration::haskey is ignorant of multishop configuration,Refacto getShopLogo remove hasKey usage
33640,https://github.com/PrestaShop/PrestaShop/issues/33640,https://github.com/PrestaShop/PrestaShop/pull/33660,190ebd8cba678fb78da274f8d7d307bf762c1502,63eed3c26c45c06820024d7c9cd73e9e951f0d96,2023-08-21,controllers/admin/AdminTranslationsController.php,BO,bo,facile,33660,8.1.x,AdminTranslationsControllerCore::findAndWriteTranslationsIntoFile|AdminTranslationsControllerCore::findAndFillTranslations,2,20,Error in the translation pages for extra modules with php 8.1 and prestashop 8.1.1 - strtolower(): Passing null to parameter,Fix error in the module translation page (old translation system)
33722,https://github.com/PrestaShop/PrestaShop/issues/33722,https://github.com/PrestaShop/PrestaShop/pull/33788,164ceeaed16f345f3ff1c4a28fb3e1c3b06e0dce,f8c0e333b78d88fef1fa4477a83a09b605bcf1ee,2023-09-01,templates/.htaccess,FO,fo,facile,33788,8.1.x,(htaccess),1,10,Missing directory protection (from htaccess) for templates directory,Add htaccess to protect templates dir
33722,https://github.com/PrestaShop/PrestaShop/issues/33722,https://github.com/PrestaShop/PrestaShop/pull/33723,2bcb9a7e63a5a696b609bcdc68b24fe17465d948,8de10978b0dfbf61a3a6541f5c76a16f52c48336,2023-09-01,templates/.htaccess,FO,fo,facile,33723,develop,(htaccess),1,10,Missing directory protection (from htaccess) for templates directory,Protect templates directory
33605,https://github.com/PrestaShop/PrestaShop/issues/33605,https://github.com/PrestaShop/PrestaShop/pull/33860,1c1f12aec551af6deeab8cf783f82de8b246bc07,9436a6336b7b89ed6225604b84993dd1f6e48b71,2023-09-07,src/Adapter/Attribute/Repository/AttributeRepository.php|tests/Integration/Behaviour/Features/Context/AttributeFeatureContext.php|tests/Integration/Behaviour/Features/Scenario/Attribute/list_attribute_groups.feature,BO,bo,difficile,33860,8.1.x,AttributeRepository::getGroupedAttributes|AttributeFeatureContext::associateAttributeWithShops|(feature),3,30,Attributes sorting - not in modal used when creating combination,Add order by for attribute by position
33590,https://github.com/PrestaShop/PrestaShop/issues/33590,https://github.com/PrestaShop/PrestaShop/pull/33771,9436a6336b7b89ed6225604b84993dd1f6e48b71,27fc5e0c215b3b8dcf12b2159b9ec5a87c67097b,2023-09-07,classes/Validate.php,BO,bo,facile,33771,8.1.x,ValidateCore,1,2,"Since 8.1, using namespace with ObjectModel will throw a PrestaShopLogger issue",Update classname regex to allow FQDN
33792,https://github.com/PrestaShop/PrestaShop/issues/33792,https://github.com/PrestaShop/PrestaShop/pull/33909,ed518ea502120268abf9f68b23c3b42dbe9f8f1a,8f873f7ebcb29f7fa9324b5a77d7195ee6bd495b,2023-09-12,admin-dev/themes/new-theme/js/pages/product/edit/index.ts,BO,bo,facile,33909,8.1.x,(hors fonction),1,5,Serious issue : 8.1 Cannot add feature or cusotmization fields to virtual product,Cannot add feature or cusotmization fields to virtual product
28609,https://github.com/PrestaShop/PrestaShop/issues/28609,https://github.com/PrestaShop/PrestaShop/pull/33885,c2238f8bbc3707aa65f0d18aaab5b7879f22d82d,c182dfdda162a7fb5f7247f9eff6bfa1e0ca4501,2023-09-14,classes/Dispatcher.php|classes/controller/FrontController.php,FO,fo,moyen,33885,8.1.x,DispatcherCore::createUrl|FrontControllerCore::sanitizeUrl,2,31,URL Alternate with unwanted parameters ,Fix URL sanitization and duplicate language ID
33285,https://github.com/PrestaShop/PrestaShop/issues/33285,https://github.com/PrestaShop/PrestaShop/pull/33930,8bd3772e14f999407c556cbb126b1a45f553c78b,29b1a4d22d813e198a6ca3783f695a795178da3e,2023-09-18,classes/Product.php,FO,fo+bo,facile,33930,8.1.x,ProductCore::priceCalculation,1,4,Cannot set specific price with currency filter,Cannot set specific price with currency filter
33947,https://github.com/PrestaShop/PrestaShop/issues/33947,https://github.com/PrestaShop/PrestaShop/pull/33978,2ff680ccb53a19b7632760039a5e67021b3525ba,aae9e570d48c48ded7458ded024a4d93df949d01,2023-09-20,admin-dev/themes/new-theme/js/pages/product/create/create-product-modal.ts|controllers/front/CartController.php|tests/UI/pages/FO/cart/index.ts,FO,fo+bo,difficile,33978,8.1.x,constructor|CartControllerCore::processChangeProductInCart|CartControllerCore::areProductsAvailable|constructor,4,34,FO - Cart - Alert message is not correct in cart when the stock is low,Uniformise and improve cart stock protection
33962,https://github.com/PrestaShop/PrestaShop/issues/33962,https://github.com/PrestaShop/PrestaShop/pull/33964,2fd2f569f25122490bea28a85b8b938148cc0160,025d6370a8828d920d605b2759d765a48bf0cf9b,2023-09-20,classes/Pack.php,FO,fo,facile,33964,8.1.x,PackCore::noPackPrice,1,26,FO - The sum of products is not correct when we use round type for each item,Fix rounding of no pack price
33903,https://github.com/PrestaShop/PrestaShop/issues/33903,https://github.com/PrestaShop/PrestaShop/pull/33928,aae9e570d48c48ded7458ded024a4d93df949d01,2fd2f569f25122490bea28a85b8b938148cc0160,2023-09-20,controllers/front/listing/CategoryController.php,FO,fo,facile,33928,8.1.x,CategoryControllerCore::getAjaxProductSearchVariables,1,9,Category 'additional description' also shown on paginated pages,Provide rendered category footer
34055,https://github.com/PrestaShop/PrestaShop/issues/34055,https://github.com/PrestaShop/PrestaShop/pull/34060,5f87e839b8a1f275e359a470f7eef9d2795bdf66,b3cd78d65e912b7d2f84c406ff91bc9ae644db3a,2023-09-26,controllers/admin/AdminImagesController.php,BO,bo,facile,34060,8.1.x,AdminImagesControllerCore::beforeUpdateOptions,1,6,BO-PHP version generates an exception when saving Image settings,Fix image configuration
33953,https://github.com/PrestaShop/PrestaShop/issues/33953,https://github.com/PrestaShop/PrestaShop/pull/33954,51c86ca76c9e7de243d3bca136c7bc5f18811c03,b21f221185a8e3c818c84df891bf09361bc24c62,2023-09-28,classes/Tools.php|classes/controller/FrontController.php,FO,fo,moyen,33954,8.1.x,ToolsCore::setCurrency|FrontControllerCore::init,2,50,Undefined context currency in actionCartSave,Fix undefined currency if cart is updated before currency is assigned to the context
33642,https://github.com/PrestaShop/PrestaShop/issues/33642,https://github.com/PrestaShop/PrestaShop/pull/34078,b21f221185a8e3c818c84df891bf09361bc24c62,ec4f7dd8b665a57cd1b40337a70cc0e3a5a87253,2023-09-29,classes/Tools.php|src/Core/Util/String/StringModifier.php|tests/Unit/Core/Util/String/StringModifierTest.php,FO,fo,difficile,34078,8.1.x,ToolsCore::link_rewrite|StringModifier::str2url|StringModifierTest::testStr2url|StringModifierTest::str2UrlProvider,4,35,Persian alphabets changes to English in the URL,Fix URL with accented chars
33862,https://github.com/PrestaShop/PrestaShop/issues/33862,https://github.com/PrestaShop/PrestaShop/pull/34153,b03f6eb1fbaef72a8aa9c530ca029fdc7ca42c83,4be01df194be0bba74febaddbe45353cd48bfa85,2023-10-04,src/PrestaShopBundle/Controller/Admin/Sell/Catalog/FeatureValueController.php|src/PrestaShopBundle/Resources/config/routing/admin/sell/catalog/features.yml,BO,bo,facile,34153,develop,FeatureValueController::exportAction|(yml),2,8,Export feature value not working,Fix feature values export
34234,https://github.com/PrestaShop/PrestaShop/issues/34234,https://github.com/PrestaShop/PrestaShop/pull/34235,3e559f4c1d26509e95c164e54d8f9cb813ce7b36,2a50f63e1e4375a3c8976ea1434707e139ee072b,2023-10-12,admin-dev/themes/default/template/controllers/modules/configuration_bar.tpl,BO,bo,facile,34235,develop,(tpl),1,2,"In the BO footer, the current shop is displayed between <strong> tags",Allow html tags in BO module footer
34206,https://github.com/PrestaShop/PrestaShop/issues/34206,https://github.com/PrestaShop/PrestaShop/pull/34207,66d7e978cfc289be9b5225a5612b2b6688f7e44f,9f484b0e5c6c9973e42e8787700ba48825615aaf,2023-10-17,controllers/front/CartController.php,FO,fo,facile,34207,8.1.x,CartControllerCore::processChangeProductInCart,1,2,[FO] Cart update not triggered at add to cart if one product quantity is higher than stock quantity,Don't check all product availability in cart on add to cart action
34197,https://github.com/PrestaShop/PrestaShop/issues/34197,https://github.com/PrestaShop/PrestaShop/pull/34305,f9acc10f708ebd1b9038b3d8f587abd79046daf8,cf52771183478137999e5d9f045de397da5ac92f,2023-10-19,src/PrestaShopBundle/Resources/views/Admin/TwigTemplateForm/prestashop_ui_kit_base.html.twig,BO,bo,facile,34305,develop,(twig),1,9,PPV2 - multistore - Exception is displayed when I change my context shop while editing a product,Fix ButtonCollectionType groups splitting
34142,https://github.com/PrestaShop/PrestaShop/issues/34142,https://github.com/PrestaShop/PrestaShop/pull/34351,9f484b0e5c6c9973e42e8787700ba48825615aaf,407dc533942270e06969c50bb912564e9374e6d3,2023-10-23,controllers/admin/AdminProductsController.php,BO,fo+bo,facile,34351,8.1.x,AdminProductsControllerCore::ajaxProcessaddProductImage,1,2,Backoffice does not create thumbnails when inserting product images using old backoffice product page - 8.1.2,Fix legacy page images
33965,https://github.com/PrestaShop/PrestaShop/issues/33965,https://github.com/PrestaShop/PrestaShop/pull/34343,c841d769cbd11db195d834be4e8e09e9b401920b,c0cfe79b9964fe47d1e406e569887c159d77cdb7,2023-10-26,admin-dev/themes/new-theme/js/pages/product/combination/combination-modal/CombinationModal.vue|tests/UI/campaigns/productV2/functional/03_CRUDProductWithCombinations.ts|tests/UI/pages/BO/catalog/productsV2/add/combinationsTab.ts,BO,bo,moyen,34343,8.1.x,initCombinationIds|it|(hors fonction)|constructor,4,20,Product V2 [Combination Tab] - Cannot click on next or previous combination,Fix combination modal changes detection
34418,https://github.com/PrestaShop/PrestaShop/issues/34418,https://github.com/PrestaShop/PrestaShop/pull/34419,c0cfe79b9964fe47d1e406e569887c159d77cdb7,ef67551aee3d78c8f212ba28b21e1106b52e93f0,2023-10-30,src/PrestaShopBundle/Form/Admin/Sell/Product/Pricing/UnitPriceType.php,BO,bo,facile,34419,8.1.x,(hors fonction)|UnitPriceType::buildForm,2,7,Product UnitPrice should be allowed to be Zero even when displayed,Allow unit price to be zero even when displayed
26385,https://github.com/PrestaShop/PrestaShop/issues/26385,https://github.com/PrestaShop/PrestaShop/pull/34407,ca4b826badbed1477ef4222286fdb4144228ef8a,212046473993c21bb404a350eb1600d5d1ebe6ce,2023-10-31,admin-dev/themes/default/scss/controllers/_themes.scss,BO,fo+bo,facile,34407,develop,(scss),1,6,Theme selector preview image fitting problem BO/multistore,Theme with the right width in multistore creation
34442,https://github.com/PrestaShop/PrestaShop/issues/34442,https://github.com/PrestaShop/PrestaShop/pull/34441,98593661e8afb611f37aa19aa0a75017cdae767f,31b0f481598d45c64bbeb56365a6065f7342133f,2023-11-02,src/Adapter/Product/Update/ProductDuplicator.php,BO,bo,facile,34441,8.1.x,ProductDuplicator::bulkInsert,1,4,The duplication of products doesn't allow apostrophes (') in the customization field,Fixed SQL apostrophe (') incompatibility
33699,https://github.com/PrestaShop/PrestaShop/issues/33699,https://github.com/PrestaShop/PrestaShop/pull/33700,08532e995dc68fa47abfc59555dc47e20ef49af0,922ae89a576d5be769c4b1103f11e5ff9f30aaa5,2023-11-02,classes/Tools.php,FO,fo,facile,33700,develop,ToolsCore::generateHtaccess,1,3,Prevent directory listings in the htaccess for Apache,Add an instruction in htaccess to prevent directory listings
32416,https://github.com/PrestaShop/PrestaShop/issues/32416,https://github.com/PrestaShop/PrestaShop/pull/34438,9deaea94a629953a2ffd5afda9339b6cb572abdf,e98003defc99f0779f3250f265ff5f21b00a83e0,2023-11-06,controllers/admin/AdminImportController.php|js/admin/import.js,BO,bo,moyen,34438,8.1.x,AdminImportControllerCore::ajaxProcessDeleteImportMatchs|(hors fonction),2,4,Prestashop 8 CSV Import Load Saved configuration not working,Fix BO CSV import - broken functionality
34483,https://github.com/PrestaShop/PrestaShop/issues/34483,https://github.com/PrestaShop/PrestaShop/pull/34376,5016048c119f74f954772e777f845af15d0bf415,aeb76e380c36eb5ccd4c4649207ed4c3f59f1ca9,2023-11-06,src/Adapter/Presenter/Product/ProductLazyArray.php,FO,fo,facile,34376,develop,ProductLazyArray::getCombinationSpecificData,1,2,Order Confirmation : Switch language is broken,Fix potential TypeError in ProductLazyArray.php
32317,https://github.com/PrestaShop/PrestaShop/issues/32317,https://github.com/PrestaShop/PrestaShop/pull/34450,e98003defc99f0779f3250f265ff5f21b00a83e0,0402ab090c4883ba6209efa2bf3a4a8eeb91c481,2023-11-08,classes/tax/TaxRulesGroup.php,BO,bo,facile,34450,8.1.x,TaxRulesGroupCore::historize,1,4,Unknown column 'id_tax_rules_group' in 'where clause' while TaxRuleGroup updating,Fix TaxRulesGroup try to update removed column
34347,https://github.com/PrestaShop/PrestaShop/issues/34347,https://github.com/PrestaShop/PrestaShop/pull/34600,ef5f1e2157cc295b0e0275558b012cbc386ca6dd,19737c1dd2f20fd6b64e7f292832dae8a032abf3,2023-11-17,admin-dev/themes/new-theme/js/app/utils/serp/index.js,BO,fo+bo,facile,34600,8.1.x,checkDesc,1,2,8.1.2 new style of product page has a critical problem on short description if not present the p tag,Remove unnecessary Jquery selector in SerpApp.
34174,https://github.com/PrestaShop/PrestaShop/issues/34174,https://github.com/PrestaShop/PrestaShop/pull/34598,24623e87cf70ad0c846d3b78bcf4de24593a72ea,61da3a36447e0176d0e22d964bcbc9f88754ee98,2023-11-20,src/Adapter/Search/SearchProductSearchProvider.php,FO,fo,facile,34598,develop,SearchProductSearchProvider::runQuery,1,2,Product Search Relevance Option is Reversed When Manually Selected,Fix sorting by Relevance in search results (develop branch version)
34174,https://github.com/PrestaShop/PrestaShop/issues/34174,https://github.com/PrestaShop/PrestaShop/pull/34317,19b9164b22a4abaec14a0f7e3192e1807dd38af3,ff9e14d7b2b7a18b77710c552fe67bf0ae700d39,2023-11-20,src/Adapter/Search/SearchProductSearchProvider.php,FO,fo,moyen,34317,8.1.x,(hors fonction)|SearchProductSearchProvider|SearchProductSearchProvider::__construct|SearchProductSearchProvider::runQuery,4,26,Product Search Relevance Option is Reversed When Manually Selected,Fix sorting by Relevance in search results
34518,https://github.com/PrestaShop/PrestaShop/issues/34518,https://github.com/PrestaShop/PrestaShop/pull/34523,ad75d3098092f26ca8369006b43e5224cb938c4b,f710c6f3a6a1f4245bb29bff7b9b83aefcded09a,2023-11-21,classes/Product.php|controllers/front/ProductController.php,FO,fo,moyen,34523,8.1.x,ProductCore::computeUnitPriceRatio|ProductControllerCore::initContent,2,14,Unit price of combination of zero-priced product is considered zero even if it is not,Fix combination unit price math
33486,https://github.com/PrestaShop/PrestaShop/issues/33486,https://github.com/PrestaShop/PrestaShop/pull/34647,4ab2b49f6dd5ad21d3eecd99c9c3cde92058739f,3087492d79cb521ee9e4bb598c91ad936d0a7502,2023-11-22,controllers/admin/AdminSpecificPriceRuleController.php,BO,bo,facile,34647,8.1.x,AdminSpecificPriceRuleControllerCore::renderForm,1,4,Cannot add specific price rule,Add empty string check for price in Catalog price rules
34358,https://github.com/PrestaShop/PrestaShop/issues/34358,https://github.com/PrestaShop/PrestaShop/pull/34625,2ee8ac114226d9724cf4036cbe529994e188a8b3,d5a3db765734408860dc77412f0cd2dbeab16e79,2023-11-23,src/Adapter/Product/Combination/Update/CombinationStockUpdater.php|src/PrestaShopBundle/Resources/config/services/adapter/product/_combination.yml,BO,fo+bo,moyen,34625,8.1.x,(hors fonction)|CombinationStockUpdater|CombinationStockUpdater::__construct|CombinationStockUpdater::updateStockAvailable|CombinationStockUpdater::saveMovement|(yml),6,21,New product page style - doesn't pass  $params['id_product_attribute'] to its hook when the product has combinations,"Add hook ""actionUpdateQuantity"" in product v2"
34692,https://github.com/PrestaShop/PrestaShop/issues/34692,https://github.com/PrestaShop/PrestaShop/pull/34695,764b411e1b610e8d92923e5356d00aee8fb464fc,c3adb4c4df14e16985f3cd92185b7705dc545e16,2023-11-29,src/Adapter/Presenter/Product/ProductLazyArray.php,FO,fo+bo,moyen,34695,8.1.x,ProductLazyArray::addQuantityInformation,1,34,FO - Product with 0 quantity show us a date with : 0000-00-00,Better validate availability date
34229,https://github.com/PrestaShop/PrestaShop/issues/34229,https://github.com/PrestaShop/PrestaShop/pull/34715,d58deabdc1f3d93f2c9a9d2cd8ed6b4c34f5871d,79dc55f8a1e5687c8222b8902bfdd3e451bd492d,2023-12-01,src/Adapter/Product/Combination/Repository/CombinationRepository.php|tests/Integration/Behaviour/Features/Context/Domain/Product/Combination/SearchProductCombinationFeatureContext.php|tests/Integration/Behaviour/Features/Scenario/Product/Combination/search_product_combinations.feature,BO,bo,difficile,34715,8.1.x,CombinationRepository::searchCombinationIdsByAttributes|SearchProductCombinationFeatureContext::transformProductCombinationsResult|(feature),3,39,PPV2 - Specific prices can't be created for a particular combination,Fix combination search in PPV2 specific price
34652,https://github.com/PrestaShop/PrestaShop/issues/34652,https://github.com/PrestaShop/PrestaShop/pull/34699,79dc55f8a1e5687c8222b8902bfdd3e451bd492d,10a7c902ad15e0baa3be50c86c1fe388cca691b0,2023-12-01,admin-dev/themes/new-theme/js/pages/product/specific-price/form/customer-selector.ts,BO,bo,moyen,34699,8.1.x,constructor,1,35,PPV2 - Pricing tab - Can't apply a specific price to a customer in particular,Fix customer search in specific price PPV2
34717,https://github.com/PrestaShop/PrestaShop/issues/34717,https://github.com/PrestaShop/PrestaShop/pull/34721,b76814e535f321e580a9eb6b9f4c1672aa511551,e452b29d46df8ad11ec08a8fc1727cc09d242520,2023-12-05,classes/controller/FrontController.php,BO,bo,facile,34721,develop,FrontControllerCore::buildContainer,1,3,Script admin/init.php fails on develop,Fix use of front_legacy_context constant in FrontController
13505,https://github.com/PrestaShop/PrestaShop/issues/13505,https://github.com/PrestaShop/PrestaShop/pull/34370,e452b29d46df8ad11ec08a8fc1727cc09d242520,55e08e9dc1c526f27ae6a6c1d1251ed1d743470b,2023-12-05,classes/controller/FrontController.php,FO,fo,facile,34370,develop,FrontControllerCore::displayMaintenancePage,1,1,errors/maintenance.tpl does not include custom.css in head,Load theme css on maintenance page
34601,https://github.com/PrestaShop/PrestaShop/issues/34601,https://github.com/PrestaShop/PrestaShop/pull/34857,625604c728a2d4c64be146d9674522931bfcd944,c4eadd022ee67154a751fb245fe70df7339aa73c,2023-12-20,controllers/admin/AdminImportController.php,BO,bo,facile,34857,8.1.x,AdminImportControllerCore::productImportOne,1,5,Import removes categories in product card,"Fix product csv import wiping category assignments, fixes #34601"
34670,https://github.com/PrestaShop/PrestaShop/issues/34670,https://github.com/PrestaShop/PrestaShop/pull/34698,88b8af17b4178289d434fccd7a55c14238d976e7,f6f70b7acfd9529af7fb7b09ce88e9a3b1df846b,2024-01-15,classes/controller/FrontController.php,FO,cli,facile,34698,8.1.x,FrontControllerCore::init|FrontControllerCore::geolocationManagement,2,16,Front controller called in cli is blocked by ssl redirection and maintenance mode,Allow Front controller called in cli if ssl is on or maintenance mode is on in 8.1
35003,https://github.com/PrestaShop/PrestaShop/issues/35003,https://github.com/PrestaShop/PrestaShop/pull/34873,8d5e8543cf3611eb476aee1f599952402eeb1ded,44f7861ef5a26913994c3f40be0e7d1e8544d109,2024-01-18,src/Adapter/EntityMapper.php,BO,?,facile,34873,8.1.x,EntityMapper::load,1,7,PS 8.1.1 break BC with ObjectModel having translatable bool fields,Prevent uncheck cast
34374,https://github.com/PrestaShop/PrestaShop/issues/34374,https://github.com/PrestaShop/PrestaShop/pull/35131,02762c870ebeeb6dedfc74987dc51f0eeddd20b3,e449fbd274dca50017e08c892bae2c92ad30b841,2024-01-23,README.md,PM,?,facile,35131,develop,(md),1,2,"Broken ""See all the available features"" link in README",Fix broken features link in README
35136,https://github.com/PrestaShop/PrestaShop/issues/35136,https://github.com/PrestaShop/PrestaShop/pull/35139,305d8af735900d30db1926f64559fe968d4068b8,5f0a1bc20cf1968d4e8c9c48f1c435247ec1cd71,2024-01-25,admin-dev/themes/new-theme/template/components/layout/mobile_quickaccess.tpl|admin-dev/themes/new-theme/template/components/layout/quick_access.tpl,BO,bo,moyen,35139,develop,(tpl)|(tpl),2,32,Warning on every Backoffice page when there are no Quick Access pages created,Fix smarty foreach loop on boolean variable $quick_access in BO
34080,https://github.com/PrestaShop/PrestaShop/issues/34080,https://github.com/PrestaShop/PrestaShop/pull/35021,7479f3bbcc5e7b572d3daef819d55a50e241f00c,f919a5999344f0b079542af32b938712a39a66d6,2024-01-30,classes/form/CustomerAddressForm.php,FO,fo,facile,35021,8.1.x,CustomerAddressFormCore::fillWith,1,7,Address form not work properly in customer account area,Fix Address form not work properly in customer account area
35233,https://github.com/PrestaShop/PrestaShop/issues/35233,https://github.com/PrestaShop/PrestaShop/pull/35234,b5d2e998e5029fec8add0656f9e9c597ae7e3898,06853a42b06b084f91e527c79b22c790d3f5bfca,2024-02-01,src/Core/Grid/Definition/Factory/CustomerViewedProductGridDefinitionFactory.php,BO,fo+bo,facile,35234,develop,CustomerViewedProductGridDefinitionFactory::getColumns,1,2,BO - Customer page throws exception when the customer deletes his addresses from his shopping cart,Fix route name
19393,https://github.com/PrestaShop/PrestaShop/issues/19393,https://github.com/PrestaShop/PrestaShop/pull/35166,5ee5d553af27ae95f2173711ea8cf3cd66475e3e,900bb460c0219a270717198bea9ff2d128accf30,2024-02-14,classes/controller/FrontController.php,FO,fo+bo,facile,35166,8.1.x,FrontControllerCore::init,1,13,CART RULE - cart rule is applied even when you disabled,Validate cart rule actions on load
31797,https://github.com/PrestaShop/PrestaShop/issues/31797,https://github.com/PrestaShop/PrestaShop/pull/35321,33082bf9cad2fc061f6b34dab42c10a2500999d3,04bd263e8b307c063ee151387d8403c24cec9719,2024-02-22,controllers/front/listing/CategoryController.php,BO,cli,facile,35321,8.1.x,CategoryControllerCore::init|CategoryControllerCore::initContent,2,3,Disallow display of category from other shop,Fix display of categories from other shops
33890,https://github.com/PrestaShop/PrestaShop/issues/33890,https://github.com/PrestaShop/PrestaShop/pull/35439,b161323439b2d21385b42afac1b838721111104a,43e44cadbf2a5c0885028b685c2815e4a25ddc4c,2024-02-23,classes/pdf/HTMLTemplateOrderSlip.php,BO,bo,facile,35439,develop,HTMLTemplateOrderSlipCore::getContent,1,2,Error 500 when generating credit slips just for delivery fees,Fixed sort error after generation of credit slip just for delivery fees; refs #33890
35410,https://github.com/PrestaShop/PrestaShop/issues/35410,https://github.com/PrestaShop/PrestaShop/pull/35418,aea03473ad539aed690c7f4bff0ce7a18204ceca,a72cc0aaad68d20166daa691276af360f95f92fb,2024-02-26,controllers/front/PasswordController.php,FO,fo,facile,35418,8.1.x,(hors fonction)|PasswordControllerCore::changePassword,2,29,The new password policy is not present in the reset password page,Fix: The new password policy is not present in the reset password page #35410
35367,https://github.com/PrestaShop/PrestaShop/issues/35367,https://github.com/PrestaShop/PrestaShop/pull/35372,ea9bca912d6a7471b9da32cd6105ac6b4f2db1e9,6d1978ce03bce0b53c2e197113741bc2318ef1d8,2024-02-26,classes/Cart.php|controllers/front/CartController.php,FO,fo,difficile,35372,8.1.x,CartCore::getProducts|CartCore::checkQuantities|CartControllerCore::processChangeProductInCart|CartControllerCore::shouldAvailabilityErrorBeRaised,4,41,A pack set to `Decrement products in pack only.` cannot be added to cart,Fix A pack set to Decrement products in pack only. cannot be added to cart
33818,https://github.com/PrestaShop/PrestaShop/issues/33818,https://github.com/PrestaShop/PrestaShop/pull/35351,6d1978ce03bce0b53c2e197113741bc2318ef1d8,9f01802e9baa6efdf196967a9fc713ba38f72b4e,2024-02-26,classes/PrestaShopBackup.php,BO,cli,facile,35351,8.1.x,PrestaShopBackupCore::add,1,24,Backup changes data,Fix backup tool creating nulls
19132,https://github.com/PrestaShop/PrestaShop/issues/19132,https://github.com/PrestaShop/PrestaShop/pull/35322,a72cc0aaad68d20166daa691276af360f95f92fb,ea9bca912d6a7471b9da32cd6105ac6b4f2db1e9,2024-02-26,src/Adapter/Presenter/Order/OrderDetailLazyArray.php,FO,fo,facile,35322,8.1.x,OrderDetailLazyArray::getShipping,1,2,Different shipping costs in the order history page (FO),Fix shipping cost on order details page - backport from v9
35537,https://github.com/PrestaShop/PrestaShop/issues/35537,https://github.com/PrestaShop/PrestaShop/pull/35530,628ab4f879212eeae6f672c8e46f4756514d2769,debcf49ec217a2ade9b048439cc0dacd27b1328a,2024-03-01,controllers/front/PdfInvoiceController.php,FO,fo,facile,35530,8.1.x,PdfInvoiceControllerCore::postProcess,1,7,Impossible to download PDF invoice for guest order,Fix invoice download for non logged in customer
35009,https://github.com/PrestaShop/PrestaShop/issues/35009,https://github.com/PrestaShop/PrestaShop/pull/35023,1355ba17428cd99d7b9029b37482d98f76b068b5,17b193e98fb85d882d3a55e78727552a838ca229,2024-03-01,controllers/admin/AdminImportController.php,BO,fo+bo,facile,35023,8.1.x,AdminImportControllerCore::storeContactImportOne|AdminImportControllerCore::importByGroups,2,13,BO - Import/Export - Can't import Store contact,Fix: BO - Import/Export - Can't import Store contact
35280,https://github.com/PrestaShop/PrestaShop/issues/35280,https://github.com/PrestaShop/PrestaShop/pull/35384,3ae76430e28caa440cd61298034cdad92fe24225,35273918e983c8dc59aec0d250b816399cf2bf6f,2024-03-06,src/PrestaShopBundle/Controller/Api/StockController.php,BO,bo,facile,35384,8.1.x,StockController::listProductsAction,1,8,Catalog - Stocks  - multiple filters not working,Fix: Catalog - Stocks - multiple filters not working
33084,https://github.com/PrestaShop/PrestaShop/issues/33084,https://github.com/PrestaShop/PrestaShop/pull/35587,c97b7338dabad99e243d9523ae062c2fad9796c4,230626618459d65428ae040973146718fd25e6f2,2024-03-13,classes/controller/AdminController.php,CO,cli,facile,35587,8.1.x,AdminControllerCore::postProcess,1,8,$this->action is null in postProcess method,Fix $action variable in postProcess method
35362,https://github.com/PrestaShop/PrestaShop/issues/35362,https://github.com/PrestaShop/PrestaShop/pull/35584,5b7b8a68675f01a4450444b4545cb3489608192b,a1206cce2023b22a66be631c64148d26d1759f2b,2024-03-14,pdf/order-return.summary-tab.tpl,BO,fo+bo,facile,35584,8.1.x,(tpl),1,2,Merchandise returns pdf file - a deprecation alert is displayed on the return form,Fix(merchandise-return): deprecation alert is displayed on the return form
35296,https://github.com/PrestaShop/PrestaShop/issues/35296,https://github.com/PrestaShop/PrestaShop/pull/35621,a06cfc5fa72331b85f7863ff73ba10ce08d44e34,4c683aee26190c5b5e43eb4a75fa1ce0b476d95a,2024-03-25,src/Core/Module/ModuleRepository.php,BO,bo,facile,35621,8.1.x,ModuleRepository::clearCache,1,10,The button to install a module disappears or doesen´t update.,Fix: Clear cache module multishop
35591,https://github.com/PrestaShop/PrestaShop/issues/35591,https://github.com/PrestaShop/PrestaShop/pull/35771,9c9b6fe2f0d038e897205904b94b3026bd9e06d8,0b79c564ab43de79949337e943933a7521c84f57,2024-04-04,src/Core/Grid/Query/AttributeGroupQueryBuilder.php|src/PrestaShopBundle/Resources/config/services/core/grid/doctrine_query_builder.yml,BO,bo,difficile,35771,develop,(hors fonction)|AttributeGroupQueryBuilder|AttributeGroupQueryBuilder::__construct|AttributeGroupQueryBuilder::getSearchQueryBuilder|AttributeGroupQueryBuilder::getQueryBuilder|(yml),6,52,Regression on the migrated Attributes pages,Updated query to remove subquery
35811,https://github.com/PrestaShop/PrestaShop/issues/35811,https://github.com/PrestaShop/PrestaShop/pull/35812,dca7bbe3b5f7b4977087fe6a60af5c2fb9163c38,9b30c746b25d5e9ea7b3307347cf290bc7a12d23,2024-04-09,classes/Cart.php|controllers/front/ProductController.php|src/Adapter/Presenter/Product/ProductLazyArray.php,FO,fo,difficile,35812,8.1.x,CartCore::getProducts|ProductControllerCore::getTemplateVarProduct|ProductLazyArray::addPriceInformation,3,34,Unit price not working correctly outside of product page and cart,Fix unit price everywhere
35802,https://github.com/PrestaShop/PrestaShop/issues/35802,https://github.com/PrestaShop/PrestaShop/pull/35861,78bcfe5dd5d5b1addbc5cbcf9d13c973e459b7c8,ecbbfb2bb3165868711ca998ad51ca938c7c4f77,2024-04-10,classes/pdf/HTMLTemplateOrderSlip.php,BO,bo,facile,35861,8.1.x,HTMLTemplateOrderSlipCore::getContent,1,2,BO > Orders - Exception displayed when I create a credit slip with only Shipping cost,Update HTMLTemplateOrderSlip.php to fix #35802
35591,https://github.com/PrestaShop/PrestaShop/issues/35591,https://github.com/PrestaShop/PrestaShop/pull/35863,b598b97fe8a241e72fa88772a53d4cfd913cd5f3,fbf1daf731e8fd36312ebca5462a365302a8641b,2024-04-12,src/PrestaShopBundle/Controller/Admin/Sell/Catalog/AttributeController.php,BO,bo,facile,35863,develop,AttributeController::editAction,1,2,Regression on the migrated Attributes pages,Fixed title in attribute value form
30422,https://github.com/PrestaShop/PrestaShop/issues/30422,https://github.com/PrestaShop/PrestaShop/pull/34917,ca7c73a6cb1a229e33e15ff939fc4e075b0029f0,e051349964c86756745b3ee0c4b6a135c9946fd3,2024-04-29,controllers/admin/AdminGroupsController.php,BO,bo,facile,34917,develop,AdminGroupsControllerCore::initProcess,1,5,Customer Groups - Can't add a new customer group when saving Default groups options,Groups list : display new group buttons even after saving options
34079,https://github.com/PrestaShop/PrestaShop/issues/34079,https://github.com/PrestaShop/PrestaShop/pull/34823,2937cae599dcf5b4ada6914925eccdb2fa6cbfc3,32495d651cf0f53eb770098f287b83ffed4dccf2,2024-04-29,src/Adapter/Product/Update/ProductDuplicator.php,BO,bo,facile,34823,8.1.x,ProductDuplicator::duplicateProduct,1,1,date_add field not updated when duplicating a product,Sets the current date on the duplicate product
33157,https://github.com/PrestaShop/PrestaShop/issues/33157,https://github.com/PrestaShop/PrestaShop/pull/36052,3ff08f82511afe038bb1021381b6c1213bdcc1c1,8670a279b1f40bae769d594427d6dec6b3cbbe86,2024-04-30,src/Adapter/CartRule/Repository/CartRuleRepository.php,BO,bo,facile,36052,develop,CartRuleRepository::removeRestrictedCartRules|CartRuleRepository::removeRestrictionsByName,2,8,MariaDB Incompatibility,Removed useless aliases which cause issue with MariaDB
35612,https://github.com/PrestaShop/PrestaShop/issues/35612,https://github.com/PrestaShop/PrestaShop/pull/36101,453dfe208efea1a7720f05ccea024a29b45788b7,2544f8c130447d6ca872d96e7791562fa7067e0e,2024-05-07,js/admin/modules-position.js,BO,bo,facile,36101,develop,modulesPositionFilterHooks,1,2,BO > Design > Positions : Can't hook a module,Fix display of available hooks for a module
35341,https://github.com/PrestaShop/PrestaShop/issues/35341,https://github.com/PrestaShop/PrestaShop/pull/35565,607b567270b931e3492f8036e4d2e1817b5bfcbc,5505ec655147961c5e94741ead9e2120eec3b591,2024-05-13,classes/assets/JavascriptManager.php|classes/assets/StylesheetManager.php,FO,fo,facile,35565,8.1.x,JavascriptManagerCore::add|StylesheetManagerCore::add,2,6,'Version' param from registerJavascript and registerStylesheet break CCC ,Fix CCC error for path with version
36064,https://github.com/PrestaShop/PrestaShop/issues/36064,https://github.com/PrestaShop/PrestaShop/pull/36074,0420c9969843c4309c16ead0d7b1f33acbe50d31,55c8b196d9054013c440c71e1084afbd5f9e89ed,2024-05-15,classes/Cart.php,FO,fo,moyen,36074,8.1.x,CartCore::getNbOfPackages|CartCore::getDeliveryOptionList,2,36,Problem adding products with no shipping carrier to the state or country of the buyer,Fix specific scenario when multiple carriers are used.
36010,https://github.com/PrestaShop/PrestaShop/issues/36010,https://github.com/PrestaShop/PrestaShop/pull/36027,6fe208192e08b33b02e1cda3aa46f41851c7cf6a,d19621b9431de06461379e61192e3000b8c62a35,2024-05-21,admin-dev/themes/new-theme/js/pages/attribute/form/attribute-form-map.ts|admin-dev/themes/new-theme/js/pages/attribute/form/index.ts|src/PrestaShopBundle/Form/Admin/Sell/Catalog/AttributeType.php,BO,bo,difficile,36027,develop,(hors fonction)|(hors fonction)|(hors fonction)|AttributeType::buildForm,4,51,related #35591 -bug 3 :  Attribute value list doesn't adapt itself if the attribute type changes,Dynamic form fields based on choice of attribute-group field (attribute form)
36212,https://github.com/PrestaShop/PrestaShop/issues/36212,https://github.com/PrestaShop/PrestaShop/pull/36229,061a99e5e619eecefab62ea9e07ba6235397e307,1fadf7d9206ccaac90152b24947381f34426f8b3,2024-05-24,src/PrestaShopBundle/Routing/LegacyRouterChecker.php,BO,bo,facile,36229,develop,LegacyRouterChecker::check,1,4,Employee is not granted read on controller ...,Fix the reformating of legacy controller class name
36161,https://github.com/PrestaShop/PrestaShop/issues/36161,https://github.com/PrestaShop/PrestaShop/pull/36160,e04b7faef79c1ae3a95fe105963463e69cb94432,1e5ff1fd3fa2bc6970a2aff9000e19ac2ba6ca44,2024-06-13,src/PrestaShopBundle/Translation/TranslatorLanguageLoader.php,CO,?,facile,36160,develop,TranslatorLanguageLoader::loadLanguage|TranslatorLanguageLoader::loadModuleTranslations,2,2,Traductions files ignored when symlink,Follow symlinks for traductions - Deployer best practice
35888,https://github.com/PrestaShop/PrestaShop/issues/35888,https://github.com/PrestaShop/PrestaShop/pull/35902,31f0dd295345cea9265a17c7a79c43f645245117,1d31acbf2322305b7d1efb1bb7dc2a7776b5eb4f,2024-06-13,controllers/front/ProductController.php,FO,fo+bo,facile,35902,8.1.x,ProductControllerCore::displayAjaxRefresh|ProductControllerCore::getTemplateVarProduct|ProductControllerCore::getRequiredQuantity,3,10,"FO - minimum qty input on products listing, product detail pages and quick view",Fix min qty in front ProductController
36165,https://github.com/PrestaShop/PrestaShop/issues/36165,https://github.com/PrestaShop/PrestaShop/pull/36171,9a2d8beb9857b765b17a057fc34a500e2ca3933f,b5c29fdb5e5429579a326af288074dd0a8cafbc4,2024-06-25,admin-dev/themes/default/template/controllers/statuses/helpers/form/form.tpl|js/admin.js,BO,bo,difficile,36171,8.1.x,(tpl)|gencode|viewTemplates,3,18,"Remove email ""Preview"" from BO section ""Statutes"" (because it's not working)","View templatesRemove email ""Preview"" from BO section ""Statutes"" (because it's not working)"
36456,https://github.com/PrestaShop/PrestaShop/issues/36456,https://github.com/PrestaShop/PrestaShop/pull/36472,7ad13cf6517418c8379f2a089a9bab727ef2fcbe,a9b156e03b5a97d6f4cb5c18e1f28c3d2a6a2002,2024-07-02,controllers/front/ProductController.php,FO,fo,facile,36472,develop,ProductControllerCore::getTemplateVarProduct,1,2,"hummingbird - Product page : can't change the quantity via input, the quantity 1 is always displayed",Fix `cart_quantity` in front ProductController
36458,https://github.com/PrestaShop/PrestaShop/issues/36458,https://github.com/PrestaShop/PrestaShop/pull/36457,fd4691c92479662c92896999edc342265b613718,9f14e06bc605e2c76213ac9262e475b0c5a7d353,2024-07-02,src/Adapter/Product/AdminProductWrapper.php,BO,bo,facile,36457,8.1.x,AdminProductWrapper::getSpecificPricesList,1,3,Hardcoded Language ID in getAttributesName Call Leads to Incorrect Attribute Names,Fix: Pass correct language ID to getAttributesName instead of hardcoded 1
36421,https://github.com/PrestaShop/PrestaShop/issues/36421,https://github.com/PrestaShop/PrestaShop/pull/36454,9f14e06bc605e2c76213ac9262e475b0c5a7d353,d113ebef0840535023fd3257ef68cb46097db7f4,2024-07-05,classes/Customer.php|controllers/front/GuestTrackingController.php|controllers/front/OrderConfirmationController.php,FO,fo+bo,moyen,36454,8.1.x,CustomerCore::transformToCustomer|GuestTrackingControllerCore::postProcess|OrderConfirmationControllerCore::postProcess,3,22,It's possible to create two customers with the same email address while transforming from guest,Prevent creating duplicate customers in some scenarios
36024,https://github.com/PrestaShop/PrestaShop/issues/36024,https://github.com/PrestaShop/PrestaShop/pull/36123,7ce345b324e0baf473077f90005a9e7a0eadd666,6c7874e8e770dd6faa1cb6105f555946e02e9050,2024-07-06,classes/order/OrderHistory.php,CO,?,facile,36123,develop,OrderHistoryCore::changeIdOrderState,1,8,Product Physical quantity in wrongly increased when Order status is changed,Fix quantity misadjustment on status change from Canceled to any non-loggable
34694,https://github.com/PrestaShop/PrestaShop/issues/34694,https://github.com/PrestaShop/PrestaShop/pull/34700,1960cabc75507596f341bad9d72bf7ca8bc9cf0c,640cf92487d699ee89fc106b8af3ea3fbf5bf7c9,2024-07-08,themes/_core/js/product.js,FO,fo,facile,34700,develop,updateProduct,1,2,Bug with the associated product,Update product.js
34326,https://github.com/PrestaShop/PrestaShop/issues/34326,https://github.com/PrestaShop/PrestaShop/pull/36521,d113ebef0840535023fd3257ef68cb46097db7f4,08e583fdbcdef50a6f665699bbcb389dbbfa6458,2024-07-10,controllers/admin/AdminDashboardController.php,BO,bo,facile,36521,8.1.x,AdminDashboardControllerCore::ajaxProcessSaveDashConfig,1,2,"BO - dashactivity, dashproduct - module can't be configured",Handle hook prefix to allow dashboard module to be saved
36401,https://github.com/PrestaShop/PrestaShop/issues/36401,https://github.com/PrestaShop/PrestaShop/pull/36403,2b4fd3ec6692934f599710ba4c6f0da71daedd93,e7ff7864dad168d3e0f49f41751ec03e98d5f0d6,2024-07-12,src/PrestaShopBundle/Form/Admin/Catalog/Category/AbstractCategoryType.php,BO,fo+bo,facile,36403,develop,AbstractCategoryType::buildForm,1,2,"develop - On category page, meta keywords helptext is duplicated",Fixing issue #36401 duplicated invalid text
36083,https://github.com/PrestaShop/PrestaShop/issues/36083,https://github.com/PrestaShop/PrestaShop/pull/36082,a2d3e0adeed79731a7e38413804b38d21a9a0e15,b06ac78c2bef8d58e385dd12200c46b2dfe960de,2024-07-29,classes/RequestSql.php,BO,bo,facile,36082,develop,RequestSqlCore::returnNameTable,1,2,fix error in PHP 8: count(): Argument #1 ($value) must be of type Countable,"Fix error in PHP 8:  count(): Argument #1 ($value) must be of type Countable|array, string given"
35976,https://github.com/PrestaShop/PrestaShop/issues/35976,https://github.com/PrestaShop/PrestaShop/pull/36664,804e438d2b92bd8a7b1edd72a5a3b79185dedd41,f603c38fe5551df1aee5bde41425aa3bfa618b67,2024-08-09,classes/Product.php,FO,fo,facile,36664,8.1.x,ProductCore::getAttributesParams|ProductCore::getAnchor,2,4,Combinations display private attribute names instead of public in the URL,Use attribute public name instead of private name in URL anchors -- r…
35190,https://github.com/PrestaShop/PrestaShop/issues/35190,https://github.com/PrestaShop/PrestaShop/pull/36653,5e49e65725d955925c31f128127c11c5c75bcb15,3c043f1dae58e23b0d9e5b211f13bee570b08b68,2024-08-14,src/Adapter/Cart/QueryHandler/GetCartForViewingHandler.php,BO,fo+bo,facile,36653,develop,GetCartForViewingHandler::handle,1,2,BO > Customer page - Exception thrown when I create an order from the BO with a customizable product,Fix missing id_address_delivery to fix #35190
36126,https://github.com/PrestaShop/PrestaShop/issues/36126,https://github.com/PrestaShop/PrestaShop/pull/36662,c9b19f9a829cb449bb2490cadccf2230c57da4f4,6a22fed32137479f78293c20d431b6053b5c6b51,2024-08-27,classes/order/Order.php,CO,?,facile,36662,8.2.x,OrderCore::setProductCurrentStock,1,2,"Problems OrderProductForViewing ""must be of type string (or int), null given"" and Memcached",Cast OrderProductForViewing - location to string for Memcached
36801,https://github.com/PrestaShop/PrestaShop/issues/36801,https://github.com/PrestaShop/PrestaShop/pull/36802,951f20483e35f7d9cd339b641964f9310078af0d,4e42c4d441bb9a9d1ec8d503d83e18beb34318f1,2024-09-09,classes/controller/AdminController.php,BO,fo+bo,facile,36802,8.2.x,AdminControllerCore::initHeader,1,2,Error occurs when navigating new admin controllers with empty quick access links,Fix: Error occurs when navigating new admin controllers with empty quick access links
33524,https://github.com/PrestaShop/PrestaShop/issues/33524,https://github.com/PrestaShop/PrestaShop/pull/36840,602f80a68bdd09ac1740ec3904342e9034a2932a,e0dc8380fd3a08549194fc2ab504081d17a1b72e,2024-09-10,app/config/doctrine.yml|src/PrestaShopBundle/DependencyInjection/Config/ConfigYamlLoader.php,CO,cli,moyen,36840,8.2.x,(yml)|ConfigYamlLoader::load,2,6,Error installing version 8.1 SSL connection error: SSL_CTX_set_default_verify_pat,Use PHP constants for doctrine config
36286,https://github.com/PrestaShop/PrestaShop/issues/36286,https://github.com/PrestaShop/PrestaShop/pull/36834,4e42c4d441bb9a9d1ec8d503d83e18beb34318f1,602f80a68bdd09ac1740ec3904342e9034a2932a,2024-09-10,classes/Product.php,FO,fo,facile,36834,8.2.x,ProductCore::addCustomizationPrice,1,4,Problems with Product Customizations,Fix: problems with product customizations issue 1
36599,https://github.com/PrestaShop/PrestaShop/issues/36599,https://github.com/PrestaShop/PrestaShop/pull/36736,44daff350de9e17cffd851ee4264d34989436bcb,f43d63178193d116bf890f8b73f2903c379c5486,2024-09-10,src/PrestaShopBundle/Resources/views/Admin/Layout/default_layout.html.twig|src/PrestaShopBundle/Resources/views/Admin/Layout/legacy_layout.html.twig,BO,bo,facile,36736,develop,(twig)|(twig),2,5,The maintenance mode link in the header no longer appears.,Fixing maintenance mode link in BO header
36759,https://github.com/PrestaShop/PrestaShop/issues/36759,https://github.com/PrestaShop/PrestaShop/pull/36876,7f2df46d5a993a04936ace178dc4245c739bdbbd,ca2f55241d83236f8085b704e9fe0a67a86bbb03,2024-09-12,src/PrestaShopBundle/Form/Admin/Improve/Shipping/Carrier/GeneralSettings.php,BO,bo,moyen,36876,develop,(hors fonction)|GeneralSettings|GeneralSettings::buildForm,3,15,New page carriers - bugs,Fix: handle error with uploaded logo on carrier form
36836,https://github.com/PrestaShop/PrestaShop/issues/36836,https://github.com/PrestaShop/PrestaShop/pull/36875,bcb8eca8fddcb4a0b61d56cccbb4101fc7973479,c6cf71fb6e8363b0b25fcbc450e25f7ae4cb0ced,2024-09-13,classes/db/DbPDO.php,CO,?,facile,36875,8.2.x,DbPDOCore::getPDO|DbPDOCore::_query,2,4,Incompatibility Issue with PDO Returning Integer Values with PHP 8.1,Add attr_stringify_fetches to PDO init config to avoid BC Break
36837,https://github.com/PrestaShop/PrestaShop/issues/36837,https://github.com/PrestaShop/PrestaShop/pull/36866,311c6b990e76640b39ea7598cdd32835fdce5f6f,ab4c97a4bf930902383de23f40a60721374d1b71,2024-09-13,classes/form/CustomerAddressForm.php,FO,fo,facile,36866,develop,CustomerAddressFormCore::submit,1,4,PHP 8.3 deprecation warnings,Fix: PHP 8.3 deprecation warnings
36904,https://github.com/PrestaShop/PrestaShop/issues/36904,https://github.com/PrestaShop/PrestaShop/pull/36905,c6cf71fb6e8363b0b25fcbc450e25f7ae4cb0ced,48d6e9ad43844ed470e3e11dd9163985e673b89e,2024-09-17,classes/Cart.php,FO,fo+bo,facile,36905,8.2.x,CartCore::_deleteCustomization,1,20,Cart.php class method _deleteCustomization not deleting all image files from same customization but only first,Fix: Cart.php class method _deleteCustomization not deleting all image files from same customization but only first
36894,https://github.com/PrestaShop/PrestaShop/issues/36894,https://github.com/PrestaShop/PrestaShop/pull/36895,da7faac1313d91dc4eda2a4367fc7bbad4d84690,6612fc0fe46cabf801b8673a1a41958f39ae82ef,2024-09-19,controllers/admin/AdminCartsController.php,BO,fo+bo,facile,36895,8.2.x,AdminCartsControllerCore::getOrderTotalUsingTaxCalculationMethod,1,1,"Error in Shopping Carts list with Multistore enabled when selecting ""All shops"" context",Update AdminCartsController.php
34199,https://github.com/PrestaShop/PrestaShop/issues/34199,https://github.com/PrestaShop/PrestaShop/pull/36807,327c9e42b556fcd676ff02376c00d8d8c3521061,61fa4a563827069c5e58fee1f3a907b82bbd0d51,2024-10-01,classes/Product.php,WS,http,facile,36807,8.2.x,ProductCore::setWsPositionInCategory,1,5,Trying to access array offset on value of type null Product.php,Move the array_unshift in Product::setWsPositionInCategory()
33374,https://github.com/PrestaShop/PrestaShop/issues/33374,https://github.com/PrestaShop/PrestaShop/pull/36880,4ee2309e572b18415a960758eb1a3369949e8f9a,a16df59958cd7579f0340b920d895cd6a7b82154,2024-10-02,src/Core/Context/LanguageContextBuilder.php|tests/Unit/Core/Context/LanguageContextBuilderTest.php,BO,fo+bo,difficile,36880,develop,LanguageContextBuilder::assertDefaultArguments|LanguageContextBuilder::buildLanguageContext|LanguageContextBuilder::buildLegacyContext|LanguageContextBuilderTest::testBuildLegacyContext,4,24,Blockwislist v3.0 : Call to a member function formatNumber() on null,Initialized locale in context
36443,https://github.com/PrestaShop/PrestaShop/issues/36443,https://github.com/PrestaShop/PrestaShop/pull/37191,9627479f4e8cdc12225e50f920a34963f247c1ea,18c3c007e6f4cc828c79a14b30b7fa6a9b0fd857,2024-10-21,src/Adapter/Presenter/Product/ProductLazyArray.php,FO,fo,facile,37191,8.2.x,ProductLazyArray::getSpecificReferences,1,4,Specific References not visible in version 8.1.7,Fix specific references
37028,https://github.com/PrestaShop/PrestaShop/issues/37028,https://github.com/PrestaShop/PrestaShop/pull/37030,e76b0fd129da6e84979d2233a6a073f5eb948a0f,9627479f4e8cdc12225e50f920a34963f247c1ea,2024-10-21,controllers/admin/AdminShopGroupController.php,BO,bo,facile,37030,8.2.x,AdminShopGroupControllerCore::renderForm,1,2,Multistore - Can't disable a group shop,Fix: Multistore - Can't disable a group shop
37202,https://github.com/PrestaShop/PrestaShop/issues/37202,https://github.com/PrestaShop/PrestaShop/pull/37208,320f0f8e33135ff083e42263c7cf260fd590d561,39882ccb72b3bedd6f768c0c5e2d9650952c2263,2024-10-23,src/Core/Grid/Definition/Factory/ProductGridDefinitionFactory.php|src/PrestaShopBundle/Form/Admin/Sell/Product/ProductSearchAndResetType.php|src/PrestaShopBundle/Resources/views/Admin/Sell/Catalog/Product/Grid/grid.html.twig,BO,bo,difficile,37208,9.0.x,(hors fonction)|ProductGridDefinitionFactory::getFilters|(nouveau fichier)|(twig),4,55,BO > Products : The reset for filter for categories & grid are not synchronized,Product category filter
37008,https://github.com/PrestaShop/PrestaShop/issues/37008,https://github.com/PrestaShop/PrestaShop/pull/37009,421110ae11c2a92b7a72245d8202f1cb51a8b08d,1981e30caa0bd7532547328f13e97aab6d13cbae,2024-10-25,classes/Mail.php,CO,?,facile,37009,9.0.x,MailCore::send,1,1,Add missing `replyToName` parameter to `actionEmailSendBefore` hook,Add replyToName parameter to Hook actionEmailSendBefore
37148,https://github.com/PrestaShop/PrestaShop/issues/37148,https://github.com/PrestaShop/PrestaShop/pull/37267,1d0711d428fe0b6631db9ac187345c29173a97c9,fc2922ff96471062f8329dd937abe546cb9d3e1e,2024-10-29,classes/CartRule.php,FO,fo,facile,37267,8.2.x,CartRuleCore::getContextualValue,1,4,Incorrect cart rule value in a product with specific price,Fix cart value amount
37144,https://github.com/PrestaShop/PrestaShop/issues/37144,https://github.com/PrestaShop/PrestaShop/pull/37220,11492634fce92ef6deb8c7ffcabe99884c982af6,eff09f04bff7ae118414c0043c04479e56ec0168,2024-10-29,controllers/admin/AdminTranslationsController.php,BO,bo,facile,37220,9.0.x,AdminTranslationsControllerCore::findAndWriteTranslationsIntoFile|AdminTranslationsControllerCore::findAndFillTranslations,2,4,Old translation system for modules is causing error 500 (isUsingNewTranslationSystem = false),Fix translating modules using the old system
37151,https://github.com/PrestaShop/PrestaShop/issues/37151,https://github.com/PrestaShop/PrestaShop/pull/37297,c18d8f9487d242e25e2a39524509f445f9eca821,bde2b5fa64d2fbbe9751349031a980480dd6b0a4,2024-11-05,src/PrestaShopBundle/Form/Admin/Improve/Shipping/Carrier/Type/CostsZoneType.php,BO,bo,facile,37297,9.0.x,CostsZoneType::buildForm,1,1,Feature flag Carrier page - Exception displayed when deleting a range for a specific zone,Fix/carrier page bug when deleting range specific zone
36844,https://github.com/PrestaShop/PrestaShop/issues/36844,https://github.com/PrestaShop/PrestaShop/pull/37268,fc2922ff96471062f8329dd937abe546cb9d3e1e,ba4e26ec71a3318907f84b2b794fb1978dcc285c,2024-11-13,classes/Product.php,FO,fo,facile,37268,8.2.x,ProductCore::priceCalculation,1,2,Currency conversion is run even if there is set a specific price for a currency,Fix Incorrect SpecificPrice Currency Conversion (Issue 36844)
35665,https://github.com/PrestaShop/PrestaShop/issues/35665,https://github.com/PrestaShop/PrestaShop/pull/36607,8024e053f96a3f4607773c7c41f33cf469660b9f,2b3bf506f1e6fe873c6927242cd84e8582b5cc14,2024-11-19,src/Adapter/Module/AdminModuleDataProvider.php,BO,bo,facile,36607,8.2.x,AdminModuleDataProvider,1,2,"PrestaShop 8.1.4 - Problem with the ""disabled"" modules on the ""Module Manager"" page",Fix: set by default enable action if module is disabled instead of configure action
36176,https://github.com/PrestaShop/PrestaShop/issues/36176,https://github.com/PrestaShop/PrestaShop/pull/36505,552d1fcf935faf08c9b5683255d0b647072d202c,8024e053f96a3f4607773c7c41f33cf469660b9f,2024-11-19,src/PrestaShopBundle/Model/Product/AdminModelAdapter.php,FO,bo,facile,36505,8.2.x,AdminModelAdapter::getModelData,1,5,Product redirect is not stored correctly in DB,Fix: set the product redirection to another product (301 & 302)
35680,https://github.com/PrestaShop/PrestaShop/issues/35680,https://github.com/PrestaShop/PrestaShop/pull/35709,3acdd8a510fb6acd119f4601d65ecb6783b51242,8d2e0bd5166cc300c63ac9dfa1d086552157bdfe,2024-11-25,admin-dev/themes/default/js/bundle/product/form.js,BO,fo+bo,facile,35709,8.2.x,(hors fonction)|resetEditor,2,21,Textarea fields randomly broken on product page,Partial fix for textarea field height issues in V1 product page
15751,https://github.com/PrestaShop/PrestaShop/issues/15751,https://github.com/PrestaShop/PrestaShop/pull/37412,00ee42e6d4d6888d6899e44f5fe1a82913142523,6f5df7a43af8045154a24ba4d8d0869b39d72ec1,2024-11-28,classes/PaymentModule.php,FO,fo,facile,37412,9.0.x,PaymentModuleCore::createOrderCartRules,1,2,'Total available for each user' in cart rule not considered,Fixes free product cart rule not being added
36907,https://github.com/PrestaShop/PrestaShop/issues/36907,https://github.com/PrestaShop/PrestaShop/pull/37589,92f44e234332305446981338338a67c67e7d9c7d,e33d939b4ee19d1a56838f01c14490293d5b3e68,2024-12-10,src/Adapter/Presenter/AbstractLazyArray.php,FO,fo+bo,facile,37589,9.0.x,AbstractLazyArray::offsetSet,1,2,FO - Warning error displayed when customizated product added to cart  ,Fix lazy array
37532,https://github.com/PrestaShop/PrestaShop/issues/37532,https://github.com/PrestaShop/PrestaShop/pull/37533,d310ebadd685def5b117315ace30c590bcd7c731,e8cbac584f52d38d84e78cd52041238bde097b41,2024-12-13,src/Adapter/Presenter/Product/ProductLazyArray.php|tests/Integration/Adapter/Presenter/Product/ProductLazyArrayTest.php,FO,fo,moyen,37533,8.2.x,ProductLazyArray::shouldEnableAddToCartButton|ProductLazyArrayTest::providerDeliveryInformationCases,2,7,"On product listing ""add to cart"" is shown even if prices are not.",If price is not shown hide add to cart too. Fixes #37532
37675,https://github.com/PrestaShop/PrestaShop/issues/37675,https://github.com/PrestaShop/PrestaShop/pull/37678,2afbb1571c1f594123506a0d20cde166095e1832,3198d9ccbd84f1b7593cac48211cddd798116b16,2024-12-18,src/PrestaShopBundle/Resources/config/routing/admin/configure/shop_parameters/search_preferences.yml,BO,bo,facile,37678,9.0.x,(yml),1,4,Aliases - Can't add Search name with special character,Fix the use of special chars for aliases search term
37676,https://github.com/PrestaShop/PrestaShop/issues/37676,https://github.com/PrestaShop/PrestaShop/pull/37679,e6c28106d152abe9f457290d804a2d060bd9548b,26d2ecb7654bb0179fd185f4f4c2d7ec4dc41aa3,2024-12-19,src/Adapter/Alias/Repository/AliasRepository.php|tests/Integration/Behaviour/Features/Scenario/Search/add_alias.feature,BO,bo,difficile,37679,9.0.x,AliasRepository::addAliases|AliasRepository::get|AliasRepository::aliasExists|(feature),4,34,Create an second alias with the same name and another status doesnt' change the statut,Fix use case when changing status for already existed alias
37773,https://github.com/PrestaShop/PrestaShop/issues/37773,https://github.com/PrestaShop/PrestaShop/pull/37747,9a3b07391d32f7854fa221420a1b036bca8e8a45,7a3685f65000fb12dcb471f26cfabf1c0d84d911,2025-01-15,classes/Manufacturer.php,BO,fo,facile,37747,9.0.x,ManufacturerCore::getProducts,1,6,Exception with sorting by sales,Add sales to manufacturer sort
37786,https://github.com/PrestaShop/PrestaShop/issues/37786,https://github.com/PrestaShop/PrestaShop/pull/37819,7a3685f65000fb12dcb471f26cfabf1c0d84d911,aed2d21a68b7d08aca76a1f3429c011c6a520c1c,2025-01-17,src/Core/Form/IdentifiableObject/DataHandler/CarrierFormDataHandler.php,BO,bo,facile,37819,9.0.x,CarrierFormDataHandler::update,1,5,BO > Carriers - Exception thrown Carrier cannot be both shipping handling and free,Fix: BO > Carriers - Exception thrown Carrier cannot be both shipping handling and free
37783,https://github.com/PrestaShop/PrestaShop/issues/37783,https://github.com/PrestaShop/PrestaShop/pull/37818,243d2bf696d88a04b2b4c627c5115172e8e5b7f0,61c7c4b5247789eb1a68291a955aea29a3167635,2025-01-20,src/PrestaShopBundle/Form/Admin/Improve/Shipping/Carrier/GeneralSettings.php,BO,bo,facile,37818,9.0.x,(hors fonction)|GeneralSettings::buildForm,2,6,"BO > Carriers - Exception thrown Invalid Carrier url. Got ""@""","Fix: BO > Carriers - Exception thrown Invalid Carrier url. Got ""@"""
37229,https://github.com/PrestaShop/PrestaShop/issues/37229,https://github.com/PrestaShop/PrestaShop/pull/37771,2fe43daac87e87f6b874fd20102f215446078169,b3fa1e405fc28a170e56db8324530b260564bc73,2025-01-21,src/PrestaShopBundle/Form/Admin/Sell/Product/Description/DescriptionType.php,BO,fo+bo,facile,37771,8.2.x,(hors fonction)|DescriptionType::buildForm,2,13,I cannot update a product with version 2 of the product page (description field),Improve constraint on Product description
37320,https://github.com/PrestaShop/PrestaShop/issues/37320,https://github.com/PrestaShop/PrestaShop/pull/37803,21caa62fc48aec0020f98ec50291af7bd94389e8,d7e2539731b7b67f5c1be9eb425d657c337be30a,2025-01-22,src/PrestaShopBundle/Form/Admin/Configure/ShopParameters/General/PreferencesType.php,BO,fo+bo,facile,37803,8.2.x,PreferencesType::buildForm,1,3,Cart rules & Multistore - Restriction on Store selection is still displayed after I disable multistore option,Fix multistore disabling
37885,https://github.com/PrestaShop/PrestaShop/issues/37885,https://github.com/PrestaShop/PrestaShop/pull/37888,1e41ced5a165b979c8766ffea8681851a22cb938,3d237dcfc00e3a19fff321165071db601c1cc426,2025-01-24,src/PrestaShopBundle/Resources/views/Admin/Sell/Order/Order/Blocks/View/product.html.twig,BO,bo,facile,37888,8.2.x,(twig),1,4,"BO > Order details page - When changing pagination, Refunded column displays automatically","Fix: BO > Order details page - When changing pagination, Refunded column displays automatically"
37687,https://github.com/PrestaShop/PrestaShop/issues/37687,https://github.com/PrestaShop/PrestaShop/pull/37838,2b1b7166e844ce5a61a9b2a0d869aae88731ac4b,9e6fc13f02b7c69892d351e0b6a253439e51ea27,2025-01-28,src/PrestaShopBundle/Routing/Converter/LegacyUrlConverter.php|tests/Integration/PrestaShopBundle/Routing/Converter/LegacyUrlConverterTest.php,BO,bo,difficile,37838,9.0.x,LegacyUrlConverter::convertByRequest|(hors fonction)|LegacyUrlConverterTest::testRedirectionListener|LegacyUrlConverterTest::testRedirectionListenerWithoutLoop|LegacyUrlConverterTest::testPostParameters,5,36,Bug: Legacy form sends GET request instead of POST as it should,Fix: bug: Legacy form sends GET request instead of POST as it should
37913,https://github.com/PrestaShop/PrestaShop/issues/37913,https://github.com/PrestaShop/PrestaShop/pull/37912,3071db5e2834885c9456ee3b880f404f480bb71d,f656ec498f3de03ef09f8e99386481b2e37a5e42,2025-01-29,classes/Hook.php|src/PrestaShopBundle/Resources/config/services/core/common.yml,CO,bo,difficile,37912,8.2.x,(hors fonction)|HookCore::getHookModuleExecList|HookCore::getHookRegistry|HookCore::getHookModuleFilter|(yml),5,18,Performance issue on BackOffice with HookModuleFilter,Fix performance issue linked to HookModuleFilter PR
37868,https://github.com/PrestaShop/PrestaShop/issues/37868,https://github.com/PrestaShop/PrestaShop/pull/37869,f656ec498f3de03ef09f8e99386481b2e37a5e42,41ce44ebaa552d04e6576a257a77756ff20516ea,2025-01-29,controllers/admin/AdminSearchController.php,BO,fo+bo,facile,37869,8.2.x,AdminSearchControllerCore::postProcess,1,2,Admin search by product ID results in CSV download instead of product page redirect,Fix: Admin search by product ID results in CSV download instead of product page redirect
37652,https://github.com/PrestaShop/PrestaShop/issues/37652,https://github.com/PrestaShop/PrestaShop/pull/37890,41ce44ebaa552d04e6576a257a77756ff20516ea,45615549ac3ad86e8a3272101f30d6b4d4821658,2025-01-30,controllers/front/ProductController.php|themes/_core/js/product.js,FO,fo?,moyen,37890,8.2.x,ProductControllerCore::displayAjaxRefresh|updateProduct,2,10,[Bug] Product preview returns AJAX error,Fix preview mode for combination products
15711,https://github.com/PrestaShop/PrestaShop/issues/15711,https://github.com/PrestaShop/PrestaShop/pull/37861,19fa458c407edb9a170905433dd405d2fa40df5d,0999a7c4152b7417feb180b3bea95d96f5fc1558,2025-01-30,classes/CustomerMessage.php|controllers/front/OrderDetailController.php|install-dev/data/db_structure.sql,BO,fo?,difficile,37861,9.0.x,CustomerMessageCore|OrderDetailControllerCore::postProcess|(sql),3,12,"Order messages, threaded conversation, defective",Fix Customer threads messages for multiple products
37940,https://github.com/PrestaShop/PrestaShop/issues/37940,https://github.com/PrestaShop/PrestaShop/pull/37944,a7e786680e4320196bf77c66989e8a2c22b81c69,87fa381859d451aca21b626e920861773a044331,2025-01-31,src/PrestaShopBundle/Resources/views/Admin/TwigTemplateForm/prestashop_ui_kit_base.html.twig,BO,bo,facile,37944,9.0.x,(twig),1,1,MaterialChoiceTableType does not render help text,Fix: MaterialChoiceTableType does not render help text
37939,https://github.com/PrestaShop/PrestaShop/issues/37939,https://github.com/PrestaShop/PrestaShop/pull/37942,918717ba21fa6ef77f96ad187a01f774ae6574c1,a7e786680e4320196bf77c66989e8a2c22b81c69,2025-01-31,src/PrestaShopBundle/Install/XmlLoader.php,FO,fo,facile,37942,9.0.x,XmlLoader::copyImages,1,16,Category miniature images are not present in fixtures,Generate category thumbnail for demo data on install
37966,https://github.com/PrestaShop/PrestaShop/issues/37966,https://github.com/PrestaShop/PrestaShop/pull/37985,d761915a06c919372897579cd56af0e85ad04b54,1886a31f90d595bd26e85eca254cfb907b8a8eb8,2025-02-11,classes/module/Module.php,BO,bo,facile,37985,8.2.x,ModuleCore::getWidgetHooks|ModuleCore::getPossibleHooksList,2,16,`display...` hooks duplicated on module transplant list,Fix: display... hooks duplicated on module transplant list
37847,https://github.com/PrestaShop/PrestaShop/issues/37847,https://github.com/PrestaShop/PrestaShop/pull/37958,17e589d1675f231b9bcb8e15356ba36723f200ee,d761915a06c919372897579cd56af0e85ad04b54,2025-02-11,src/PrestaShopBundle/Controller/Admin/Sell/Catalog/Product/ProductController.php,BO,bo,facile,37958,8.2.x,ProductController::exportAction,1,1,Products CSV Export : always the first page is exported,Fix product filters for csv export
37967,https://github.com/PrestaShop/PrestaShop/issues/37967,https://github.com/PrestaShop/PrestaShop/pull/37970,1886a31f90d595bd26e85eca254cfb907b8a8eb8,ad578c6db14adb0336292238104954509716360f,2025-02-14,classes/Tools.php,BO,bo,facile,37970,8.2.x,ToolsCore::purifyHTML,1,4,"[Bug] Missing attributes autoplay, loop, muted, and playsinline in the video tag within Tools::purifyHTML()","Fix: [Bug] Missing attributes autoplay, loop, muted, and playsinline in the video tag within Tools::purifyHTML()"
37875,https://github.com/PrestaShop/PrestaShop/issues/37875,https://github.com/PrestaShop/PrestaShop/pull/37877,ad578c6db14adb0336292238104954509716360f,a7eb574a73b443a821fded049a3527ff9dfa8af8,2025-02-20,src/Adapter/Category/CategoryDataProvider.php|src/Adapter/Category/Repository/CategoryPreviewRepository.php|src/Adapter/Image/ImagePathFactory.php,BO,fo+bo,moyen,37877,8.2.x,CategoryDataProvider::getAjaxCategories|(hors fonction)|CategoryPreviewRepository::getPreview|ImagePathFactory::__construct|ImagePathFactory::getPath,5,23,BO - Product Page - Redirection type - Category without image generate 404 call,Fix: BO - Product Page - Redirection type - Category without image generate 404 call
37954,https://github.com/PrestaShop/PrestaShop/issues/37954,https://github.com/PrestaShop/PrestaShop/pull/37955,6789a6731dc858453683a645503e101d68cb4948,0ebcd42b331c10d41d2fc788048897b0ea11af3a,2025-02-21,classes/Meta.php|classes/Tools.php|classes/controller/FrontController.php,FO,fo,moyen,37955,8.2.x,MetaCore::getMetaTags|(hors fonction)|ToolsCore::arrayInsertElementAfterKey|FrontControllerCore::displayMaintenancePage,4,27,"prestashop don't display Title of product, category meta title, meta description","Fix: prestashop don't display Title of product, category meta title, meta description"
38034,https://github.com/PrestaShop/PrestaShop/issues/38034,https://github.com/PrestaShop/PrestaShop/pull/38037,9d9efb41d68380425f7c8026423f5137e6cd5b57,469d165e62b5c4dd4628ce415831f0bd6507a48a,2025-02-28,classes/Product.php,BO,fo,facile,38037,8.2.x,ProductCore::searchByName,1,2,Improve ProductCore::searchByName using the active value from table product_shop,Fix: Use 'active' from 'product_shop' instead of 'product' in Product::searchByName()
36373,https://github.com/PrestaShop/PrestaShop/issues/36373,https://github.com/PrestaShop/PrestaShop/pull/36374,802f5dfeb9bf89ce2d320e8148b637ec9b1b10e9,85f302cfa46ac7171b3d17846999341e90ef72a2,2025-03-04,src/Adapter/Order/OrderDetailUpdater.php,BO,fo+bo,facile,36374,develop,OrderDetailUpdater::updateOrderDetailsTaxes,1,13,Bad price re-calculation on order update from BO,PR - Fix order detail price re-calculation
37374,https://github.com/PrestaShop/PrestaShop/issues/37374,https://github.com/PrestaShop/PrestaShop/pull/38168,965713ab343def9d3058df168219790cbe968df5,49dd8e7e15954981a38088e2011728bd93c71c1f,2025-03-06,classes/Category.php,BO,bo,facile,38168,8.2.x,CategoryCore::getParentsCategories,1,2,Method Category::getCategoriesWithoutParent is wrong,Category::getParentsCategories fix with multiple root categories
38154,https://github.com/PrestaShop/PrestaShop/issues/38154,https://github.com/PrestaShop/PrestaShop/pull/38157,49dd8e7e15954981a38088e2011728bd93c71c1f,c90f6651bf91420b0b688830703d12974c75d9d3,2025-03-06,src/PrestaShopBundle/Translation/PrestaShopTranslatorTrait.php,BO,fo,facile,38157,8.2.x,PrestaShopTranslatorTrait::trans|PrestaShopTranslatorTrait::translateUsingLegacySystem|PrestaShopTranslatorTrait::shouldFallbackToLegacyModuleTranslation,3,7,Issue with multilingual translations,Fix: Issue with multilingual translations
38123,https://github.com/PrestaShop/PrestaShop/issues/38123,https://github.com/PrestaShop/PrestaShop/pull/38141,73d65a46465fe745505a1b2f399d8a009e744d7d,036af5b490626249d8ae9a204bbfba4e51cfc301,2025-03-06,src/PrestaShopBundle/Twig/Component/HeadTag.php|src/PrestaShopBundle/Twig/Component/Legacy/LegacyHeadTag.php,BO,bo,moyen,38141,9.0.x,(hors fonction)|HeadTag::__construct|HeadTag::getJsDef|(hors fonction)|LegacyHeadTag::__construct,5,9,"Module configuration language switches throw javascript error, missing variable.",Fix missing changeFormLanguageUrl
38135,https://github.com/PrestaShop/PrestaShop/issues/38135,https://github.com/PrestaShop/PrestaShop/pull/38136,c90f6651bf91420b0b688830703d12974c75d9d3,631ba5ed1ed897d8e2594b8571353cb88dee09db,2025-03-06,classes/Media.php,BO,fo+bo,facile,38136,8.2.x,MediaCore::clearCache,1,14,Issue with JS and CSS cache clearing in multishop context,Fix: Issue with JS and CSS cache clearing in multishop context
38096,https://github.com/PrestaShop/PrestaShop/issues/38096,https://github.com/PrestaShop/PrestaShop/pull/38100,036af5b490626249d8ae9a204bbfba4e51cfc301,9697787ffda202b758802d55321b519f6203ad40,2025-03-06,src/PrestaShopBundle/EventListener/Admin/EmployeeSessionSubscriber.php,BO,bo,moyen,38100,9.0.x,(hors fonction)|EmployeeSessionSubscriber::getSubscribedEvents|EmployeeSessionSubscriber::onKernelRequest,3,11,Cookie mechanism is broken after refactoring for 9.0.0,Fix: Cookie mechanism is broken after refactoring for 9.0.0
36738,https://github.com/PrestaShop/PrestaShop/issues/36738,https://github.com/PrestaShop/PrestaShop/pull/38263,98be0812051bf2a8be5704bde11d4b23537a2a88,1ddc544bfd2ba178820cdf80437b8bf6aafda966,2025-03-18,tools/profiling/Profiler.php,FO,fo+bo,facile,38263,9.0.x,Profiler::getVarSize|Profiler::getVarData,2,6,Array to string conversion in tools\profiling\Profiler.php on line 165,Fix profiler working with arrays
38029,https://github.com/PrestaShop/PrestaShop/issues/38029,https://github.com/PrestaShop/PrestaShop/pull/38056,a60ad032944b0efbacab0f8f1b485c37da2b4c53,8e45901baa17de29043e7f31356c84a0fa5d3c91,2025-03-19,config/smarty.config.inc.php,FO,fo,facile,38056,9.0.x,smartyEscape,1,2,"Hummingbird : `Deprecated: Using unregistered function ""file_exists"" in a template is deprecated and will be removed in a future release`",Added smartyRegisterFunction for file_exists and strpos.
37722,https://github.com/PrestaShop/PrestaShop/issues/37722,https://github.com/PrestaShop/PrestaShop/pull/38303,86ef21fa41eb0d4841db897518dca00a233dc1c9,39a1eaef0b1ce2c37df87a01140d552b7899996c,2025-03-20,composer.json|composer.lock|config/smarty.config.inc.php,FO,fo,moyen,38303,9.0.x,(json)|(lock)|smartyEscape,3,25,"After installation, deprecated warnings in FO product page",Add missing function strpos for smarty templates
38250,https://github.com/PrestaShop/PrestaShop/issues/38250,https://github.com/PrestaShop/PrestaShop/pull/38257,2f7ae6afccb118ad170debf906cf0fd831c7f371,131eff9eaaa6b705d956c7e9d3f38c9f50bc404d,2025-03-20,themes/_core/js/address.js,FO,fo,facile,38257,8.2.x,handleCountryChange,1,5,Address Fields Disappear After Changing Country on Checkout Page,Fix: Address Fields Disappear After Changing Country on Checkout Page
38134,https://github.com/PrestaShop/PrestaShop/issues/38134,https://github.com/PrestaShop/PrestaShop/pull/38152,10d1bd61fa88f19b402cd6f77e0dbd32bd12acf7,a7fb0b8f2d11f836ea8b307d75b36bdf65cec1de,2025-03-20,js/admin.js,BO,fo+bo,facile,38152,9.0.x,setTimeout,1,5,Blue AJAX spinner never ends on legacy pages.,Hide spinner if no ajax in progress
37781,https://github.com/PrestaShop/PrestaShop/issues/37781,https://github.com/PrestaShop/PrestaShop/pull/38203,a7fb0b8f2d11f836ea8b307d75b36bdf65cec1de,a8a86a1abc9a66d42cf56e47cac75834ad063b41,2025-03-21,src/PrestaShopBundle/Form/Admin/Sell/Product/Stock/StockOptionsType.php,BO,fo+bo,moyen,38203,9.0.x,(hors fonction)|StockOptionsType|StockOptionsType::__construct|StockOptionsType::buildForm,4,30,Product page - Help button in Stock is not visible,Remove link in help message for product stock option
38317,https://github.com/PrestaShop/PrestaShop/issues/38317,https://github.com/PrestaShop/PrestaShop/pull/38341,9b8e86ae8f1929ce48b07a05d84d583ae0c3ad16,287146eb1bd5cd3c6ba7e33d0373467a71aad506,2025-03-27,classes/Carrier.php,BO,http,facile,38341,8.2.x,CarrierCore::delete,1,19,Delete Carrier from webservice is not softDelete(),Fix: product carrier delete
38380,https://github.com/PrestaShop/PrestaShop/issues/38380,https://github.com/PrestaShop/PrestaShop/pull/38381,2cb467bf7ffad88e7da470d3d9530f2b05b7476c,8122234040b19f07faa40ff001eea21dab75d0f8,2025-04-02,classes/controller/AdminController.php,BO,bo,facile,38381,8.2.x,AdminControllerCore::copyFromPost,1,5,Custom lang field is ignored in legacy controller in php 8.1+,Bug fix copyFromPost that remove overrided object model definitions in ps8.2
37995,https://github.com/PrestaShop/PrestaShop/issues/37995,https://github.com/PrestaShop/PrestaShop/pull/38008,93c13637295a8aea0f8a3da051472574d13918b2,1f439ddf37d2c2286dd6a2387789d5fc449660bc,2025-04-03,admin-dev/themes/new-theme/js/components/grid/extension/ajax-bulk-action-extension.ts,BO,bo,facile,38008,9.0.x,(hors fonction),1,1,BO - Product listing - product are still selected after successful deletion,Fix: BO - Product listing - product are still selected after successful deletion
35278,https://github.com/PrestaShop/PrestaShop/issues/35278,https://github.com/PrestaShop/PrestaShop/pull/37775,f05df045b8558cead9449142ad177fd74e9d065c,be3258a38bb64fec04d912f150e13b7e64fb0240,2025-04-03,controllers/admin/AdminCustomerThreadsController.php,BO,fo+bo,facile,37775,9.0.x,AdminCustomerThreadsControllerCore::openUploadedFile,1,1,contactform - Exception is thrown when a file with bad extension is added,Add .WEBP extensions to back office openable attachments
37924,https://github.com/PrestaShop/PrestaShop/issues/37924,https://github.com/PrestaShop/PrestaShop/pull/37925,8122234040b19f07faa40ff001eea21dab75d0f8,1457ea2109bf4d70169e119d42527675340383bd,2025-04-08,src/Core/Cart/Calculator.php,FO,fo,facile,37925,8.2.x,Calculator::getTotal,1,2,Bug: Negative total order (free order),Fix: round calcul in calculator
37987,https://github.com/PrestaShop/PrestaShop/issues/37987,https://github.com/PrestaShop/PrestaShop/pull/38482,ca327e5c187ec37c6e3ca98fb80a376925c41574,4dcfe2958a01cf409725b97658b7d9566b4629f2,2025-04-17,pdf/invoice.shipping-tab.tpl,BO,bo,facile,38482,9.0.x,(tpl),1,2,BO - Invoice for Virtual product displays the carrier,Remove carrier display on pdf for virtual orders
38483,https://github.com/PrestaShop/PrestaShop/issues/38483,https://github.com/PrestaShop/PrestaShop/pull/38417,6f963fcd1d50315be8d893714d62f85d227074d3,35cf8fa78f6215ddb195f80ca4afe2ddd08b4744,2025-04-22,classes/webservice/WebserviceSpecificManagementImages.php,BO,http,facile,38417,8.2.x,WebserviceSpecificManagementImagesCore::manageCustomizationImages,1,2,Webservice sql error,Fix webservice sql error
35970,https://github.com/PrestaShop/PrestaShop/issues/35970,https://github.com/PrestaShop/PrestaShop/pull/36792,e94033735318d78ba5e43283f7bd1bf2094c081b,6f963fcd1d50315be8d893714d62f85d227074d3,2025-04-22,admin-dev/themes/new-theme/js/pages/order/create/product-manager.ts,BO,bo,facile,36792,8.2.x,constructor|enableQtyInputs,2,7,Event not managed in custom modules,"Event ""OrderCreateProductSearched"" not managed in custom modules (related #35970)"
28907,https://github.com/PrestaShop/PrestaShop/issues/28907,https://github.com/PrestaShop/PrestaShop/pull/38496,ed74241866aa76c95300893b00869465cadf19f0,cb079b01d65d756901f42ded1358d03b7780b032,2025-04-23,admin-dev/themes/new-theme/js/pages/module/controller.js,BO,bo,facile,38496,9.0.x,initAddModuleAction,1,9,Mobile - BO - Module manager - The upload module button is not working,Fix uploading a module on mobile devices
38253,https://github.com/PrestaShop/PrestaShop/issues/38253,https://github.com/PrestaShop/PrestaShop/pull/38254,0e0dc39d78986bd54aa178eb78b7705e86e44d98,e8c4b5875640df2acd5579b4e85707feedcd040f,2025-04-24,src/PrestaShopBundle/Controller/Admin/Sell/Catalog/Product/ProductController.php|tests/UI/pages/BO/catalog/productsV2/add/index.ts,BO,fo+bo,moyen,38254,8.2.x,ProductController::renderEditProductForm|constructor,2,3,Migration - Product V2 - tab name not the same - Product creation,Fix: Migration - Product V2 - tab name not the same - Product creation
38024,https://github.com/PrestaShop/PrestaShop/issues/38024,https://github.com/PrestaShop/PrestaShop/pull/38027,25145b8a2b614eb246689f8e6e546a680abde122,55c94c5dde33d9052e7ecbab4d3256d0d9a3d703,2025-04-24,src/Core/Grid/Definition/Factory/CategoryGridDefinitionFactory.php|src/PrestaShopBundle/Resources/config/routing/admin/sell/catalog/categories.yml|src/PrestaShopBundle/Resources/config/services/core/grid/grid_definition_factory.yml,BO,bo,moyen,38027,9.0.x,(hors fonction)|CategoryGridDefinitionFactory|CategoryGridDefinitionFactory::__construct|CategoryGridDefinitionFactory::getGridActions|(yml)|(yml),6,19,BO export - Cannot export subcategories,Fix: BO export - Cannot export subcategories
37988,https://github.com/PrestaShop/PrestaShop/issues/37988,https://github.com/PrestaShop/PrestaShop/pull/37996,7cec03b8dae69c020a9c42aae9a272ec79cae5f3,73f1fbcb167ca5acc4468c4120d4a7d8384bce27,2025-04-25,src/Adapter/Tab/TabDataProvider.php,BO,bo,facile,37996,9.0.x,TabDataProvider::getViewableTabs,1,4,BO Employee - Setting More as default page cannot load the page,Fix: BO Employee - Setting More as default page cannot load the page
37791,https://github.com/PrestaShop/PrestaShop/issues/37791,https://github.com/PrestaShop/PrestaShop/pull/37874,af4b14ad8173c1b62b6bed5c22c432ab3f9468fc,7cec03b8dae69c020a9c42aae9a272ec79cae5f3,2025-04-25,src/PrestaShopBundle/Entity/Repository/StockMovementRepository.php,BO,bo,facile,37874,9.0.x,StockMovementRepository::selectSql,1,8,BO > Movements - Search results is undefined and loads forever,Fix: BO > Movements - Search results is undefined and loads forever
38529,https://github.com/PrestaShop/PrestaShop/issues/38529,https://github.com/PrestaShop/PrestaShop/pull/38552,26c685cbd7b3481a4785d650828b3a80fa043bc7,e71dad163d26648b054db35dd4ef9b33aebc6635,2025-05-01,src/Adapter/Presenter/Order/OrderLazyArray.php,FO,fo,facile,38552,8.2.x,OrderLazyArray::getProducts,1,1,id_customization should be used to match cart lines when assigning the cart line image,Use id_customization for matching cart and order products
38095,https://github.com/PrestaShop/PrestaShop/issues/38095,https://github.com/PrestaShop/PrestaShop/pull/38251,f8d5c186a208250630cc5499baa2d52fe81c8070,fa61a74e78a14b3d98bf05e9ef3270ea6b3f0ec5,2025-05-16,classes/Product.php|install-dev/data/db_structure.sql,BO,bo,difficile,38251,8.2.x,ProductCore::hasAttributesInOtherShops|ProductCore::getIdTaxRulesGroupMostUsed|(sql),3,20,Query to select most used tax rule is simply ridicoulous,Fix: Query to select most used tax rule is simply ridicoulous
38794,https://github.com/PrestaShop/PrestaShop/issues/38794,https://github.com/PrestaShop/PrestaShop/pull/38795,cc47644bb966aca7d3f5322dfa8a8916e14593cb,bab2fca45d84ab29fa99ca12358df1c792c8838a,2025-06-02,src/Core/Context/LegacyControllerContextBuilder.php,BO,bo,facile,38795,9.0.x,LegacyControllerContextBuilder::build,1,2,Can't access to ps_account with multistore,Fix LegacyControllerContextBuilder to use physicalUri
37994,https://github.com/PrestaShop/PrestaShop/issues/37994,https://github.com/PrestaShop/PrestaShop/pull/38749,bab2fca45d84ab29fa99ca12358df1c792c8838a,d7ebd969144d29da053f0a76648801920f05ac13,2025-06-03,src/PrestaShopBundle/Resources/views/Admin/TwigTemplateForm/bootstrap_4_horizontal_layout.html.twig|src/PrestaShopBundle/Resources/views/Admin/TwigTemplateForm/prestashop_ui_kit_base.html.twig,BO,fo+bo,facile,38749,9.0.x,(twig)|(twig),2,4,"BO Product page - In Meta Title and Meta Description, the character counter doesn't change",TextWithLengthCounterType : Support for existing CSS class
38528,https://github.com/PrestaShop/PrestaShop/issues/38528,https://github.com/PrestaShop/PrestaShop/pull/38532,fd035a6be1675d6846ac6e567c2ae604b3f0917d,1fc0705077ae3445e05fc7f9a4aefd47b453af3a,2025-06-03,controllers/admin/AdminShopController.php,BO,bo,moyen,38532,8.2.x,(hors fonction)|AdminShopControllerCore::afterAdd,2,42,Multistore: CMS page error on new empty store creation,Fix: Multistore: CMS page error on new empty store creation
38133,https://github.com/PrestaShop/PrestaShop/issues/38133,https://github.com/PrestaShop/PrestaShop/pull/38199,f92b5e7a1ef76147c3ac9ce96806419472c4d27d,001863c9491548fd96f2551e1929e892d69bfaba,2025-06-05,src/PrestaShopBundle/Controller/Admin/LegacyController.php,BO,bo,facile,38199,9.0.x,LegacyController::legacyPageAction,1,5,Cannot use `'type' => 'file'` on `HelperOptions` on PS 9.0.x,Fix: Cannot use 'type' => 'file' on HelperOptions on PS 9.0.x
38422,https://github.com/PrestaShop/PrestaShop/issues/38422,https://github.com/PrestaShop/PrestaShop/pull/38593,09ef3c80e4d69a2afe6e386e7c4afeef0041b7bf,ed171a1e7fcb7a868281129bdd69fa21ceb3df30,2025-06-10,src/PrestaShopBundle/Service/TranslationService.php,BO,fo+bo,facile,38593,8.2.x,TranslationService::saveTranslationMessage,1,2,Translations not working randomly,Fix query builder to find translations by key in Backoffice during the translations saving process
27390,https://github.com/PrestaShop/PrestaShop/issues/27390,https://github.com/PrestaShop/PrestaShop/pull/38846,da8b65120c03abe8b1b126f34258c0b335c7db51,5441b46f30d67bfee2d8c84820ddb70171d81fa1,2025-06-13,controllers/admin/AdminCountriesController.php,BO,bo,facile,38846,9.0.x,AdminCountriesControllerCore::renderForm,1,2,[BO] - Locations/Countries - Mandatory tables when blank still get saved,BO Countries : Set two fields `call_prefix` & `zip_code_format` as non-required
37927,https://github.com/PrestaShop/PrestaShop/issues/37927,https://github.com/PrestaShop/PrestaShop/pull/37928,cc2865508075569fac87f478df02bf549253e191,3347efb60e60fb55e70608c0fbfe53168efebd6e,2025-06-16,src/PrestaShopBundle/DataCollector/HookDataCollector.php,BO,bo,moyen,37928,8.2.x,(hors fonction)|HookDataCollector::stringifyHookArguments,2,37,PHP Fatal error Undefined property: CutStub::$cache_locking in smarty_internal_template.php,Fix datacollector caster for reference object property including smarty cache_locking fatal error
38925,https://github.com/PrestaShop/PrestaShop/issues/38925,https://github.com/PrestaShop/PrestaShop/pull/38926,520f7653ea78a88f336bb6184a03b737f19ba0ba,c57efb144c92e9d734f0e08bb2f451ca19897850,2025-06-18,classes/controller/FrontController.php,FO,cli,facile,38926,9.0.x,FrontControllerCore::getTemplateVarShop,1,2,Favicon changed after upgrade to v9,Fix favicon path
38965,https://github.com/PrestaShop/PrestaShop/issues/38965,https://github.com/PrestaShop/PrestaShop/pull/38966,992c4ce3464608305375cc6c2eeb2d6c51716d23,8549fdbaf301e828c0c88d0aabbe3b5dd2bf53b9,2025-06-25,admin-dev/themes/new-theme/js/app/pages/stock/store/actions.ts,BO,bo,facile,38966,9.0.x,isParamInvalid,1,2,Missing Content-Type header in stock quantity update request,Add missing Content-Type header in stock quantity update request
38207,https://github.com/PrestaShop/PrestaShop/issues/38207,https://github.com/PrestaShop/PrestaShop/pull/38989,12d4a2562d6242cb8d174960b83b21ca076bd7d6,a3d1d7a1446f7fd727c5ffff98e35ce674f8b6ac,2025-06-26,classes/Cart.php,BO,fo+bo,facile,38989,9.0.x,CartCore::getPackageShippingCostFromModule,1,9,getPackageShippingCostFromModule / getOrderShippingCost fails on PrestaShop 9 beta,Fix carrier ID for modules
36570,https://github.com/PrestaShop/PrestaShop/issues/36570,https://github.com/PrestaShop/PrestaShop/pull/39007,d725853ee317654414ca5b77488e261ff80504c3,35a0a15cbc713674e3d8a79e12efc11ea94b3f41,2025-06-30,src/PrestaShopBundle/Controller/Admin/Configure/AdvancedParameters/AdminAPIController.php,BO,bo,facile,39007,9.0.x,AdminAPIController::renderIndex|AdminAPIController::isAdminAPIMultistoreDisabled,2,4,Client API - Help card is not displayed in sidebar as it should,Client API - Help card is not displayed in sidebar as it should
33189,https://github.com/PrestaShop/PrestaShop/issues/33189,https://github.com/PrestaShop/PrestaShop/pull/38982,660b61ffeee457e76914d65a6570a6652faa85f8,533dea2609fff253b3ba24ca7201b60f3a0e128b,2025-06-30,src/PrestaShopBundle/Resources/config/services/bundle/form/form_type.yml,BO,fo+bo,facile,38982,8.2.x,(yml),1,2,BO-Maximum size for a downloadable product is not respected when uploading file,BO : Product Form : Use the correct configuration for the Max Filesize
28514,https://github.com/PrestaShop/PrestaShop/issues/28514,https://github.com/PrestaShop/PrestaShop/pull/37933,533dea2609fff253b3ba24ca7201b60f3a0e128b,5bef8431babb60f8829c19a7e9353fc46d0a9453,2025-07-01,src/Adapter/Product/AdminProductDataProvider.php,BO,bo,facile,37933,8.2.x,AdminProductDataProvider::getCatalogProductList,1,4,"[WS] - Create a product with Combinations - Error Invalid $number parameter """" cannot be interpreted as a number",Price final critical error fix
38185,https://github.com/PrestaShop/PrestaShop/issues/38185,https://github.com/PrestaShop/PrestaShop/pull/38810,6b0fe98b842cdb1adce402da20e6bad5ae045410,293b37baffd0d87f03022ea1486d485ffb3e752f,2025-07-09,src/PrestaShopBundle/Form/Admin/Sell/Product/Description/ManufacturerType.php,BO,fo+bo,facile,38810,8.2.x,ManufacturerType::configureOptions,1,4,Brands - Manufacturers cannot be named as a number,Support for brand named as numbers
38602,https://github.com/PrestaShop/PrestaShop/issues/38602,https://github.com/PrestaShop/PrestaShop/pull/38603,39b3f9b1e9ad5d2d3587378d0a4f096c38b61ae4,adb0572d9113ba3119353a17fa11b9790e530406,2025-07-09,src/Adapter/Order/QueryHandler/GetOrderForViewingHandler.php,BO,bo,facile,38603,develop,GetOrderForViewingHandler::getOrderMessages,1,2,"Get order messages can produce a ""must be of the type string null given"" error due to strict parameter type declaration in OrderMessageForViewing constructor",Cast $orderMessage['message'] as string to prevent fatal error.
38878,https://github.com/PrestaShop/PrestaShop/issues/38878,https://github.com/PrestaShop/PrestaShop/pull/39110,e3fd6b90c827b319aa8c35563ea1cdef1bb59dae,74f9f40077338b61c959d84a098e782518e771e2,2025-07-17,classes/Language.php|src/PrestaShopBundle/Install/Install.php,IN,cli,difficile,39110,9.0.x,LanguageCore::updateMultilangFromClassForShop|(hors fonction)|Install::installDefaultData|Install::populateDatabase|Install::createShop|Install::installLanguages,6,17,Fails to Install when Region set to United Kingdom (UK),"Fix installation of en-GB during install, improve installation error report"
38936,https://github.com/PrestaShop/PrestaShop/issues/38936,https://github.com/PrestaShop/PrestaShop/pull/39049,293b37baffd0d87f03022ea1486d485ffb3e752f,ffc9f00c36148a18e1039c0bf53ec56dd84c241f,2025-07-17,src/Core/Addon/Theme/ThemeExporter.php,BO,fo+bo,moyen,39049,8.2.x,ThemeExporter::export|ThemeExporter::copyTheme|ThemeExporter::createZip,3,22,Theme : Export current theme > Directories are not protected,BO : Theme : Export current theme > Protect directories
36596,https://github.com/PrestaShop/PrestaShop/issues/36596,https://github.com/PrestaShop/PrestaShop/pull/39153,63e725f02ec8d076ba37301bbec407c09c8d222b,9e9ac25c940a62cc2b48d1b214ed7f05ee93c755,2025-07-24,admin-dev/themes/new-theme/scss/pages/_themes_import.scss|admin-dev/themes/new-theme/scss/theme.scss,BO,fo+bo,facile,39153,9.0.x,(scss)|(scss),2,7,Theme Import - Import a file with a title tool long will lead to bad display,BO Theme import : Fixed bad display when filename is too long
29154,https://github.com/PrestaShop/PrestaShop/issues/29154,https://github.com/PrestaShop/PrestaShop/pull/39008,2b9dbb1fcec36ff250981b1638846ee887d91e10,2fb97eba361dcb51c3a8cbd7925dfec1d0407a17,2025-07-25,classes/Validate.php|tests/Unit/Classes/ValidateCoreTest.php,BO,fo+bo,moyen,39008,9.0.x,ValidateCore::isDateOrNull|ValidateCore::isBirthDate|ValidateCoreTest::isBirthDateProvider,3,10,Customer account - if I choose birth year anterior to 1902 it won't save in merchant's BO,Fix customer birthdate validation in FO
39081,https://github.com/PrestaShop/PrestaShop/issues/39081,https://github.com/PrestaShop/PrestaShop/pull/39216,e01e5b2e8c33dbc48ff27134f403c3e4ea9f3076,b4fdda9ab173586735d1777851abf21c6ae1cc40,2025-07-31,src/PrestaShopBundle/Twig/Component/NavBar.php|src/PrestaShopBundle/Twig/Layout/TemplateVariablesBuilder.php,BO,cli,moyen,39216,9.0.x,NavBar::getDefaultTab|TemplateVariablesBuilder::getDefaultTabLink,2,12,Call to a member function getClassName() on null  when the Employee default tab does not exist anymore,Fix: Call to a member function getClassName() on null when the Employee default tab does not exist anymore
29908,https://github.com/PrestaShop/PrestaShop/issues/29908,https://github.com/PrestaShop/PrestaShop/pull/39285,82a6654ad319f4565163a045e03fd811ebfb042d,95b8f18fe0303fd8529dd2c8528e5b3ffa10d48e,2025-08-04,src/Core/Grid/Data/Factory/DoctrineGridDataFactory.php|tests/Unit/Core/Grid/Data/Factory/DoctrineGridDataFactoryTest.php,BO,bo,difficile,39285,9.0.x,(hors fonction)|DoctrineGridDataFactory::getRawQuery|DoctrineGridDataFactoryTest::testItProvidesGridData,3,25,BO - Legacy page VS migrated page - Export to SQL Manager button leads to query without indentation,BO : Export SQL from Grid : Format SQL
38961,https://github.com/PrestaShop/PrestaShop/issues/38961,https://github.com/PrestaShop/PrestaShop/pull/39208,a0b35d1ad58428fc13f05733f025b171063d71f8,9b0b13f0b01cc7504112fbd32347c2bae8772b1b,2025-08-04,admin-dev/themes/new-theme/js/pages/order/OrderViewPageMap.ts|admin-dev/themes/new-theme/js/pages/order/order-shipping-manager.ts,BO,bo,moyen,39208,8.2.x,(hors fonction)|constructor,2,13,Carrier search not working when editing order's carrier,Fix: Carrier search not working when editing order's carrier
20977,https://github.com/PrestaShop/PrestaShop/issues/20977,https://github.com/PrestaShop/PrestaShop/pull/39191,3a249bcbf35aff4249c68e0702215f149a20d795,a0b35d1ad58428fc13f05733f025b171063d71f8,2025-08-04,classes/controller/FrontController.php,FO,fo+bo,facile,39191,8.2.x,FrontControllerCore::recoverCart,1,14,recoverCart link does not log the user. Stuck to process checkout step 1.,Fix: recoverCart link does not log the user. Stuck to process checkout step 1
39059,https://github.com/PrestaShop/PrestaShop/issues/39059,https://github.com/PrestaShop/PrestaShop/pull/39160,95b8f18fe0303fd8529dd2c8528e5b3ffa10d48e,69313a6c5efc098ebdda51e128919c4e5a2b4e1e,2025-08-04,src/PrestaShopBundle/Resources/config/services/bundle/form/form_type.yml,BO,bo,facile,39160,9.0.x,(yml),1,2,v9.0.0 Update order statuses crash when language is disabled,"Fix OrderStateType form to show all languages, including disabled ones"
36635,https://github.com/PrestaShop/PrestaShop/issues/36635,https://github.com/PrestaShop/PrestaShop/pull/39209,c1786b4ac3a4473f558c2484ab227992fed0c341,5033fe619c070a2639df17385d4a71ad25749131,2025-08-05,src/PrestaShopBundle/Resources/views/Admin/Component/LegacyLayout/session_alert.html.twig,BO,bo,facile,39209,9.0.x,(twig),1,4,BO > Customer Groups : HTML tags in warning message,BO : Fixed HTML in informations & warnings block
36062,https://github.com/PrestaShop/PrestaShop/issues/36062,https://github.com/PrestaShop/PrestaShop/pull/39010,5033fe619c070a2639df17385d4a71ad25749131,7682c115334810626093892222eb11ebedc0906d,2025-08-05,themes/_core/js/checkout-address.js,FO,fo,facile,39010,9.0.x,(hors fonction)|function,2,17,Loss of delivery address selection when choosing billing address,Save address choice on click
39313,https://github.com/PrestaShop/PrestaShop/issues/39313,https://github.com/PrestaShop/PrestaShop/pull/39312,a5a7b2350a02a5e55c2131eab0eb19e2ba3e7966,f2e32ab064e765b80cd9b30ff0980f23afa32d20,2025-08-06,src/PrestaShopBundle/Resources/views/Admin/Layout/login_layout.html.twig,BO,bo,facile,39312,9.0.x,(twig),1,2,Old smarty variable in BO login page,Fix ALT shop name.
39243,https://github.com/PrestaShop/PrestaShop/issues/39243,https://github.com/PrestaShop/PrestaShop/pull/39260,6c94a8fe1d4a7c96404b2740afc2659638222476,a5a7b2350a02a5e55c2131eab0eb19e2ba3e7966,2025-08-06,classes/Cart.php,CO,fo,facile,39260,9.0.x,CartCore::getPackageShippingCostValue,1,30,Shipping price missing taxes,Adding taxes for shipping cost if needed
35205,https://github.com/PrestaShop/PrestaShop/issues/35205,https://github.com/PrestaShop/PrestaShop/pull/39272,fd2b94cec09190d1d94d7bab18895fd9a4dfe529,5e959ec41ba09ce17bfdf9ff0145c0e43995fc3e,2025-08-08,phpstan-baseline.neon|src/Core/Form/IdentifiableObject/DataHandler/EmployeeFormDataHandler.php|src/PrestaShopBundle/Resources/config/services/core/form/form_data_handler.yml,BO,fo+bo,difficile,39272,9.0.x,(neon)|(hors fonction)|EmployeeFormDataHandler|EmployeeFormDataHandler::__construct|EmployeeFormDataHandler::update|(yml),6,27,BO > Employees - Option to Memorize the language used in Admin panel forms doesn't work,BO : Fixed the memorization of the language used in Admin in the cookie (if option is enabled)
35124,https://github.com/PrestaShop/PrestaShop/issues/35124,https://github.com/PrestaShop/PrestaShop/pull/39269,7ffbd1ac95b5f5261284ec2d7898b66ed62f316e,236c8c25194338ea613228003d4e3cc6f21c25cf,2025-08-08,admin-dev/themes/new-theme/js/pages/api-client/api-client-map.ts|admin-dev/themes/new-theme/js/pages/api-client/form/index.ts,BO,bo,moyen,39269,9.0.x,(hors fonction)|submitGeneration,2,23,Click on the `content_copy` icon don't copy the client secret,BO : Admin API : Fixed selectors for copying secret
21262,https://github.com/PrestaShop/PrestaShop/issues/21262,https://github.com/PrestaShop/PrestaShop/pull/39299,0e958b410f466cecab819182727129c09f971ca9,7ab988f2e2c6c4bf5276b91808dcfd918354a090,2025-08-09,src/PrestaShopBundle/Controller/Admin/Sell/Catalog/Product/ProductController.php|src/PrestaShopBundle/EventListener/Admin/AccessDeniedListener.php|src/PrestaShopBundle/Security/Attribute/AdminSecurity.php,BO,bo,difficile,39299,9.0.x,ProductController::deleteFromShopGroupAction|ProductController::bulkDeleteFromShopAction|ProductController::bulkDeleteFromAllShopsAction|ProductController::bulkEnableAllShopsAction|ProductController::bulkEnableShopAction|ProductController::bulkEnableShopGroupAction|ProductController::bulkDisableAllShopsAction|ProductController::bulkDisableShopAction|ProductController::bulkDisableShopGroupAction|ProductController::bulkDuplicateAllShopsAction|ProductController::bulkDuplicateShopAction|AccessDeniedListener::getAccessDeniedResponse|AccessDeniedListener::handleAttributes|AdminSecurity|AdminSecurity::__construct|AdminSecurity::setRedirectRoute,16,43,[BO][Permissions][Products] Error message not displayed using bulk edit,BO : Products - Bulk Actions : Fixed error when no permissions
39319,https://github.com/PrestaShop/PrestaShop/issues/39319,https://github.com/PrestaShop/PrestaShop/pull/39337,77bdb5e72c2f65e9420d5e26770f38b25197e3b8,feaad1b98d8d4e5e2e7c13d33f8c9b563ba41050,2025-08-11,admin-dev/themes/new-theme/js/pages/product/edit/product-partial-updater.ts,BO,fo+bo,facile,39337,8.2.x,(hors fonction),1,11,Cannot use newline in textarea on product page,Fix: Cannot use newline in textarea on product page
26860,https://github.com/PrestaShop/PrestaShop/issues/26860,https://github.com/PrestaShop/PrestaShop/pull/39314,e6c630f97ef0a33bad52a7df1c6e6321195b1227,8d847957fef432576d4caa0685f153cbe160e5f6,2025-08-12,admin-dev/themes/new-theme/js/pages/order/view.ts,BO,fo+bo,facile,39314,9.0.x,initAddCartRuleFormHandler,1,5,BO - Add button become disabled when add a new discount after cancel it ,BO : Orders : Modal Discount reset when it's hidden
39342,https://github.com/PrestaShop/PrestaShop/issues/39342,https://github.com/PrestaShop/PrestaShop/pull/39341,766e88bcc7b5b27db312252ac5531fb4df458669,141a579d58729156c8fdbea217643590da9ad0fe,2025-08-14,src/Core/Grid/Query/ShipmentQueryBuilder.php,BO,fo+bo,facile,39341,develop,ShipmentQueryBuilder::getSearchQueryBuilder,1,2,"Improve shipment : display of split is managed by ""items"" column data","Fix shipments ""items"""
39290,https://github.com/PrestaShop/PrestaShop/issues/39290,https://github.com/PrestaShop/PrestaShop/pull/39333,c0a677694694002f109331c2107354be1fbf3e66,f4e56befb5bc5381322884253afbdb495c3838fd,2025-08-14,classes/Product.php,BO,bo,facile,39333,9.0.x,ProductCore::delete,1,23,Inaccessible product if redirected to a deleted product,Fix product access in BO when seo redirection related entity is deleted
38978,https://github.com/PrestaShop/PrestaShop/issues/38978,https://github.com/PrestaShop/PrestaShop/pull/39375,71b239d633e48936d6eba9d9e89fbf0d1c1632c0,ee4a91d3f0795a40906ce369139469210dbce298,2025-08-18,classes/Country.php,BO,bo,facile,39375,9.0.x,CountryCore::delete,1,4,Country - The BO fails when you delete the main country of the shop,Don't allow  delete default country
38032,https://github.com/PrestaShop/PrestaShop/issues/38032,https://github.com/PrestaShop/PrestaShop/pull/38622,feaad1b98d8d4e5e2e7c13d33f8c9b563ba41050,6e8369196cc3342866c5086cc4b48c79eb7eb5ce,2025-08-21,admin-dev/themes/new-theme/js/pages/product/image/dropzone/Dropzone.vue,BO,bo,facile,38622,8.2.x,mounted,1,12,New product catalog does not load images in multi-store,Fix: New product catalog does not load images in multi-store
37588,https://github.com/PrestaShop/PrestaShop/issues/37588,https://github.com/PrestaShop/PrestaShop/pull/37590,1e7910bc7f499ed01bf89e86ea77c4f6c5f869a8,24a48dbc70cfed50953c1e7aeb88a94ad2886c40,2025-08-22,admin-dev/themes/new-theme/scss/components/_tinymce.scss,BO,bo,facile,37590,9.0.x,(scss),1,8,Tinymce fullscreen displayed behind header and nav-bar,Patch tinymce fullscreen
39457,https://github.com/PrestaShop/PrestaShop/issues/39457,https://github.com/PrestaShop/PrestaShop/pull/39448,0c3cc056e1b7f916a0a478c8cb2cd08b0ad2f5f6,b5566492a55c645441a267413d8d09e9169bbed4,2025-09-04,src/PrestaShopBundle/Controller/Admin/Improve/Shipping/CarrierController.php|src/PrestaShopBundle/Form/Admin/Improve/Shipping/Carrier/GeneralSettings.php|tests/Integration/Behaviour/Features/Scenario/Carrier/carrier_management.feature,BO,bo,difficile,39448,develop,CarrierController::createAction|CarrierController::editAction|(hors fonction)|GeneralSettings::buildForm|(feature),5,58,Error when you try to add a carrier with grade > 10,Fix carrier grade validation and prevent fatal error
27602,https://github.com/PrestaShop/PrestaShop/issues/27602,https://github.com/PrestaShop/PrestaShop/pull/39326,ab8aa020faaafa7d714796722f1fe68c617b0283,fbaba2a2ce2509ffd5339fcdabc68cd6e5f0957b,2025-09-04,admin-dev/themes/default/template/helpers/form/form.tpl,BO,bo,facile,39326,9.0.x,(tpl),1,2,[BO] Bad display of Dashboard Activity config form,BO : HelperForm : Fixed for select the hard defined width
38879,https://github.com/PrestaShop/PrestaShop/issues/38879,https://github.com/PrestaShop/PrestaShop/pull/38871,4138197e0530772dd00de761e47082f74d0ef072,7922ac1354ee26356636b5869d589f3645f84f16,2025-09-10,classes/Customer.php,CO,fo+bo,facile,38871,8.2.x,CustomerCore::delete,1,4,Calling delete() method on an empty instance of Customer object leads to the deletion of all non-customer-restricted specific prices,Ensure specific prices are deleted safely on customer deletion by validating passed ID
38937,https://github.com/PrestaShop/PrestaShop/issues/38937,https://github.com/PrestaShop/PrestaShop/pull/39062,b991cfec0126c0192761481810155cbfe193a78f,01a32e9a2a8155ef2a22ddaf2daebeee360ac690,2025-09-16,src/PrestaShopBundle/Resources/views/Admin/Component/Layout/nav_bar.html.twig|src/PrestaShopBundle/Resources/views/Admin/Component/LegacyLayout/nav_bar.html.twig,BO,bo,facile,39062,9.0.x,(twig)|(twig),2,4,Big part of menu/dropdowns in BO gone in PS9.0.0,Fix display of Nav Bar with NULL icons
35971,https://github.com/PrestaShop/PrestaShop/issues/35971,https://github.com/PrestaShop/PrestaShop/pull/36084,93fe27abc717e323a6f3f3a3524ec454248ea1ba,ac4263194eeb01a261b2055d6c24b0237dce320a,2025-09-16,classes/Dispatcher.php,CO,?,moyen,36084,develop,DispatcherCore::addRoute,1,36,Can't set $controller in Dispatcher in hook actionAfterLoadRoutes,New Dispatcher methods to set Controller/FrontController
39419,https://github.com/PrestaShop/PrestaShop/issues/39419,https://github.com/PrestaShop/PrestaShop/pull/39569,eecee4bd5ee17faf3fa0668e5825993af57e99f6,3db4f74b999f3133d448dd771d21b954b864276f,2025-09-22,src/PrestaShopBundle/Form/Admin/Sell/Discount/DiscountTypeSelectorType.php,FO,fo+bo,facile,39569,develop,DiscountTypeSelectorType::buildForm,1,5,Apply a discount on total amount crash my PC and the FO (New Discount page),Disable temporary order level discount to avoid issues
39471,https://github.com/PrestaShop/PrestaShop/issues/39471,https://github.com/PrestaShop/PrestaShop/pull/39472,8570239296431ed4f81d6d775724037d08851839,1b944b2491e1dd56c4379c8dffef33fa8041cf00,2025-09-22,docs/csv_import/products_import.csv|src/Core/Import/EntityField/Provider/ProductFieldsProvider.php,BO,bo,moyen,39472,9.0.x,(csv)|ProductFieldsProvider::getCollection,2,17,"Missing ""Stock location"" in the default product csv import","Add missing ""Stock location"" in the defaults product csv"
39587,https://github.com/PrestaShop/PrestaShop/issues/39587,https://github.com/PrestaShop/PrestaShop/pull/39592,b5b545bc70f0ca31c2dacb94de91373f042885c6,6afd39f8c820346e8876369cefe5a6366d6c35cd,2025-09-23,classes/form/CustomerForm.php,FO,fo,facile,39592,9.0.x,CustomerFormCore::validate,1,14,Email unicity not checked anymore on version 9.0,Reintroduce email unicity validation
39507,https://github.com/PrestaShop/PrestaShop/issues/39507,https://github.com/PrestaShop/PrestaShop/pull/39651,9ad8e4a4e7dce20e3912359da1289ee934e6739d,f932588074776e7231ec5c39a75eb517d8d0cc97,2025-10-01,controllers/front/listing/CategoryController.php,FO,fo,facile,39651,9.0.x,CategoryControllerCore::init,1,4,"PS 9.0 After changing the category name, the canonical redirection does not work – the 301 redirection is not generated.",Fix the canonical redirection when category slug is wrong but id is correct
36665,https://github.com/PrestaShop/PrestaShop/issues/36665,https://github.com/PrestaShop/PrestaShop/pull/39728,7922ac1354ee26356636b5869d589f3645f84f16,95e699fe6e5e015c333094537c369992fc210597,2025-10-13,src/Adapter/Product/QueryHandler/GetProductForEditingHandler.php,BO,bo,facile,39728,8.2.x,(hors fonction)|GetProductForEditingHandler::getSeoOptions,2,17,Issue with redirect 301 in product detail SEO tab cause error after target product is deleted,Fix product broken when redirect target is deleted
35875,https://github.com/PrestaShop/PrestaShop/issues/35875,https://github.com/PrestaShop/PrestaShop/pull/39732,c2ee48d65b37bc4c631bfe86a51923b2ad081801,ebaebc8657de50887607583a3afa4b974be5c7e3,2025-10-14,src/Adapter/Order/CommandHandler/UpdateProductInOrderHandler.php|src/Adapter/Order/OrderDetailUpdater.php,BO,fo+bo,moyen,39732,9.0.x,UpdateProductInOrderHandler::handle|OrderDetailUpdater::updateOrderDetailsTaxes,2,58,Order tax is not updated when modifying order in backoffice,Fix order tax update
39705,https://github.com/PrestaShop/PrestaShop/issues/39705,https://github.com/PrestaShop/PrestaShop/pull/39706,9d288287e4197723c2dc7cf6f155f522a4e00fd5,7b635df8e761d09e3cd2d6fc39677f410de7272b,2025-10-20,src/Core/Form/IdentifiableObject/DataProvider/DiscountFormDataProvider.php,BO,fo+bo,facile,39706,develop,DiscountFormDataProvider::getData,1,11,"When I create a new discount with no cart conditions, this sub form is still displayed",Fix discount edition when no cart conditions were defined
34974,https://github.com/PrestaShop/PrestaShop/issues/34974,https://github.com/PrestaShop/PrestaShop/pull/39578,9b8c19cfae2b24d64b9f82cbd84c2b48ba094f31,e94d9e406558736132b10b787fe5abf69df0b50f,2025-10-21,controllers/admin/AdminStoresController.php,BO,bo,facile,39578,9.0.x,AdminStoresControllerCore::adaptHoursFormat,1,5,Store contact import can insert bad data in DB,Fix issue with null values on stores from import
39805,https://github.com/PrestaShop/PrestaShop/issues/39805,https://github.com/PrestaShop/PrestaShop/pull/39808,c5747b8bdd9ae5c71984f3dc651bc1da3a72b6b1,15851fd47dff43e18a711dc1c718920e2535c6b9,2025-10-22,src/PrestaShopBundle/Form/Admin/Sell/Discount/DiscountType.php,BO,bo,facile,39808,develop,DiscountType::buildForm,1,12,Can't fill discount value on catalog products discount,Add missing form type in catalog discount
39793,https://github.com/PrestaShop/PrestaShop/issues/39793,https://github.com/PrestaShop/PrestaShop/pull/39811,2a960737177f512fafaa5b135634206173dd5b3a,0e094acab9b4dae85b5ffa9c5a7e5ef780cbe7b1,2025-10-24,src/Adapter/CartRule/CartRuleBuilder.php|src/Adapter/Discount/Validate/DiscountValidator.php|src/Core/Form/IdentifiableObject/DataHandler/DiscountFormDataHandler.php,BO,bo,difficile,39811,develop,CartRuleBuilder::build|DiscountValidator::validateDiscountPropertiesForType|DiscountFormDataHandler::create|DiscountFormDataHandler::update,4,48,"Error when switching from manual code to ""Generate discount code"" in a ""On catalog products""",Fix product type discount
39730,https://github.com/PrestaShop/PrestaShop/issues/39730,https://github.com/PrestaShop/PrestaShop/pull/39810,85a8abe2490f3d29051e6a673d67eb21b15036da,9ce113ba2055a198d6f3a72d4f599c159a56d55f,2025-10-24,classes/Carrier.php,BO,fo+bo,facile,39810,develop,(hors fonction)|CarrierCore::isUsed,2,17,[MULTICARRIER] CarrierNotFoundException > ShipmentNotFoundException when the carrier used for an order is deleted,Chore: verify is carrier is linked to shipments for soft delete
39786,https://github.com/PrestaShop/PrestaShop/issues/39786,https://github.com/PrestaShop/PrestaShop/pull/39788,336e9c58501970711f622e33ea3eef1ad599be77,5701388079ef628fe06e317692257faee30c6b48,2025-10-28,classes/Cart.php|controllers/front/CartController.php|controllers/front/OrderController.php,BO,fo,difficile,39788,develop,CartCore::isCarrierInRange|CartControllerCore::init|OrderControllerCore::displayAjaxCheckCartStillOrderable|OrderControllerCore::initContent,4,33,Order validation throw an Exception while country is disabled and cart doesn't need carrier selection,Add check for enabled countries in cart and order
39709,https://github.com/PrestaShop/PrestaShop/issues/39709,https://github.com/PrestaShop/PrestaShop/pull/39691,6be882220a10076fb9ed7dc267bfb2080ae262f8,168b6724f07f6c90605ff380bc2fc960c2d9b79f,2025-10-30,admin-dev/themes/new-theme/js/components/form/translatable-choice.ts,BO,bo,facile,39691,9.0.x,constructor,1,1,Order status template resets to account template after save,Fix: Ensure order status template keeps between saves
38223,https://github.com/PrestaShop/PrestaShop/issues/38223,https://github.com/PrestaShop/PrestaShop/pull/38301,6879cbdaf4e0c6a3a61b8a5216dbcf72c2f61f0a,7fdb91e5ea3553b2d9deabf6c09af52084fdea05,2025-10-30,classes/tax/AverageTaxOfProductsTaxCalculator.php,BO,bo,facile,38301,9.0.x,AverageTaxOfProductsTaxCalculator::getTaxesAmount,1,21,"AverageTaxOfProductsTaxCalculator, Cannot use a scalar value as an array","Fix: AverageTaxOfProductsTaxCalculator, Cannot use a scalar value as an array"
27414,https://github.com/PrestaShop/PrestaShop/issues/27414,https://github.com/PrestaShop/PrestaShop/pull/39897,464a344c3d3c839ab12a78340c086accebcb8342,035f1998ffe596cd8cdc8efedb801bd9c62587ad,2025-11-10,admin-dev/themes/new-theme/js/app/utils/serp/index.js|admin-dev/themes/new-theme/js/pages/category/index.ts,BO,bo,facile,39897,9.0.x,checkDesc|(hors fonction),2,8,SEO preview block in Category and Pages is not well displayed,BO - Categories : The description wasn't displayed by default in SERP
27745,https://github.com/PrestaShop/PrestaShop/issues/27745,https://github.com/PrestaShop/PrestaShop/pull/39833,7d4632ef8dba650bd67da1e533e27a73ac8b7cdc,588c98db9185a6d7287df9118fd5ab717f20c002,2025-11-12,admin-dev/themes/new-theme/js/pages/order/order-shipping-manager.ts|src/PrestaShopBundle/Resources/views/Admin/Sell/Order/Order/Blocks/View/shipping.html.twig,BO,bo,moyen,39833,9.0.x,constructor|(twig),2,4,"""Edit shipping details"" modal does not reset carrier dropdown value on cancel",BO - Orders - View - Carrier Modal : The selected carrier is the correct
29453,https://github.com/PrestaShop/PrestaShop/issues/29453,https://github.com/PrestaShop/PrestaShop/pull/39982,4c24c3b2c0ba54eb7c527e7be378739d0c0b8c73,fb5dd99089f69ca479d560b5ac0c506c101494e9,2025-11-14,admin-dev/themes/new-theme/js/pages/module/controller.js,BO,fo+bo,facile,39982,9.0.x,fetchModulesList|isReadMoreModalOpened,2,20,"BO - Page configuration - ""See all theme's modules"" button doesn't filter the Theme category correctly",BO : Fixed anchor target for modules page
31329,https://github.com/PrestaShop/PrestaShop/issues/31329,https://github.com/PrestaShop/PrestaShop/pull/39976,1cabe96ef875f06cbc1a6328f898f76daeec193c,4a92930e95899ba17b9ad692d043dd18748d5960,2025-11-14,admin-dev/themes/new-theme/js/components/country-state-selection-toggler.ts,BO,bo,facile,39976,9.0.x,(hors fonction),1,11,"Country with ""Contains states"" enabled but without any State, don't show any error in Admin",BO : Adresses : Fixed display of state if there is errors
39069,https://github.com/PrestaShop/PrestaShop/issues/39069,https://github.com/PrestaShop/PrestaShop/pull/39900,a8a0a7b842eaea8253a6cd56012e2bb3a2e15baa,ccc43b1327b53faa94412238d671fc8706fcc206,2025-11-14,src/Adapter/Form/ChoiceProvider/OrderCountriesChoiceProvider.php,BO,bo,facile,39900,9.0.x,(hors fonction)|OrderCountriesChoiceProvider::getChoices,2,22,Performance Issue: Heavy SQL Query in OrderCountriesChoiceProvider Slows Down Orders Grid,BO - Orders : Optimized Countries Choice
9874,https://github.com/PrestaShop/PrestaShop/issues/9874,https://github.com/PrestaShop/PrestaShop/pull/39834,4a92930e95899ba17b9ad692d043dd18748d5960,4c24c3b2c0ba54eb7c527e7be378739d0c0b8c73,2025-11-14,src/Core/Module/ModuleRepository.php|tests/Integration/Core/Module/ModuleRepositoryTest.php|tests/Unit/Core/Module/ModuleRepositoryTest.php,BO,bo,difficile,39834,9.0.x,(hors fonction)|ModuleRepository::getList|ModuleRepository::enrichModuleAttributesFromHook|ModuleRepositoryTest::setUp|ModuleRepositoryTest::setUp,5,36,[BOOM-3974] View permission doesn't work for modules,BO Modules : Display only modules if you have the permission
39922,https://github.com/PrestaShop/PrestaShop/issues/39922,https://github.com/PrestaShop/PrestaShop/pull/40017,fb5dd99089f69ca479d560b5ac0c506c101494e9,3aa4d77ad1ba0e55e5a4334931fa7c8bb22a58cb,2025-11-17,src/Adapter/Cache/Clearer/SafeLoggerTrait.php|src/Adapter/Cache/Clearer/Symfony/ExecKernelCacheClearer.php,CO,cli,moyen,40017,9.0.x,SafeLoggerTrait::logError|ExecKernelCacheClearer::clearKernelCache|ExecKernelCacheClearer::execCommand,3,27,"Installation fails if PHP ""exec"" is disabled",Check if function exec is disabled in ExecKernelCacheClearer
39890,https://github.com/PrestaShop/PrestaShop/issues/39890,https://github.com/PrestaShop/PrestaShop/pull/39892,809599223e4acca20dfadf7134f7e9f656c5c219,f5f4e0b2f8d71300ea8fd9ebee349221930e3510,2025-11-19,src/Adapter/Category/Repository/CategoryRepository.php,BO,fo+bo,facile,39892,9.0.x,CategoryRepository::getBreadcrumbParts,1,2,Categories on admin product page are wrongly ordered,Fix order of categories in admin
39816,https://github.com/PrestaShop/PrestaShop/issues/39816,https://github.com/PrestaShop/PrestaShop/pull/39817,201b2dd726215a852bc8d5210964fb1797fba918,12083c20ab42c06088b446d6fb945ec5573118f1,2025-11-19,classes/form/CustomerForm.php,FO,fo,facile,39817,9.0.x,CustomerFormCore::validate,1,20,Guest checkout for already existing customers doesn't work after 9.0.1,Improve front office customer form validation to fix issues with guests and emails
37840,https://github.com/PrestaShop/PrestaShop/issues/37840,https://github.com/PrestaShop/PrestaShop/pull/37841,44c2f4318765c55d5a509cb5ee44165d1b31063f,201b2dd726215a852bc8d5210964fb1797fba918,2025-11-19,src/Adapter/Product/Combination/Repository/CombinationRepository.php,BO,fo+bo,facile,37841,9.0.x,CombinationRepository::getProductId|CombinationRepository::addToShop,2,21,Multishop: Deleting and recreating a combination removes the shared reference (new Product Page V2),Fix: Multishop: Deleting and recreating a combination removes the shared reference (new Product Page V2)
35037,https://github.com/PrestaShop/PrestaShop/issues/35037,https://github.com/PrestaShop/PrestaShop/pull/40004,12d283df180b48881f5893106cc1a22db48388f2,268d45710883d6fd336eec11a045ad545aed3282,2025-11-20,classes/CustomerThread.php,BO,fo+bo,facile,40004,9.0.x,CustomerThreadCore::getNextThread,1,2,"Customer Service - Button ""Reply to the next unanswered message in this thread"" doesn't work","BO - Customer Service : Fixed button ""Reply to the next unanswered message in this thread"""
34935,https://github.com/PrestaShop/PrestaShop/issues/34935,https://github.com/PrestaShop/PrestaShop/pull/39999,38f95f5cba9140d36576548dc3df2acdbf37182f,12d283df180b48881f5893106cc1a22db48388f2,2025-11-20,controllers/front/GetFileController.php|src/Core/Form/IdentifiableObject/CommandBuilder/Product/VirtualProductFileCommandsBuilder.php|tests/Unit/Core/Form/IdentifiableObject/CommandBuilder/Product/VirtualProductFileCommandsBuilderTest.php,FO,fo+bo,difficile,39999,9.0.x,GetFileControllerCore::init|VirtualProductFileCommandsBuilder::buildAddCommand|VirtualProductFileCommandsBuilderTest::getExpectedCommands,3,36,"Can't download a virtual product because ""Expiration date has passed, you cannot download this product.""",BO : Product (Virtual) : Set number of days without expiration date
39862,https://github.com/PrestaShop/PrestaShop/issues/39862,https://github.com/PrestaShop/PrestaShop/pull/39864,0528ff27922dec820b87b1e154dc9a2076447706,8ab6eb7ff47041c7ab4c1a6971fd991ffa4d1351,2025-11-20,Makefile,CO,?,facile,39864,develop,(Makefile),1,18,Makefile PHP_CONT variable fails for npm commands due to missing shell login,Fix: [Docker][Makefile] fix #39862
37776,https://github.com/PrestaShop/PrestaShop/issues/37776,https://github.com/PrestaShop/PrestaShop/pull/40062,6a165828ba4c90e300ceb8590998cefe67cc7ee3,10a3a60d1ae9c82eaa24057a233c1d1407b6ea84,2025-11-21,src/Adapter/Shop/Url/HelpProvider.php,BO,fo+bo,facile,40062,9.0.x,HelpProvider::getUrl,1,5,Product page - Product toolbar button doesn't show the Help page anymore,BO - Products Page : Fixed URL for documentation
37690,https://github.com/PrestaShop/PrestaShop/issues/37690,https://github.com/PrestaShop/PrestaShop/pull/40052,6cda187d1dfe8b1c091ffb0df86d81e9e34f0324,2dc6e539ebccfd115e0d798e2085a51e4cafac4a,2025-11-24,controllers/admin/AdminGroupsController.php,BO,bo,facile,40052,9.0.x,AdminGroupsControllerCore::initPageHeaderToolbar,1,2,Multistore - Exception thrown when creating a group in specific shop,"BO - Multistore : Fixed link ""Add new group"""
38615,https://github.com/PrestaShop/PrestaShop/issues/38615,https://github.com/PrestaShop/PrestaShop/pull/38617,e781c2401a0e567ea2d82f59034938511a76faaf,d4eba255980fb5a35c4d33f2064e4cd634b2a511,2025-11-24,src/Adapter/Product/Combination/Create/CombinationCreator.php,BO,bo,moyen,38617,9.0.x,(hors fonction)|CombinationCreator|CombinationCreator::__construct|CombinationCreator::persistCombination,4,15,Hook actionAttributeCombinationSave never triggered,Fix: Hook actionAttributeCombinationSave never triggered
36795,https://github.com/PrestaShop/PrestaShop/issues/36795,https://github.com/PrestaShop/PrestaShop/pull/36796,7556437e2eb08c0004af655e1b1bf7a691065ff2,e781c2401a0e567ea2d82f59034938511a76faaf,2025-11-24,classes/PaymentModule.php|mails/_partials/order_conf_product_list.tpl,FO,cli,moyen,36796,9.0.x,PaymentModuleCore::validateOrder|(tpl),2,6,Product customization text appears as raw HTML in order confirmation email (order_conf),Fix: Product customization text appears as raw HTML in order confirmation email (order_conf)
40090,https://github.com/PrestaShop/PrestaShop/issues/40090,https://github.com/PrestaShop/PrestaShop/pull/40092,2042ee76bc08570b329e1bae4a65db77e894c91e,068e8030dd057c5417a9f897b78bf4070321eefc,2025-11-26,Makefile,CO,cli,moyen,40092,develop,(Makefile),1,41,Fix composer scripts broken in makefile,Fix composer and npm script in make file
12732,https://github.com/PrestaShop/PrestaShop/issues/12732,https://github.com/PrestaShop/PrestaShop/pull/40044,3e9fc1f7cf2609eedf8dd17ca4e517ea91ada114,6133ff8cd7186e2ca68822987f85faffb474bc2f,2025-11-28,classes/Carrier.php,FO,fo,moyen,40044,9.0.x,CarrierCore::getDeliveredCountries,1,48,"When multistore is enabled, all countries are displayed in address instead of only those covered by active carriers",Multistore : Display countries only those covered by active carriers
40200,https://github.com/PrestaShop/PrestaShop/issues/40200,https://github.com/PrestaShop/PrestaShop/pull/40201,47fdf8ad779e76cb6e6de85a660d230323777d16,eb46f993a2306c7f2a56284a8cce0c1e24c443e9,2025-12-01,src/Core/Email/LegacyEmailTemplateLister.php,BO,bo,facile,40201,9.0.x,LegacyEmailTemplateLister::getLegacyTemplates,1,2,Legacy email templates broken - bad path,Fix path to legacy mail folder
40090,https://github.com/PrestaShop/PrestaShop/issues/40090,https://github.com/PrestaShop/PrestaShop/pull/40114,f33e52042e66ee6daf2e5690efa6c49c4d4b7422,d4f0460289d0461170bf0b417a757b19229c6b01,2025-12-02,Makefile,IN,cli,moyen,40114,9.0.x,(Makefile),1,45,Fix composer scripts broken in makefile,Chore(Makefile): fix Makefile shell detection issue
40268,https://github.com/PrestaShop/PrestaShop/issues/40268,https://github.com/PrestaShop/PrestaShop/pull/40267,8c9842a2a81c43f8aa1ad177d7a630e53f00a61c,dc63f5b8372e593957d2de7ee4c54b17f3b3de26,2025-12-08,src/Core/Form/IdentifiableObject/DataProvider/DiscountFormDataProvider.php,BO,bo,facile,40267,develop,DiscountFormDataProvider::getData,1,3,Discount v2 tax and shipping exlc minimum purchase amount,Fix minimum amount discount cart conditions tax/shipping incl. or excl.
38494,https://github.com/PrestaShop/PrestaShop/issues/38494,https://github.com/PrestaShop/PrestaShop/pull/40262,b31c3fd511dccb037bbf26bf7f0e934e6020b297,7f81809443bad3c2f480107d8a23718eb0342c42,2025-12-10,upload/.htaccess,BO,fo,facile,40262,9.0.x,(htaccess),1,10,Product image customizations are not visible once uploaded,Allow access to customized files preview without multi-lang enabled
40255,https://github.com/PrestaShop/PrestaShop/issues/40255,https://github.com/PrestaShop/PrestaShop/pull/40256,3853e27c635694675e9b6bfeb4ec2ff678035321,9e719d44a09980d32003df5fac514ffbe1842fd2,2025-12-10,classes/SpecificPrice.php,BO,bo,facile,40256,9.0.x,SpecificPriceCore::add,1,14,Issue retrieving product price when adding the first specific_price,Fix: Issue retrieving product price when adding the first specific_price
40288,https://github.com/PrestaShop/PrestaShop/issues/40288,https://github.com/PrestaShop/PrestaShop/pull/40297,9266c624bda9783cc2406c0df08d61e55805ca99,26db0ec437974f679c4c59f6641c23a630febd22,2025-12-13,src/Adapter/Shipment/OrderShipmentCreator.php,CO,fo+bo,moyen,40297,develop,OrderShipmentCreator::addShipmentOrder,1,45,"[Multicarrier] Customizable product - number products are multiplied by number of products in the cart (not number of items) : impacts on order confirmation page, order detail page, order page (BO)",Multi-carrier - handle product customization
36999,https://github.com/PrestaShop/PrestaShop/issues/36999,https://github.com/PrestaShop/PrestaShop/pull/40001,cf7b40d1d589472c71cbe642162f80199004dc89,677ef5c6c4d13f7c9bc0e41cc16cb20216ae9fbc,2025-12-15,src/PrestaShopBundle/Controller/Admin/Sell/Catalog/CategoryController.php|tests/UI/campaigns/functional/BO/03_catalog/02_categories/08_editHomeCategory.ts,BO,bo,difficile,40001,9.0.x,CategoryController::editRootAction|(hors fonction)|it,3,23,Bugs when editing home category,Fix redirect after editing root category to use current categoryId in stead of PS_HOME_CATEGORY
39910,https://github.com/PrestaShop/PrestaShop/issues/39910,https://github.com/PrestaShop/PrestaShop/pull/39926,677ef5c6c4d13f7c9bc0e41cc16cb20216ae9fbc,8888180664197d0293eebeb46e6bd56ae2887015,2025-12-15,src/Adapter/SqlManager/QueryHandler/GetSqlRequestExecutionResultHandler.php,BO,bo,facile,39926,9.0.x,GetSqlRequestExecutionResultHandler::getSensitiveAttributes,1,3,SQL Manager error,Fix: handle SELECT fields without no_quotes in getSensitiveAttributes
37322,https://github.com/PrestaShop/PrestaShop/issues/37322,https://github.com/PrestaShop/PrestaShop/pull/40329,e387d2e9bdfcfc7b454826628bc7225c88c667b7,0cd262fbb768c16b80969c68ad39f310bd9a3b4a,2025-12-18,src/PrestaShopBundle/Service/TranslationService.php,BO,fo+bo,facile,40329,9.0.x,TranslationService::saveTranslationMessage,1,2,"PS 8.2.0 and 9.0.0, new language pack and uploading new theme generates ""No result was found for query although at least one row was expected"" English translate errors",Prevent NoResultException when checking for existing translations
40007,https://github.com/PrestaShop/PrestaShop/issues/40007,https://github.com/PrestaShop/PrestaShop/pull/40040,378e1102b20ab26adf3bbd326531a0ce49931d37,f2e0abea2fb1f72b48e41d971367d1c13504a7a2,2026-01-05,classes/order/Order.php,CO,?,facile,40040,9.0.x,OrderCore::getIdByCartId,1,3,Order::getIdByCartId in OrderConfirmationControllerCore fails to query order_id when cached,Always request a non cached result in Order::getIdByCartId
40059,https://github.com/PrestaShop/PrestaShop/issues/40059,https://github.com/PrestaShop/PrestaShop/pull/40066,a30b473b57a8a5e22b609b3a22a2dce385fe0728,be7eb83b4e88e1a2f9a231817287cb29438d073c,2026-01-08,controllers/admin/AdminCountriesController.php|src/PrestaShopBundle/EventListener/Admin/Context/ShopContextSubscriber.php,BO,bo,moyen,40066,9.0.x,AdminCountriesControllerCore::initPageHeaderToolbar|ShopContextSubscriber::createShopContextUpdateRedirectResponse,2,13,[BO] Admin Countries page redirect issue with multishop after changing shop,Fix: [BO] Admin Countries page redirect issue with multishop after changing shop
40049,https://github.com/PrestaShop/PrestaShop/issues/40049,https://github.com/PrestaShop/PrestaShop/pull/40050,80b41063fe793414cac7b65a787d0128d2806bec,2f078cf051fe3f37dd662327cf9a004a449279ab,2026-01-09,src/PrestaShopBundle/Controller/Admin/LoginController.php,BO,bo,facile,40050,9.0.x,LoginController::checkRequiredActions,1,10,Incorrect redirect from HTTP to HTTPS on the admin login page when PrestaShop is in a subfolder,Fix: Incorrect redirect from HTTP to HTTPS on the admin login page when PrestaShop is in a subfolder
39819,https://github.com/PrestaShop/PrestaShop/issues/39819,https://github.com/PrestaShop/PrestaShop/pull/39854,2f078cf051fe3f37dd662327cf9a004a449279ab,6edff92c8a2f61d1c114265e74845443695e2220,2026-01-09,src/Core/QuickAccess/QuickAccessGenerator.php,BO,bo,facile,39854,9.0.x,QuickAccessGenerator::getTokenizedQuickAccesses,1,2,"Quick Access links redirect to root instead of subdirectory, causing 404.","Fix: Quick Access links redirect to root instead of subdirectory, causing 404"
34191,https://github.com/PrestaShop/PrestaShop/issues/34191,https://github.com/PrestaShop/PrestaShop/pull/40246,e447aea52ec81a3596d838f9f9f973de37187c29,21a623a90955b1518be7838290029c08d40bb03f,2026-01-14,classes/Link.php|tests/UI/campaigns/functional/BO/03_catalog/01_products/18_seoTab.ts|tests/UI/campaigns/functional/BO/03_catalog/01_products/22_bulkActionsEnableDisable3DotsButton.ts,FO,fo+bo,difficile,40246,9.0.x,LinkCore::getProductLink|it|it,3,30,Preview Disabled Product & Multiples languages ,Fix preview in multilang
40429,https://github.com/PrestaShop/PrestaShop/issues/40429,https://github.com/PrestaShop/PrestaShop/pull/40433,b4785f53b8c9e72c0a826ec734b4374ce3c2c7e9,6f7876b3a2e6748a8e328a3ec7ef388924ae50f6,2026-01-16,classes/module/Module.php,BO,bo,facile,40433,9.0.x,(hors fonction)|ModuleCore::__construct,2,5,Module update problem,Fix: Module update problem
40407,https://github.com/PrestaShop/PrestaShop/issues/40407,https://github.com/PrestaShop/PrestaShop/pull/40496,9c94f509cbac417abe30be481305425f9d72e958,5892fadd5408be048f085ae4bd961f1c34a8f03d,2026-01-19,src/Adapter/Carrier/Repository/CarrierRangeRepository.php|src/Adapter/Carrier/Repository/CarrierRepository.php,BO,?,moyen,40496,9.0.x,CarrierRangeRepository::set|CarrierRangeRepository::applyRangeTypeForQuery|CarrierRepository::getOrdersCount,3,8,TypeError in Carrier repositories on PrestaShop 9 (string returned instead of int),Fix some type issues related to carriers
40422,https://github.com/PrestaShop/PrestaShop/issues/40422,https://github.com/PrestaShop/PrestaShop/pull/40423,6f7876b3a2e6748a8e328a3ec7ef388924ae50f6,6e4b0eba52cf091c8d1fb1811f933b1bdf5f413f,2026-01-19,classes/PaymentModule.php,CO,?,facile,40423,9.0.x,PaymentModuleCore::getEmailTemplateContent,1,11,"""Both, with text format automatically generated"" in Advanced settings -> Emails breaks product list generation in emails",Fix empty extra vars / product list when using the new automatic text email option
40553,https://github.com/PrestaShop/PrestaShop/issues/40553,https://github.com/PrestaShop/PrestaShop/pull/40554,2f311aad27c5d1cccf009bcd2fb23cb9be0bb691,de39b8eb7874e39a332ed33206b528a5caae7131,2026-01-20,src/PrestaShopBundle/Resources/views/Admin/Sell/Order/Order/Blocks/View/products.html.twig,BO,bo,facile,40554,9.0.x,(twig),1,14,Admin Order Totals: Tax summary not displayed when Customer group “Price display method” = Tax included,Fix: always display taxes total in order summary
39769,https://github.com/PrestaShop/PrestaShop/issues/39769,https://github.com/PrestaShop/PrestaShop/pull/40499,a4b5664aede83e4a685b610a2db18f574b4109e9,e425c58222fc3249a00fa683a0059dfd5ba178e2,2026-01-20,src/Adapter/AttributeGroup/CommandHandler/EditAttributeGroupHandler.php,BO,bo,facile,40499,9.0.x,EditAttributeGroupHandler::handle,1,2,When saving an Attribute `is_color_group` is not updated.,Fix: When saving an Attribute is_color_group is not updated.
38722,https://github.com/PrestaShop/PrestaShop/issues/38722,https://github.com/PrestaShop/PrestaShop/pull/38775,e425c58222fc3249a00fa683a0059dfd5ba178e2,16c3f4abdf02f2975830cc3f1d50c7cf60b97f4a,2026-01-20,src/Adapter/EntityMapper.php,BO,bo,facile,38775,9.0.x,(hors fonction)|EntityMapper::load,2,12,Multishop - error loading CMS pages removed from the default shop,Fix: Multishop - error loading CMS pages removed from the default shop
40555,https://github.com/PrestaShop/PrestaShop/issues/40555,https://github.com/PrestaShop/PrestaShop/pull/40556,16c3f4abdf02f2975830cc3f1d50c7cf60b97f4a,8c00d7410d9923591c522a77b9ce1e1d8f0423d1,2026-01-21,src/PrestaShopBundle/Resources/config/services/core/form/choice_provider.yml|src/PrestaShopBundle/Resources/config/services/core/import.yml,BO,bo,facile,40556,9.0.x,(yml)|(yml),2,4,"CsvFileReader service fails with ""You have requested a non-existent service 'session'""","Fix: CsvFileReader service fails with ""You have requested a non-existent service 'session'"""
39111,https://github.com/PrestaShop/PrestaShop/issues/39111,https://github.com/PrestaShop/PrestaShop/pull/40442,4d30c5f0e00a77a9cf2e3f18c84ec7f8737b8d9a,48d3a8a37651eaded0d668f1681bd180c6ac6d9d,2026-01-22,classes/Image.php,WS,http,facile,40442,9.0.x,(hors fonction)|ImageCore::deleteAutoGeneratedImage,2,7,PHP Fatal error when deleting product image by Webservice API,Fix: PHP Fatal error when deleting product image by Webservice API #39111
40258,https://github.com/PrestaShop/PrestaShop/issues/40258,https://github.com/PrestaShop/PrestaShop/pull/40498,9644cfda7631765d78e9f2f559de3413bf1ef715,414789ffefe945c65544b91130bf224b94d93b9d,2026-01-31,src/PrestaShopBundle/Entity/ImageType.php,CO,fo+bo,facile,40498,9.0.x,(hors fonction),1,4,"doctrine throws error from the beginning: There is no column with name ""theme_name"" on table ""ps_image_type"".","Fix: doctrine throws error from the beginning: There is no column with name ""theme_name"" on table ""ps_image_type"""
36487,https://github.com/PrestaShop/PrestaShop/issues/36487,https://github.com/PrestaShop/PrestaShop/pull/40657,5df6ce4f9e96eb1b3df2f3f65fb6459a41ce6a21,c0d8136da00bdd6baf769be19721c49fbf031479,2026-02-02,src/Adapter/Debug/DebugMode.php|src/Adapter/Debug/DebugProfiling.php,BO,bo,moyen,40657,9.1.x,DebugMode::changePsModeDevValue|DebugProfiling::changeProfilingValue,2,12,Debug mode and profiler cannot be switched from the back office if defines_custom.inc.php is used,Fix configuration of Dev mode and Debug profiling in the back office
39109,https://github.com/PrestaShop/PrestaShop/issues/39109,https://github.com/PrestaShop/PrestaShop/pull/40626,ccd5bc4f95e831f67911144cbe8fe1d24afcab65,8f5f2902019f8c5c25849f5ec66ba0dfa1af9418,2026-02-02,src/Adapter/Presenter/Cart/CartLazyArray.php,BO,fo+bo,facile,40626,9.0.x,CartLazyArray::cartVoucherHasFreeShippingOnly,1,3,"Cart Rule : ""Free Shipping"" but not ""Free Shipping""","Fix ""Free shipping"" displayed for discounts with free shipping off an…"
39109,https://github.com/PrestaShop/PrestaShop/issues/39109,https://github.com/PrestaShop/PrestaShop/pull/40614,57b79625416fbf3f0c593d8c07bebb9537df2f07,d70d585787f7de9174a5779657d91a60b358aed8,2026-02-05,src/Adapter/Presenter/Cart/CartLazyArray.php|tests/UI/campaigns/functional/BO/03_catalog/07_discounts/01_cartRules/01_CRUDCartRule/03_actions/04_applyDiscountAmount.ts,BO,fo+bo,moyen,40614,9.1.x,CartLazyArray::cartVoucherHasFreeShippingOnly|it,2,12,"Cart Rule : ""Free Shipping"" but not ""Free Shipping""","Fix ""Free shipping"" displayed on cart when a discount haven't free shipping enabled and with a reduction amount = 0"
40704,https://github.com/PrestaShop/PrestaShop/issues/40704,https://github.com/PrestaShop/PrestaShop/pull/40710,30f6669119afb95c92930a9f092fd677be71efbe,d6186b18575d8ede0780d90e0a1b253592d0b96d,2026-02-09,src/Core/Grid/Query/FeatureQueryBuilder.php,BO,bo,facile,40710,9.0.x,FeatureQueryBuilder::getSearchQueryBuilder,1,2,Feature values count is duplicated when using “All shops” with multiple shops,Fix: Feature values count is duplicated when using “All shops” with multiple shops
13705,https://github.com/PrestaShop/PrestaShop/issues/13705,https://github.com/PrestaShop/PrestaShop/pull/40656,cbf32eff9dcbafda10a1fa00967a6d36df38c2b9,132055618e846c535713834760e54b4e1b576183,2026-02-10,classes/Cart.php|classes/order/Order.php,CO,fo,moyen,40656,9.1.x,CartCore::getProducts|OrderCore::setProductReduction,2,17,Cart > getSpecificPrice called with shop group id rather than customer group id,Fix getting specific price for a given customer group
40741,https://github.com/PrestaShop/PrestaShop/issues/40741,https://github.com/PrestaShop/PrestaShop/pull/40743,8f610459e679772ab3ac9ea6d51f359a76a08779,e201e9a79a1eb97ce3c1bfe26ab51bfa52f42384,2026-02-12,classes/order/OrderInvoice.php,BO,bo,facile,40743,9.1.x,OrderInvoiceCore::getRestPaid,1,4,"Bug: when invoicing is disabled, changing order status to ""paid=1"" does not register any payment on the order","Fix: Bug: when invoicing is disabled, changing order status to ""paid=1"" does not register any payment on the order"
40703,https://github.com/PrestaShop/PrestaShop/issues/40703,https://github.com/PrestaShop/PrestaShop/pull/40706,88e6a0eae335de22cf289bf9c716c3a7fddc9f49,58ffbbf11ec3486059c3b679eaa2ca88f7afebdb,2026-02-17,src/Adapter/Form/ChoiceProvider/FeaturesChoiceProvider.php,BO,bo,facile,40706,9.0.x,(hors fonction)|FeaturesChoiceProvider::getChoices,2,21,Features with the same name are shown only once when creating values and assigning to products,Fix: Features with the same name are shown only once when creating values and assigning to products
40331,https://github.com/PrestaShop/PrestaShop/issues/40331,https://github.com/PrestaShop/PrestaShop/pull/40823,92e6fdbddf05e3c6375535ecfa8b78eb4471fdd7,90eb1c6f4cd405bad27f22520ff6baa7bbabd2c1,2026-02-18,classes/ImageType.php,CO,?,facile,40823,9.1.x,ImageTypeCore::getFormattedName,1,7,[BUG] getFormattedName and getImageLink have problem with the new image format type like default_sm,"Don't add ""default"" if ""default"" already in name for getFormattedName"
38348,https://github.com/PrestaShop/PrestaShop/issues/38348,https://github.com/PrestaShop/PrestaShop/pull/40866,17ffdb53b6b61e895044bb2dfbc9c63256309c2b,71b5cc9799129c0069e9af2e25d4f7deaca88b69,2026-02-25,admin-dev/themes/default/template/controllers/cart_rules/form.js,BO,fo+bo,facile,40866,9.1.x,toggleGiftProduct,1,7,The “Matching products” and “Available combinations” fields do not disappear when the le free gift button is deactivated,Fixed bug for free gift button on cart rules
40692,https://github.com/PrestaShop/PrestaShop/issues/40692,https://github.com/PrestaShop/PrestaShop/pull/40693,73941c319780bfe13af66be293810620d17d3967,e7fa1823fc7d97965b8d447b261629bc28cb45b4,2026-02-25,src/Core/Shop/LogoUploader.php,BO,fo+bo,facile,40693,9.0.x,LogoUploader::update|LogoUploader::updateInMultiShopContext,2,4,"[BO][Multishop] Design > Theme & Logo: when updating the logo in the “All shops” context, only shop ID 1 gets updated","Fix: [BO][Multishop] Design > Theme & Logo: when updating the logo in the “All shops” context, only shop ID 1 gets updated"
40705,https://github.com/PrestaShop/PrestaShop/issues/40705,https://github.com/PrestaShop/PrestaShop/pull/40736,c2ef8114f5b68d602f7578eb02926acaa802e705,b97febb830fd59d28d88655843b5bb44abff7f77,2026-03-04,src/Core/Form/ChoiceProvider/AttributeGroupChoiceProvider.php|src/PrestaShopBundle/Entity/Repository/AttributeGroupRepository.php|src/PrestaShopBundle/Resources/config/services/core/form/choice_provider.yml,BO,bo,difficile,40736,9.0.x,(hors fonction)|AttributeGroupChoiceProvider|AttributeGroupChoiceProvider::__construct|AttributeGroupChoiceProvider::setAttributeGroups|AttributeGroupRepository::findByLangAndShop|(yml),6,40,Error when creating an attribute for a group in “All shops” context with multiple shops,Fix: Error when creating an attribute for a group in “All shops” context with multiple shops
40794,https://github.com/PrestaShop/PrestaShop/issues/40794,https://github.com/PrestaShop/PrestaShop/pull/40795,25fc202427552464057509c5dde759d61c640d02,4e29e43d1b674b851f90e60c01d255b7515e523f,2026-03-17,classes/controller/FrontController.php,BO,fo,facile,40795,9.1.x,FrontControllerCore::init,1,1,Fatal error in hookActionCartSave when switching language and calling Product::getPriceStatic() or Cart::getProducts(),Fix: Fatal error in hookActionCartSave when switching language and calling Product::getPriceStatic() or Cart::getProducts()
40847,https://github.com/PrestaShop/PrestaShop/issues/40847,https://github.com/PrestaShop/PrestaShop/pull/40853,0a20fd59cf95be0176b5957c347ffa89410b40f3,eb978dedc771649cacba9714fe4dc0fae0698a65,2026-03-24,classes/Search.php,FO,fo,facile,40853,9.1.x,SearchCore::find,1,14,Search::find fuzzy search does not escape closest word and breaks SQL when it contains apostrophe,Fix fuzzy search SQL when closest word contains apostrophe (#40847)
37275,https://github.com/PrestaShop/PrestaShop/issues/37275,https://github.com/PrestaShop/PrestaShop/pull/40655,af7e3d912e6678ed109db61387497088f2687b53,0a20fd59cf95be0176b5957c347ffa89410b40f3,2026-03-24,tools/profiling/Tools.php,BO,?,facile,40655,9.1.x,Tools::redirectAdmin,1,17,Cannot save contactform module settings when legacy profiler enabled,Fix saving module settings when legacy profiler enabled
40635,https://github.com/PrestaShop/PrestaShop/issues/40635,https://github.com/PrestaShop/PrestaShop/pull/40651,eb978dedc771649cacba9714fe4dc0fae0698a65,1f375983d77eabf06205b1af5ad746d47d5fa3d8,2026-03-24,classes/Product.php,BO,bo,facile,40651,9.1.x,ProductCore::getProductName,1,2,Bad product name,Return correct product name for attributes
28428,https://github.com/PrestaShop/PrestaShop/issues/28428,https://github.com/PrestaShop/PrestaShop/pull/40964,889059a7b20abfb09799fe71631e05c27550e307,e477337110ca1c8f3b3f779c00857253a97748f7,2026-03-26,admin-dev/themes/new-theme/js/pages/improve/design_positions/positions-list-handler.ts|admin-dev/themes/new-theme/scss/pages/_modules.scss|js/admin/modules-position.js,BO,bo,difficile,40964,9.1.x,(hors fonction)|constructor|(scss)|(hors fonction),4,42,BO-Position- The position of the selection card is not fix when selecting module and scrolling down ,Use sticky positioning for module selection panel in Positions page
29692,https://github.com/PrestaShop/PrestaShop/issues/29692,https://github.com/PrestaShop/PrestaShop/pull/41116,aab14bb8b95cab3640d918d1f4830236d20dfd81,2f8f538f19f48535667e16d88b239733958e0420,2026-04-03,src/PrestaShopBundle/Resources/views/Admin/Common/Grid/Columns/Content/action.html.twig,BO,bo,facile,41116,develop,(twig),1,7,"Grid actions are not aligned well when using ""use_inline_display=true""",Fix: align on the same line inline grid action and regular grid action
40388,https://github.com/PrestaShop/PrestaShop/issues/40388,https://github.com/PrestaShop/PrestaShop/pull/40975,422894ba22fe460191c9cbd9d3afebb24193dcff,3aa6507cbbd5a1bf44bdc294197b218cabbe1bdf,2026-04-08,admin-dev/themes/new-theme/scss/rtl.scss,BO,bo,facile,40975,9.1.x,(scss),1,6,Full RTL 9.0.2,Fix sidebar blanking on RTL
40659,https://github.com/PrestaShop/PrestaShop/issues/40659,https://github.com/PrestaShop/PrestaShop/pull/40971,cfa1d1f270a5fae7658c6358cbe76dc62741acb0,422894ba22fe460191c9cbd9d3afebb24193dcff,2026-04-08,src/Core/Shop/LogoUploader.php,BO,fo+bo,facile,40971,9.1.x,LogoUploader::updateInMultiShopContext,1,4,Uploading logo in Design -> Theme & Logo in multistore with a single shop selected causes TypeError with PHP 8.3,Fix pass shop group ID when setting context in LogoUploader
40067,https://github.com/PrestaShop/PrestaShop/issues/40067,https://github.com/PrestaShop/PrestaShop/pull/40070,6f1d66f828afe29e2d1eea91d703f728c9ca6752,89e88504a9d710844cf34a88829f4f450e3b8f6f,2026-04-13,src/Adapter/Carrier/CommandHandler/EditCarrierHandler.php,BO,bo,facile,40070,9.1.x,(hors fonction)|EditCarrierHandler::__construct|EditCarrierHandler::handle,3,10,actionCarrierUpdate not triggered on migrated carrier page,Fix: actionCarrierUpdate not triggered on migrated carrier page
41239,https://github.com/PrestaShop/PrestaShop/issues/41239,https://github.com/PrestaShop/PrestaShop/pull/41240,b2646288a015c2709ccb3148e7c3cb489bc895c5,befa9db805668fb8d93c82de9e8a2266d3b9855e,2026-04-14,admin-dev/themes/default/template/controllers/login/content.tpl,BO,bo,facile,41240,8.2.x,(tpl),1,2,"BO login, wrong shop name",Fix the shop name in BO login
40855,https://github.com/PrestaShop/PrestaShop/issues/40855,https://github.com/PrestaShop/PrestaShop/pull/41100,89e88504a9d710844cf34a88829f4f450e3b8f6f,d7448eca4562a01e66aa162f135d9352109d7774,2026-04-14,controllers/admin/AdminTranslationsController.php,BO,bo,facile,41100,9.1.x,AdminTranslationsControllerCore::getEmailHTML,1,20,All non core HTML emails are empty,Fix email HTML previews for module emails
41192,https://github.com/PrestaShop/PrestaShop/issues/41192,https://github.com/PrestaShop/PrestaShop/pull/41193,42efa4df2e3c66f952f34d32ce99edbebdff2775,3bca066baf5ad3b8f09c317f7cc0ae30808bb997,2026-04-16,src/PrestaShopBundle/Controller/Api/TranslationController.php,BO,fo+bo,facile,41193,9.1.x,TranslationController::listDomainTranslationAction,1,2,[9.1.0] Child theme translations are not displayed in Back Office translation UI,Fix child theme translation loading in BO translation API
34486,https://github.com/PrestaShop/PrestaShop/issues/34486,https://github.com/PrestaShop/PrestaShop/pull/41356,aa616803bc1a09500177473995269e0f3a1039ef,1dbbf98b6998b256b22c9ec840c1f17aa274c957,2026-05-06,src/Adapter/Product/QueryHandler/SearchProductsHandler.php,BO,bo,facile,41356,develop,(hors fonction)|SearchProductsHandler::handle,2,2,The APIDoc TryItOut for `/api/products/search/{phrase}/{resultsLimit}/{isoCode}` doesn't work - Enpoint Issue,Add CartId into product search handler when employeeId not provided
35690,https://github.com/PrestaShop/PrestaShop/issues/35690,https://github.com/PrestaShop/PrestaShop/pull/41327,6aecd2dd1272d64fef77afdc4a943ef87892d789,c1bb88936642853cabd91aceba26f7d0138c7030,2026-05-06,classes/order/OrderDetail.php,BO,fo+bo,facile,41327,9.1.x,OrderDetailCore::create|OrderDetailCore::createList,2,10,Orders are persisted with the cart totals but the items are less than the cart's items,Throw exception on order detail insert failure during conversion
36058,https://github.com/PrestaShop/PrestaShop/issues/36058,https://github.com/PrestaShop/PrestaShop/pull/41412,c1bb88936642853cabd91aceba26f7d0138c7030,56dd47e0b9b66835f47a33f9cd6dc7bdc604e5e6,2026-05-07,src/Adapter/Email/EmailConfigurationTester.php,BO,bo,facile,41412,9.1.x,EmailConfigurationTester::testConfiguration,1,4,Shop can't send emails from IDN domains,Fix sending test emails from/to idn domains
40492,https://github.com/PrestaShop/PrestaShop/issues/40492,https://github.com/PrestaShop/PrestaShop/pull/41410,56dd47e0b9b66835f47a33f9cd6dc7bdc604e5e6,4c7d9c297b217711bdd6dee77f4c19a633329e43,2026-05-07,controllers/admin/AdminCustomerThreadsController.php,BO,bo?,facile,41410,9.1.x,AdminCustomerThreadsControllerCore::postProcess,1,4,Error using employee email for mail forward_msg,Switch employee email from ps_shop_email when forwarding customer threads to another employee
41149,https://github.com/PrestaShop/PrestaShop/issues/41149,https://github.com/PrestaShop/PrestaShop/pull/41320,d2c36c263ebc7723c41227d9414989504e5047d2,a272d06fd2a0743409cfc9aeb8137c2f3c20226a,2026-05-07,classes/Cart.php|src/PrestaShopBundle/Controller/Admin/Sell/Order/OrderController.php,BO,bo,difficile,41320,9.1.x,CartCore::updateQty|OrderController::addProductAction|OrderController::updateProductAction|OrderController::getProductsListAction,4,24,Unable to delete product from order when product is deleted from catalog.,Fix unable to delete order product when catalog product is deleted
36783,https://github.com/PrestaShop/PrestaShop/issues/36783,https://github.com/PrestaShop/PrestaShop/pull/41319,a272d06fd2a0743409cfc9aeb8137c2f3c20226a,ba29cf3e874db27b8a03ffebc0f9b47cb5aee876,2026-05-07,themes/_core/js/selectors.js,FO,fo,facile,41319,9.1.x,(hors fonction),1,2,Product incorrect update details when call updateProduct,Fix product details overridden when changing attribute in quickview modal
36611,https://github.com/PrestaShop/PrestaShop/issues/36611,https://github.com/PrestaShop/PrestaShop/pull/41316,fcc1a1febc06209215bd2abd8faa106f2daa58d0,52561db94b200455464202f861b813e354a20be5,2026-05-07,classes/form/CustomerAddressForm.php|themes/_core/js/address.js,FO,fo,moyen,41316,9.1.x,CustomerAddressFormCore::validate|handleCountryChange,2,15,Customer saves the address with wrong state if he's quick enough,Fix wrong state saved when country is changed quickly before AJAX completes
41284,https://github.com/PrestaShop/PrestaShop/issues/41284,https://github.com/PrestaShop/PrestaShop/pull/41303,ba29cf3e874db27b8a03ffebc0f9b47cb5aee876,3cc0e598319215f57275438b6151cc94dc100023,2026-05-13,admin-dev/themes/new-theme/js/components/country-state-selection-toggler.ts,BO,bo,facile,41303,9.1.x,(hors fonction),1,2,Address State refers to 1st Alphabetical listed when editing Customer address in Backoffice [REOPEN],Fix address state selection after country states reload
40997,https://github.com/PrestaShop/PrestaShop/issues/40997,https://github.com/PrestaShop/PrestaShop/pull/40999,7a4282e25a5faf9d3c66cd6bf694e67bfbcada9c,3b3711c6553dcd005f46423732978738744871df,2026-05-14,classes/shop/Shop.php,BO,bo,facile,40999,9.1.x,ShopCore::copyShopData,1,5,Multistore - Can't create Shop without import data,Fix/40997 default currency import on shop copy
40093,https://github.com/PrestaShop/PrestaShop/issues/40093,https://github.com/PrestaShop/PrestaShop/pull/40099,3cc0e598319215f57275438b6151cc94dc100023,7a4282e25a5faf9d3c66cd6bf694e67bfbcada9c,2026-05-14,admin-dev/themes/default/template/controllers/cart_rules/conditions.tpl|admin-dev/themes/default/template/controllers/cart_rules/form.js|controllers/admin/AdminCartRulesController.php,BO,fo+bo,difficile,40099,9.1.x,(tpl)|toggleGiftProduct|AdminCartRulesControllerCore::ajaxProcessLoadCartRules|AdminCartRulesControllerCore::afterAdd,4,49,Cart rule combinations lost when saving if lazy-loaded list (jscroll) is not fully loaded,Fix: Cart rule combinations lost when saving if lazy-loaded list (jscroll) is not fully loaded
41017,https://github.com/PrestaShop/PrestaShop/issues/41017,https://github.com/PrestaShop/PrestaShop/pull/41036,b6689411a70377cde2e2b95ca9efc247bc300763,d956291807af07b9d428a1fc15b2a442e7c0c672,2026-05-20,src/Core/ConstraintValidator/CustomerNameValidator.php,BO,bo,facile,41036,9.1.x,CustomerNameValidator::validate,1,4,Error 500 if I enter a space in a customer's first or last name field,Fix: Error 500 if I enter a space in a customer's first or last name field
40896,https://github.com/PrestaShop/PrestaShop/issues/40896,https://github.com/PrestaShop/PrestaShop/pull/40898,d77a97f6d4b4268e049190ebd892a6fc059a5b1b,eb82a271d8691ff8125dd913abcc8a5ce1d4ad1e,2026-05-21,src/Adapter/StockManager.php,BO,bo,moyen,40898,9.1.x,StockManager|StockManager::updatePhysicalProductQuantity|StockManager::updateReservedProductQuantity,3,51,"Bug: reserved_quantity not updated when ""Share available quantities for sale"" is enabled (Multishop)","Fix: Bug: reserved_quantity not updated when ""Share available quantities for sale"" is enabled (Multishop)"
20448,https://github.com/PrestaShop/PrestaShop/issues/20448,https://github.com/PrestaShop/PrestaShop/pull/41524,f2cecd08a3000a2f00e42fdc1377376057ca6b45,b94ba71d12e25fd82b68ca75c412abcb21766d8c,2026-05-22,pdf/invoice.payment-tab.tpl,BO,fo+bo,facile,41524,9.1.x,(tpl),1,4,BO - Order - Invoice / Payment method is not printed on invoice if the order isn't yet paid,"Invoice : If no payments, display the payment method"
41203,https://github.com/PrestaShop/PrestaShop/issues/41203,https://github.com/PrestaShop/PrestaShop/pull/41204,95142ca43d9c8981abf87a99aec3ebe6ffdd0362,abd57a154a60fdd5eea7d141fb59f330bc6a5892,2026-05-23,src/PrestaShopBundle/Resources/config/services/core/util/helper_card.yml,BO,bo,facile,41204,9.1.x,(yml),1,4,Product - Combination - Clic on learn more button redirect to v1.7 documentation,Change the redirection of combination button learn more
29663,https://github.com/PrestaShop/PrestaShop/issues/29663,https://github.com/PrestaShop/PrestaShop/pull/41530,4ae7c8fcd10509f02dcb0c3cede5618b4beae469,fc55c50f472f2b6287e97e76a62ff4aa67c125e1,2026-05-26,src/Adapter/Cart/QueryHandler/GetCartForViewingHandler.php,BO,fo+bo,moyen,41530,9.1.x,GetCartForViewingHandler|GetCartForViewingHandler::__construct|GetCartForViewingHandler::prepareProductForView,3,31,BO - Shopping carts - Custom product image does not appear,"Shopping Carts : For combinations, if no image defined, use the cover  image"
41436,https://github.com/PrestaShop/PrestaShop/issues/41436,https://github.com/PrestaShop/PrestaShop/pull/41457,fc55c50f472f2b6287e97e76a62ff4aa67c125e1,c6d84411167edc234e1fea856eb7eeab401814f8,2026-05-26,classes/pdf/HTMLTemplateInvoice.php,BO,bo,facile,41457,9.1.x,HTMLTemplateInvoiceCore::getFilename,1,8,"The prefix and the invoice number are missing from the name of the invoice PDFs, only the year appears",Enhance invoice filename safety by sanitizing number
37572,https://github.com/PrestaShop/PrestaShop/issues/37572,https://github.com/PrestaShop/PrestaShop/pull/39837,966550c0afc4643206e27deb1582ac592ee243d4,7693541b08cbd5bbbe508a6b3510c54c59e1dbf2,2026-05-26,app/config/admin/services.yml|src/PrestaShopBundle/EventListener/Admin/Context/ShopContextSubscriber.php|tests/Unit/PrestaShopBundle/EventListener/Admin/Context/ShopContextSubscriberTest.php,CO,bo,difficile,39837,9.1.x,(yml)|(hors fonction)|ShopContextSubscriber::__construct|ShopContextSubscriber::getShopConstraintFromRouteAttribute|(hors fonction)|ShopContextSubscriberTest::mockRouter,6,28,Multistore - Send test email doesn't work,Change matching method in ShopContextSubscriber
33429,https://github.com/PrestaShop/PrestaShop/issues/33429,https://github.com/PrestaShop/PrestaShop/pull/34286,42efe272e0a2d35c1c4ae4291714e9597c452936,c61b6eb6f7323bed9ec3ebc73b536d52c1501f0e,2026-05-27,classes/Product.php,WS,http,facile,34286,develop,ProductCore|ProductCore::isNewStatic,2,15,WS : Products - The response of the GET request has not defined the field `new`,Fix field new not displayed on GET from API
34486,https://github.com/PrestaShop/PrestaShop/issues/34486,https://github.com/PrestaShop/PrestaShop/pull/41431,5753c734b42e2cb0fbcde840758edfc1c08fbd77,00a4ccbecd47036e66116487227cfad8368f7968,2026-05-29,src/Adapter/Product/QueryHandler/SearchProductsHandler.php,BO,bo,facile,41431,9.1.x,(hors fonction)|SearchProductsHandler::handle,2,2,The APIDoc TryItOut for `/api/products/search/{phrase}/{resultsLimit}/{isoCode}` doesn't work - Enpoint Issue,Backport #41356 : Add CartId into product search handler when employeeId not provided
41393,https://github.com/PrestaShop/PrestaShop/issues/41393,https://github.com/PrestaShop/PrestaShop/pull/41394,00a4ccbecd47036e66116487227cfad8368f7968,637143d87bfa6525c4b2a912d77ce8876fc27ecf,2026-05-29,src/PrestaShopBundle/Form/Admin/Configure/ShopParameters/TrafficSeo/Meta/MetaSettingsUrlSchemaFormDataProvider.php,BO,bo,facile,41394,9.1.x,MetaSettingsUrlSchemaFormDataProvider::validateData,1,5,"[Multishop] Error when updating ""Schema of URLs"" for a single shop","Fix: [Multishop] Error when updating ""Schema of URLs"" for a single shop"
41292,https://github.com/PrestaShop/PrestaShop/issues/41292,https://github.com/PrestaShop/PrestaShop/pull/41299,d2771d69f4a70ef330473cab2c65736b8b557ee7,5753c734b42e2cb0fbcde840758edfc1c08fbd77,2026-05-29,controllers/front/ProductController.php,FO,fo,moyen,41299,9.1.x,ProductControllerCore|ProductControllerCore::init|ProductControllerCore::initContent|ProductControllerCore::getBreadcrumbLinks,4,13,Invalid product URLs trigger Fatal in ProductController::assignPriceAndTax (PHP 8 / PS 9),Guard product page when product is null
41224,https://github.com/PrestaShop/PrestaShop/issues/41224,https://github.com/PrestaShop/PrestaShop/pull/41225,f69daeaf64cf3543e285750635b58cb36d0de617,d2771d69f4a70ef330473cab2c65736b8b557ee7,2026-05-29,classes/Pack.php|classes/Product.php,CO,fo+bo,moyen,41225,9.1.x,PackCore::getItems|PackCore::getItemTable|ProductCore::getAttributesResume|ProductCore::getAttributeCombinations|ProductCore::getAttributeCombinationsById|ProductCore::getAttributesParams|ProductCore::getAttributesInformationsByProduct,7,22,Attribute swatches on homepage ignore position ordering,Fix attribute and attribute group position ordering in core methods
41580,https://github.com/PrestaShop/PrestaShop/issues/41580,https://github.com/PrestaShop/PrestaShop/pull/41581,fb6e96db1ddc10ba04154c3b54be086b1b1d0143,0d6d40e937857ba9897a07c9b756240077129a68,2026-06-01,src/PrestaShopBundle/Form/Admin/Sell/Product/Pricing/ProductSpecificPricePriorityType.php,BO,bo,facile,41581,develop,ProductSpecificPricePriorityType::buildDefaultPriorityChoiceLabel,1,2,Missing semicolon in ProductSpecificPricePriorityType label,Add missing semicolon
41091,https://github.com/PrestaShop/PrestaShop/issues/41091,https://github.com/PrestaShop/PrestaShop/pull/41564,2dd04e547fa94fe943922955bcb7015045e6b2c5,0d697fb7cb2569d2ff1e6ada9e88326d6bb56cb5,2026-06-01,admin-dev/themes/new-theme/js/pages/discount/form/index.ts|src/PrestaShopBundle/Form/Admin/Sell/Discount/DiscountPeriodType.php,BO,bo,difficile,41564,develop,(hors fonction)|(hors fonction)|DiscountPeriodType::buildForm,3,18,[Discount V2] set a period that does not expire but with a previous date specified,Fix Discount V2 end date validation when period never expires is checked
41610,https://github.com/PrestaShop/PrestaShop/issues/41610,https://github.com/PrestaShop/PrestaShop/pull/41611,d9e6cac77ba4b23303336741d2933556c11f401e,a49f3c56d5fd62ae1c6e5eeaea9cf5d19c0d787e,2026-06-04,classes/CartRule.php,BO,fo+bo,facile,41611,9.1.x,CartRuleCore::getAssociatedRestrictions,1,1,Cart rule compatibility search does not filter results for new cart rules,Cart rule compatibility search does not filter results for new cart rule
41005,https://github.com/PrestaShop/PrestaShop/issues/41005,https://github.com/PrestaShop/PrestaShop/pull/41007,5da76f51c92ad761823208357a0b52721a320d08,d9e6cac77ba4b23303336741d2933556c11f401e,2026-06-04,src/Core/Grid/Query/CountryQueryBuilder.php,BO,bo,facile,41007,9.1.x,CountryQueryBuilder::getSearchQueryBuilder|CountryQueryBuilder::getQueryBuilder,2,4,CountryQueryBuilder::getCountQueryBuilder() always returns 1 instead of the true total,Fix: CountryQueryBuilder::getCountQueryBuilder() always returns 1 instead of the true total
41629,https://github.com/PrestaShop/PrestaShop/issues/41629,https://github.com/PrestaShop/PrestaShop/pull/41651,32d5ad415a60c0fa7aba1d9a4b0f836c66373b06,7222afdb17e992071c097e1c728eeef7ead84918,2026-06-08,src/PrestaShopBundle/Controller/Admin/Improve/Design/MailThemeController.php,BO,fo+bo,facile,41651,develop,(hors fonction)|MailThemeController::translateBodyAction,2,11,"FF ""Email body translations"" : Can't translate email string",Fix bad redirection for email body translations
41615,https://github.com/PrestaShop/PrestaShop/issues/41615,https://github.com/PrestaShop/PrestaShop/pull/41617,641f8d29a5ac6fc90c39ec7a6511a5465605d915,3e7760a5761e513926d3b5669cc0c4dfe838494c,2026-06-08,admin-dev/themes/new-theme/js/pages/country/index.ts|src/PrestaShopBundle/Controller/Admin/Improve/International/CountryController.php,BO,bo,difficile,41617,develop,(hors fonction)|(hors fonction)|CountryController::toggleStatusAction,3,24,Countries grid list not updated after toggling status when filters are active,Fix countries grid not refreshing after toggle when filters are active
41197,https://github.com/PrestaShop/PrestaShop/issues/41197,https://github.com/PrestaShop/PrestaShop/pull/41573,a7c3d656ff7a056d676ee30016b3a3cefad61904,68d1e873234c85ff75c706861bfabfeb3f6ff089,2026-06-08,src/Core/Form/IdentifiableObject/DataHandler/DiscountFormDataHandler.php|src/Core/Form/IdentifiableObject/DataProvider/DiscountFormDataProvider.php|src/PrestaShopBundle/Form/Admin/Sell/Discount/DiscountInformationType.php,BO,bo,moyen,41573,9.1.x,DiscountFormDataHandler::fillCommandFromData|DiscountFormDataProvider::getDefaultData|DiscountFormDataProvider::getData|DiscountInformationType::buildForm,4,16,The Discount highlight feature no longer exists on Discount V2.,Fix highlight option missing in Discount V2 form
40101,https://github.com/PrestaShop/PrestaShop/issues/40101,https://github.com/PrestaShop/PrestaShop/pull/41626,65331d3df5e573ce2d2f0a6d9b7d43b32594b29e,c489f1b7f34e073e4a1689c738dd47f274ab1366,2026-06-11,classes/ObjectModel.php|tests/Integration/Behaviour/Features/Scenario/Discount/BO/add_cart_level_discount.feature|tests/Integration/Behaviour/Features/Scenario/Discount/BO/add_discount_with_single_customer_eligibility.feature,CO,fo+bo,difficile,41626,9.1.x,ObjectModelCore::formatFields|(feature)|(feature),3,18,Discount - Promo code - Promo code is blank when you're set on another languages,Fix multilang fallback for fields using isRequiredWhenActive and defaultLanguageRequiredWhenActive validators
41619,https://github.com/PrestaShop/PrestaShop/issues/41619,https://github.com/PrestaShop/PrestaShop/pull/41620,e7c5ccca6042625ba17b6b15ec1224e33681232c,e5fb0676d031a705bc490aa3f64386814f7b85c0,2026-06-15,admin-dev/themes/new-theme/js/pages/state/index.ts|src/PrestaShopBundle/Controller/Admin/Improve/International/StateController.php,BO,bo,difficile,41620,develop,constructor|StateController::createAction|StateController::toggleStatusAction,3,25,States grid list not updated after toggling status when filters are active,Fix states grid not refreshing after toggle when filters are active
41721,https://github.com/PrestaShop/PrestaShop/issues/41721,https://github.com/PrestaShop/PrestaShop/pull/41732,be87d8e950234236e711797ae7c8856af0a142ca,0b88d8ee89df341c7c89eae766fb2bdea6a8bc78,2026-06-16,src/Core/Form/IdentifiableObject/DataProvider/CountryFormDataProvider.php,BO,bo,facile,41732,develop,(hors fonction)|CountryFormDataProvider::getDefaultData,2,2,"[FF Country] When I create a new country, the default address format is not filled",Fill default address format when creating a country (FF Country)
41734,https://github.com/PrestaShop/PrestaShop/issues/41734,https://github.com/PrestaShop/PrestaShop/pull/41735,ff36aeea6c276317c7bf04a96f7a9b447b92104d,bcf8a01ceec6d67871efdaa8e6d3d998affbe49f,2026-06-18,src/Core/Grid/Query/FeatureQueryBuilder.php|src/Core/Grid/Query/FeatureValueQueryBuilder.php,BO,bo,facile,41735,9.1.x,FeatureQueryBuilder::getSearchQueryBuilder|FeatureValueQueryBuilder::getQueryBuilder,2,3,In Prestashop 9.1 The custom features are listed in the default features list.,Fix feature values grid to exclude custom values
41673,https://github.com/PrestaShop/PrestaShop/issues/41673,https://github.com/PrestaShop/PrestaShop/pull/41727,458f1093673f340a02c2de12a3dacd4b4469aff2,24ee4012464274bd208df9a451078328abdf14bb,2026-06-22,src/PrestaShopBundle/DependencyInjection/PrestaShopExtension.php,BO,bo,facile,41727,9.1.x,(hors fonction)|PrestaShopExtension::preprendApiConfig,2,11,"Module Development and Distribution: Prestashop deletes automatically src/Entity/index.php, but it does not recursively in subfolders","Fix: Module Development and Distribution: Prestashop deletes automatically src/Entity/index.php, but it does not recursively in subfolders"
41669,https://github.com/PrestaShop/PrestaShop/issues/41669,https://github.com/PrestaShop/PrestaShop/pull/41675,24ee4012464274bd208df9a451078328abdf14bb,13c69d5c48f50f4bdca8dadeff0ddc85f3b6249f,2026-06-22,src/PrestaShopBundle/Utils/HTMLPurifier.php,BO,bo,facile,41675,9.1.x,(hors fonction)|HTMLPurifier::__construct,2,15,HTMLPurifier through twig extension is not adhering to cache dir config,Fix: HTMLPurifier through twig extension is not adhering to cache dir config
41553,https://github.com/PrestaShop/PrestaShop/issues/41553,https://github.com/PrestaShop/PrestaShop/pull/41570,13c69d5c48f50f4bdca8dadeff0ddc85f3b6249f,8f70fc2ea9c567fc81fee070e8d66c5d03dc4fa4,2026-06-22,src/Core/Search/Filters/FeatureFilters.php,BO,bo,facile,41570,9.1.x,FeatureFilters::getDefaults,1,2,missing column to change the position of the features on prestashop 9.1.3,Use position as default sorting for feature grid
41730,https://github.com/PrestaShop/PrestaShop/issues/41730,https://github.com/PrestaShop/PrestaShop/pull/41736,0233976fc43e31c96fc5e086f13896353b39fd2e,62b27b9819e4fea8bef08ccfed63ba7976c0f8cf,2026-06-24,admin-dev/themes/new-theme/js/pages/product/edit/manager/feature-values-manager.ts,BO,fo+bo,facile,41736,9.1.x,constructor,1,27,BIG BUG In prestashop 9.1 you can't use features in the product page if there isn't at least one value,Fix custom feature value selection when no predefined values exist
40376,https://github.com/PrestaShop/PrestaShop/issues/40376,https://github.com/PrestaShop/PrestaShop/pull/41708,62b27b9819e4fea8bef08ccfed63ba7976c0f8cf,70d0fd7cf7b51279ff631ca6ea90c4162b02c1a7,2026-06-24,classes/Carrier.php,CO,?,facile,41708,9.1.x,CarrierCore::getDeliveredCountries,1,2,Carrier::getDeliveredCountries() uses wrong states ID resulting in wrong countries list,Fix states lookup using row indexes instead of country IDs
36780,https://github.com/PrestaShop/PrestaShop/issues/36780,https://github.com/PrestaShop/PrestaShop/pull/36781,adce149628640b7603b8978149b98797fcd08fe1,bb6214ab833fdd49286d80393f6e8a4b003564a4,2026-06-24,classes/Category.php,CO,?,facile,36781,develop,CategoryCore::add|CategoryCore::update,2,10,Category shop association,Fix category shop association
41921,https://github.com/PrestaShop/PrestaShop/issues/41921,https://github.com/PrestaShop/PrestaShop/pull/41923,9261b55394c0c10fb087f994d2614ffe38179de3,8cf7fb315da08437e4fb1960c008effa2f579939,2026-07-02,src/Adapter/Product/Combination/Repository/CombinationRepository.php,BO,bo,moyen,41923,9.1.x,(hors fonction)|CombinationRepository|CombinationRepository::searchProductCombinations,3,24,Not able to change stock behaviour in shared stock,Changing stock behaviour not working with multistore.
41143,https://github.com/PrestaShop/PrestaShop/issues/41143,https://github.com/PrestaShop/PrestaShop/pull/41130,659d84b173f4f5d89d96d390d980c1f326e4c94c,9261b55394c0c10fb087f994d2614ffe38179de3,2026-07-02,src/Adapter/Domain/AbstractObjectModelHandler.php,CO,bo,facile,41130,9.1.x,AbstractObjectModelHandler::associateWithShops,1,6,"When the Admin API is used with multistore enabled, any write operation on an entity which use legacy `associateWithShops` (e.g. Zones, CmsPage) throws a fatal 500 error",Fix: guard against null employee in associateWithShops()
42002,https://github.com/PrestaShop/PrestaShop/issues/42002,https://github.com/PrestaShop/PrestaShop/pull/42004,ac4cc776d139a0f39f36ef7f04c43f4f3ae63d29,77a23f7491a9c34a28d1961f4bca09608443d787,2026-07-11,src/Core/Util/String/StringModifier.php,BO,bo,facile,42004,9.1.x,StringModifier::cutEnd,1,7,"Duplicating with DuplicateProductCommand: Invalid Product localized property ""name"" for language with id ""1""",Fix UTF-8 string truncation in StringModifier::cutEnd()
29009,https://github.com/PrestaShop/PrestaShop/issues/29009,https://github.com/PrestaShop/PrestaShop/pull/41665,4aede2b6e8c2ccddabb4e7895ae3f1194e546bd6,ac4cc776d139a0f39f36ef7f04c43f4f3ae63d29,2026-07-11,src/Adapter/Order/QueryHandler/GetOrderProductsForViewingHandler.php,BO,fo+bo,facile,41665,9.1.x,GetOrderProductsForViewingHandler::handle,1,2,B O - Order view page - The Invoice prefix is displayed in the customer language instead of the employee language,Display invoice prefix in employee language on order view page
40244,https://github.com/PrestaShop/PrestaShop/issues/40244,https://github.com/PrestaShop/PrestaShop/pull/41840,669f5dc27fd1d34b35248e743cd86fceb5ca1b04,13cf7196cda61418b8d786c971aa8a4fdcb0dd98,2026-07-18,classes/Search.php|tests/Integration/Classes/SearchTest.php,CO,?,difficile,41840,9.1.x,SearchCore|SearchCore::sanitize|SearchTest::providerSearchString,3,28,Issue with search indexing after HTML stripping (concatenated words and indexing error),Keep word separation when stripping HTML for the search index
41927,https://github.com/PrestaShop/PrestaShop/issues/41927,https://github.com/PrestaShop/PrestaShop/pull/41929,25098f017893d5ac94215b03abf8f90f99e217e0,9af6c9bf12e437ca35574cd277c75fe3018f35b5,2026-07-22,src/PrestaShopBundle/Form/Admin/Sell/Product/Pricing/CatalogPriceRulesType.php,BO,bo,moyen,41929,9.1.x,(hors fonction)|CatalogPriceRulesType|CatalogPriceRulesType::__construct|CatalogPriceRulesType::configureOptions,4,59,Cannot edit a product when the experimental Catalog price rules feature is enabled,Fix catalog price rule links when feature flag is enabled
41593,https://github.com/PrestaShop/PrestaShop/issues/41593,https://github.com/PrestaShop/PrestaShop/pull/41652,a14dba78b64ffe6f1bcaf5920359e6b3d0fb1b3a,303e20480bde68135db9e9a191e4ab17624e82e2,2026-07-22,src/Adapter/Combination.php|src/Core/Stock/StockManager.php,BO,bo,moyen,41652,9.1.x,(nouveau fichier)|StockManager::prepareMovement,2,33,"Changing an order's status throws ""Duplicate entry '<idp>-<idpa>-0-0' for product_sqlstock"" when the order contains a deleted combination (single-shop)","Fix:  Changing an order's status throws ""Duplicate entry '<idp>-<idpa>-0-0' for product_sqlstock"" when the order contains a deleted combination (single-shop)"
41467,https://github.com/PrestaShop/PrestaShop/issues/41467,https://github.com/PrestaShop/PrestaShop/pull/41468,303e20480bde68135db9e9a191e4ab17624e82e2,373c963d4dc95a5065d4bbccd7f87368a12adb00,2026-07-22,src/Adapter/Product/Update/ProductTypeUpdater.php,BO,fo+bo,facile,41468,9.1.x,ProductTypeUpdater::updateType,1,2,Multishop: cache_default_attribute is not reset for all shops when changing a product with combinations to a standard product,Fix: Multishop: cache_default_attribute is not reset for all shops when changing a product with combinations to a standard product
28519,https://github.com/PrestaShop/PrestaShop/issues/28519,https://github.com/PrestaShop/PrestaShop/pull/42203,85235406eac446458aab14f605a59db7810a06d0,1e3da047d35bd1076e7904f4509e5e23bf919435,2026-07-31,admin-dev/themes/new-theme/js/components/grid/extension/choice-extension.ts,BO,bo,moyen,42203,9.1.x,constructor,1,33,"Problem to change the order status from the order list, when there are few orders",Let a grid status menu show past the scrolling table
42243,https://github.com/PrestaShop/PrestaShop/issues/42243,https://github.com/PrestaShop/PrestaShop/pull/42245,c525d357dd3be7933ae6c2cf46fca62b96f497cf,3face08ffbc6ac7a3b72ffa2ebdbe1a3aaf6eeda,2026-08-20,src/Core/Grid/Query/TaxRulesGroupQueryBuilder.php|tests/Unit/Core/Grid/Query/TaxRulesGroupQueryBuilderTest.php,BO,bo,moyen,42245,9.2.x,TaxRulesGroupQueryBuilder::getSearchQueryBuilder|TaxRulesGroupQueryBuilderTest::dataProviderQueryBuilder,2,9,Duplicated Tax rule groups in all-shops context,Fix tax rule groups grid duplicates in multistore context
42370,https://github.com/PrestaShop/PrestaShop/issues/42370,https://github.com/PrestaShop/PrestaShop/pull/42374,8157bcddd826fc42d92e7e5ea64a89fdac92a3c7,50a6fa97200ad05164568d1fd6643d173b648afb,2026-08-21,classes/PaymentModule.php,BO,fo+bo,facile,42374,9.2.x,PaymentModuleCore::validateOrder,1,2,"Order confirmation email ignores the order state's ""Attach invoice PDF to email"" checkbox setting","Order confirmation email ignores the order state's ""Attach invoice PDF to email"" setting"
42395,https://github.com/PrestaShop/PrestaShop/issues/42395,https://github.com/PrestaShop/PrestaShop/pull/42396,3706cabb86afae46520a37a7c982bf916b033e89,904f1c699b0ebac97e7cc9f8947ed27ca193135b,2026-08-22,classes/controller/FrontController.php,FO,fo,moyen,42396,9.2.x,FrontControllerCore::assignGeneralPurposeVariables,1,43,`actionFrontControllerSetVariablesBefore` variables are overwritten in `FrontController::assignGeneralPurposeVariables()`,Fix #42395: Prevent template variables from being overwritten
42079,https://github.com/PrestaShop/PrestaShop/issues/42079,https://github.com/PrestaShop/PrestaShop/pull/42123,8f5f7758631cb01850da1d1b7f923c43d4c9638a,3706cabb86afae46520a37a7c982bf916b033e89,2026-08-22,classes/Pack.php,CO,fo+bo,facile,42123,9.2.x,PackCore::getQuantity,1,3,"Pack stock type ""Decrement pack only"" is ignored by Pack::getQuantity() - empty() treats STOCK_TYPE_PACK_ONLY (0) as ""Default""",Fix Pack::getQuantity ignoring 'Decrement pack only' stock type
36794,https://github.com/PrestaShop/PrestaShop/issues/36794,https://github.com/PrestaShop/PrestaShop/pull/39016,d55f75acc4649436a9a373efba6e446b5eb70d7d,c4d605a2903c5af5e4f052ce524f4253cf77ae52,2026-08-24,classes/CMSCategory.php|classes/Category.php,FO,fo,difficile,39016,develop,CMSCategoryCore::getLinkRewrite|CMSCategoryCore::getLink|CMSCategoryCore::getName|CategoryCore::checkBeforeMove|CategoryCore::getLinkRewrite,5,55,Category link cache doesn't take shopId as a parameter,Add idShop cache value for getLinkRewrite Category and Category CMS
35112,https://github.com/PrestaShop/PrestaShop/issues/35112,https://github.com/PrestaShop/PrestaShop/pull/40240,73dc75303b79c14bd2f8109979b453df1f18beba,add05b17cb8534e043fcff488e5bbab2b239321b,2026-08-25,themes/.htaccess,FO,fo,facile,40240,develop,(htaccess),1,4,[Fix] Missing webmanifest extension in the file /themes/.htaccess,"Add ""webmanifest"" to themes/.htaccess allowed types"
41609,https://github.com/PrestaShop/PrestaShop/issues/41609,https://github.com/PrestaShop/PrestaShop/pull/41622,b43079b1d99ddd3d3691b78a29cb15dfe332e860,b8a605dc90d38d6766541ad01a7c3fb0a12ad242,2026-08-27,src/Core/Hook/RenderedHook.php|tests/Unit/Core/Hook/RenderedHookTest.php,BO,bo,difficile,41622,develop,RenderedHook::outputContent|RenderedHookTest::testOutputContent,2,46,Array to string conversion in RenderedHook::outputContent() when legacy modules return hook content,"Fix ""Array to string conversion"" in RenderedHook::outputContent()"
40643,https://github.com/PrestaShop/PrestaShop/issues/40643,https://github.com/PrestaShop/PrestaShop/pull/40644,3b4cdbb150f4b284184e5497202ed21ea1970c31,d7edbc4be74f05be463f94317d6bb34fda8c96df,2026-08-31,classes/Category.php,CO,?,facile,40644,develop,CategoryCore::searchByPath|CategoryCore::getParentsCategories,2,4,Category::searchByPath loses parent context after creating missing segment,Fix Category::searchByPath losing context during recursion
42399,https://github.com/PrestaShop/PrestaShop/issues/42399,https://github.com/PrestaShop/PrestaShop/pull/42400,e4be82aa31b67227e9d0fc01069fd08af85996ac,7e1c5485df88c770364b49ceb6e99e6f85b09bd0,2026-09-01,src/Core/Grid/Query/CartQueryBuilder.php,BO,fo+bo,facile,42400,9.2.x,CartQueryBuilder::getQueryBuilder,1,2,bug to cart page into backoffice,Fix Carts page performance regression on connections query
42599,https://github.com/PrestaShop/PrestaShop/issues/42599,https://github.com/PrestaShop/PrestaShop/pull/42600,7365d50cb5514d03ba0d3318356f5061ad8d0608,0474941fa2f05bfe10a71f4371f20fe2e5d3d5f0,2026-09-05,src/Core/Domain/Product/Supplier/Command/SetSuppliersCommand.php|tests/Unit/Core/Domain/Product/Supplier/Command/SetSuppliersCommandTest.php,BO,bo,moyen,42600,9.2.x,SetSuppliersCommand::setSupplierIds|(nouveau fichier),2,28,TypeError when saving a product with a supplier ID returned as string,Fix supplier ID type in SetSuppliersCommand
40334,https://github.com/PrestaShop/PrestaShop/issues/40334,https://github.com/PrestaShop/PrestaShop/pull/41645,b046e3ca119e52c48911ce6973cc24daf527bc2e,18bb6df6cf1b05cbf221b6f1b8cded8fa37240ce,2026-09-07,classes/order/Order.php,WS,http,facile,41645,develop,OrderCore|OrderCore::getWsOrderRows,2,2,MPN field missing in API order rows,Add MPN field to Webservice in Order.php
33521,https://github.com/PrestaShop/PrestaShop/issues/33521,https://github.com/PrestaShop/PrestaShop/pull/42768,b98b03d431675292cd9ea1a890adc5d571b0d452,356f4854ef43895a8218d3b046c298061919579e,2026-09-09,admin-dev/themes/new-theme/js/pages/translation-settings/FormFieldToggle.ts|admin-dev/themes/new-theme/js/pages/translation-settings/TranslationSettingsMap.ts|src/PrestaShopBundle/Form/Admin/Improve/International/Translations/ModifyTranslationsType.php,BO,fo+bo,difficile,42768,9.2.x,constructor|(hors fonction)|(hors fonction)|ModifyTranslationsType::buildForm,4,21,BO - Translation for hummunigbird theme is undefined,Fix the theme selector in the Translations page
41574,https://github.com/PrestaShop/PrestaShop/issues/41574,https://github.com/PrestaShop/PrestaShop/pull/42160,756c1ce2c3859bc81a589d253f15413946f2eb8d,1bd9fa4c54d0e7d231583853f36e672cf2218b4c,2026-09-17,classes/ImageManager.php|classes/webservice/WebserviceSpecificManagementImages.php|controllers/front/GetFileController.php,CO,fo?,moyen,42160,9.2.x,ImageManagerCore::getMimeType|WebserviceSpecificManagementImagesCore::writePostedImageOnDisk|GetFileControllerCore::getMimeType,3,6,"Attempted to call function ""escapeshellarg"" from namespace ""Symfony\Component\HttpClient\DataCollector"".",Check escapeshellarg before shelling out to detect a mime type
38786,https://github.com/PrestaShop/PrestaShop/issues/38786,https://github.com/PrestaShop/PrestaShop/pull/41872,74d1b1f2f6e2f77c4d4b803c24fd962d410dfe25,69a36420d567150db77fad56e75aa1f9441b59ca,2026-09-22,src/Core/Form/IdentifiableObject/DataFormatter/BulkCombinationFormDataFormatter.php|tests/Unit/Core/Form/IdentifiableObject/DataFormatter/BulkCombinationFormDataFormatterTest.php,BO,fo+bo,moyen,41872,9.2.x,BulkCombinationFormDataFormatter::format|BulkCombinationFormDataFormatterTest::getDataToFormat,2,14,Product combination field unit_price_impact can't be update,Fix bulk combination edit not saving the unit price impact
39468,https://github.com/PrestaShop/PrestaShop/issues/39468,https://github.com/PrestaShop/PrestaShop/pull/41848,d0816cb793af01ee0403c31fe94e35dc16990167,5901e59529447b74a3b96d0077dc9718bc4aa810,2026-09-22,src/PrestaShopBundle/EventListener/Admin/Context/ShopContextSubscriber.php|tests/Unit/PrestaShopBundle/EventListener/Admin/Context/ShopContextSubscriberTest.php,BO,bo,difficile,41848,9.2.x,ShopContextSubscriber::getShopConstraintFromRouteAttribute|ShopContextSubscriberTest::testLegacyControllerForceMultiShop,2,55,API documentation fails to load when multistore is enabled,Don't fatal on invokable controllers when resolving multishop context
31351,https://github.com/PrestaShop/PrestaShop/issues/31351,https://github.com/PrestaShop/PrestaShop/pull/41867,5901e59529447b74a3b96d0077dc9718bc4aa810,43a92c9a5330e2626575b427c274b7d472fa3281,2026-09-23,controllers/admin/AdminTaxRulesGroupController.php|tests/Integration/Classes/AdminTaxRulesGroupBulkDeleteTest.php,BO,bo,difficile,41867,9.2.x,AdminTaxRulesGroupControllerCore::processBulkDeleteTaxRules|(nouveau fichier),2,54,BO - Tax rules - Exception thrown when trying to delete a country linked to the tax rule,Fix TypeError on tax rules bulk delete when no rule is selected
41271,https://github.com/PrestaShop/PrestaShop/issues/41271,https://github.com/PrestaShop/PrestaShop/pull/42164,bfc6d0cfdefbff0ebb2760b1579da2bf684c2344,b7e68aad1d8811fdae5c239a56d10c6c968bc00c,2026-09-24,src/PrestaShopBundle/Twig/RawPurifiedExtension.php|tests/Unit/PrestaShopBundle/Twig/RawPurifiedExtensionTest.php,BO,bo,difficile,42164,9.2.x,RawPurifiedExtension::rawPurifier|(nouveau fichier),2,56,Error: RawPurifiedExtension::rawPurifier(),Let the raw_purified filter render a null value
